{"type":"FeatureCollection","features":[{"type":"Feature","properties":{"name":"丁酉橋","base":"丁酉橋","section":null,"tier":"hard","length_m":35,"district":"香山區"},"geometry":{"type":"MultiLineString","coordinates":[[[120.92165,24.8109],[120.92172,24.81059]]]}},{"type":"Feature","properties":{"name":"三姓橋路（香山區2）","base":"三姓橋路（香山區2）","section":null,"tier":"hard","length_m":488,"district":"香山區"},"geometry":{"type":"MultiLineString","coordinates":[[[120.93143,24.78479],[120.93138,24.78493],[120.93133,24.78506],[120.93124,24.7852],[120.93116,24.7853],[120.93107,24.7854],[120.93096,24.78549],[120.93017,24.78611],[120.92988,24.78651],[120.92982,24.7866],[120.92953,24.78708],[120.92928,24.78753],[120.92913,24.78782],[120.92909,24.78802],[120.92912,24.78825],[120.92922,24.78845]]]}},{"type":"Feature","properties":{"name":"三姓橋路（香山區3）","base":"三姓橋路（香山區3）","section":null,"tier":"medium","length_m":127,"district":"香山區"},"geometry":{"type":"MultiLineString","coordinates":[[[120.93222,24.78151],[120.93256,24.78119],[120.9326,24.78116],[120.93264,24.78112],[120.93311,24.7807]]]}},{"type":"Feature","properties":{"name":"三姓橋路（香山區4）","base":"三姓橋路（香山區4）","section":null,"tier":"medium","length_m":784,"district":"香山區"},"geometry":{"type":"MultiLineString","coordinates":[[[120.93336,24.78047],[120.9339,24.77996],[120.93444,24.77958],[120.93502,24.77928],[120.93546,24.77901],[120.93577,24.77873],[120.93593,24.77855],[120.93599,24.77849],[120.93621,24.77829],[120.93643,24.77813],[120.93668,24.778],[120.93695,24.77791],[120.9374,24.77781],[120.9379,24.77776],[120.93822,24.77772],[120.93853,24.77769],[120.93865,24.77767],[120.93893,24.77767],[120.93914,24.77773],[120.93929,24.77783],[120.93939,24.77795],[120.93963,24.77829],[120.9397,24.77839]]]}},{"type":"Feature","properties":{"name":"三姓橋路（香山區）","base":"三姓橋路（香山區）","section":null,"tier":"medium","length_m":353,"district":"香山區"},"geometry":{"type":"MultiLineString","coordinates":[[[120.93143,24.78435],[120.93145,24.78442],[120.93146,24.78445],[120.93146,24.78457]],[[120.93143,24.78435],[120.93139,24.78429],[120.93136,24.78423],[120.9313,24.78393],[120.93127,24.78352],[120.93131,24.78314],[120.93141,24.78274],[120.93156,24.78236],[120.93178,24.78199],[120.93207,24.78164],[120.9321,24.7816]]]}},{"type":"Feature","properties":{"name":"三姓橋（香山區2）","base":"三姓橋（香山區2）","section":null,"tier":"easy","length_m":59,"district":"香山區"},"geometry":{"type":"MultiLineString","coordinates":[[[120.92917,24.78854],[120.92872,24.78837],[120.92863,24.78834]]]}},{"type":"Feature","properties":{"name":"三姓橋（香山區）","base":"三姓橋（香山區）","section":null,"tier":"easy","length_m":62,"district":"香山區"},"geometry":{"type":"MultiLineString","coordinates":[[[120.92866,24.78823],[120.92875,24.78827],[120.92922,24.78845]]]}},{"type":"Feature","properties":{"name":"三姓溪橋","base":"三姓溪橋","section":null,"tier":"hard","length_m":25,"district":"香山區"},"geometry":{"type":"MultiLineString","coordinates":[[[120.93146,24.78457],[120.93143,24.78477],[120.93143,24.78479]]]}},{"type":"Feature","properties":{"name":"三民路（東區2）","base":"三民路（東區2）","section":null,"tier":"hard","length_m":795,"district":"東區"},"geometry":{"type":"MultiLineString","coordinates":[[[120.97966,24.81071],[120.97959,24.81067],[120.97896,24.81029],[120.97835,24.80988],[120.97778,24.80949],[120.97774,24.80946],[120.97763,24.80938],[120.97753,24.80932],[120.9775,24.8093],[120.97718,24.80921],[120.97668,24.80905],[120.97652,24.809],[120.97568,24.80871],[120.97543,24.80862],[120.97487,24.80842],[120.97482,24.8084],[120.97476,24.80838],[120.97437,24.80824],[120.9743,24.80821],[120.97378,24.80791],[120.97371,24.80787],[120.97327,24.80763],[120.9729,24.80743],[120.97278,24.80734]]]}},{"type":"Feature","properties":{"name":"三民路（東區）","base":"三民路（東區）","section":null,"tier":"hard","length_m":796,"district":"東區"},"geometry":{"type":"MultiLineString","coordinates":[[[120.97295,24.8071],[120.97309,24.80718],[120.97315,24.80722],[120.97408,24.80776],[120.97446,24.808],[120.97495,24.80815],[120.975,24.80817],[120.97505,24.80818],[120.9759,24.80848],[120.97682,24.8088],[120.97738,24.80899],[120.97765,24.80912],[120.97777,24.80919],[120.97795,24.80928],[120.97807,24.80936],[120.97835,24.80953],[120.97839,24.80956],[120.9785,24.80964],[120.97875,24.8098],[120.97884,24.80987],[120.97887,24.80989],[120.97927,24.8101],[120.97934,24.81015],[120.97967,24.81033],[120.97977,24.81038],[120.97987,24.81044]]]}},{"type":"Feature","properties":{"name":"世傑路","base":"世傑路","section":null,"tier":"hard","length_m":333,"district":"東區"},"geometry":{"type":"MultiLineString","coordinates":[[[121.00909,24.7912],[121.00905,24.79115],[121.00869,24.79069],[121.00858,24.79055],[121.00853,24.79058],[121.00839,24.79068],[121.00826,24.79078]],[[121.0102,24.79272],[121.01016,24.79267],[121.00962,24.79195],[121.00959,24.7919],[121.00956,24.79186],[121.00913,24.79126],[121.00909,24.7912]]]}},{"type":"Feature","properties":{"name":"世界街（北區）","base":"世界街（北區）","section":null,"tier":"hard","length_m":175,"district":"北區"},"geometry":{"type":"MultiLineString","coordinates":[[[120.96775,24.80769],[120.96782,24.80774],[120.96857,24.80824],[120.9688,24.80839],[120.96884,24.80842]],[[120.96884,24.80842],[120.96889,24.80845]],[[120.96889,24.80845],[120.96909,24.80858],[120.96915,24.80862]]]}},{"type":"Feature","properties":{"name":"世界街（東區2）","base":"世界街（東區2）","section":null,"tier":"hard","length_m":180,"district":"東區"},"geometry":{"type":"MultiLineString","coordinates":[[[120.96928,24.8087],[120.96938,24.80876],[120.96988,24.80909],[120.9707,24.80961],[120.97073,24.80964]]]}},{"type":"Feature","properties":{"name":"世界街（東區）","base":"世界街（東區）","section":null,"tier":"hard","length_m":224,"district":"東區"},"geometry":{"type":"MultiLineString","coordinates":[[[120.97098,24.80981],[120.97101,24.80983],[120.97107,24.80987],[120.97182,24.81032],[120.9727,24.81091],[120.97279,24.81097]]]}},{"type":"Feature","properties":{"name":"中光路","base":"中光路","section":null,"tier":"hard","length_m":224,"district":"北區"},"geometry":{"type":"MultiLineString","coordinates":[[[120.93435,24.83996],[120.93466,24.84043],[120.93491,24.84081],[120.93516,24.84117],[120.9355,24.84168]]]}},{"type":"Feature","properties":{"name":"中和路","base":"中和路","section":null,"tier":"hard","length_m":423,"district":"北區"},"geometry":{"type":"MultiLineString","coordinates":[[[120.95449,24.80215],[120.9546,24.80211]],[[120.9546,24.80211],[120.955,24.80197],[120.95531,24.80186],[120.95535,24.80185],[120.95574,24.80174],[120.95585,24.80171],[120.95601,24.80166],[120.95633,24.80142],[120.95658,24.80125],[120.95673,24.80114],[120.95688,24.80103],[120.95752,24.80059],[120.95805,24.80023]]]}},{"type":"Feature","properties":{"name":"中央路162巷","base":"中央路162巷","section":null,"tier":"hard","length_m":79,"lane":true,"district":"東區"},"geometry":{"type":"MultiLineString","coordinates":[[[120.97371,24.80787],[120.97367,24.80791],[120.97326,24.80845]]]}},{"type":"Feature","properties":{"name":"中央路245巷","base":"中央路245巷","section":null,"tier":"hard","length_m":452,"lane":true,"district":"東區"},"geometry":{"type":"MultiLineString","coordinates":[[[120.97665,24.80959],[120.97646,24.8099],[120.97629,24.81018],[120.97614,24.8104],[120.97563,24.81114],[120.9756,24.81117],[120.97555,24.81118],[120.97549,24.81118],[120.97544,24.81116],[120.97522,24.81103],[120.97485,24.81079],[120.97456,24.81062],[120.97437,24.81053],[120.97419,24.81045],[120.97363,24.81009],[120.97354,24.81003]]]}},{"type":"Feature","properties":{"name":"中央路（北區）","base":"中央路（北區）","section":null,"tier":"hard","length_m":551,"district":"北區"},"geometry":{"type":"MultiLineString","coordinates":[[[120.96912,24.80591],[120.96906,24.80588],[120.96892,24.80578],[120.96864,24.80559],[120.96841,24.80543],[120.96821,24.8053]],[[120.97022,24.80662],[120.97018,24.8066],[120.96993,24.80644],[120.9697,24.80629],[120.96962,24.80624],[120.9692,24.80597],[120.96912,24.80591]],[[120.97051,24.80682],[120.97028,24.80666],[120.97022,24.80662]],[[120.96687,24.80441],[120.96681,24.8041],[120.96678,24.80398],[120.9667,24.80356]],[[120.96821,24.8053],[120.96778,24.80502],[120.96731,24.80472],[120.96724,24.80467],[120.96687,24.80441]]]}},{"type":"Feature","properties":{"name":"中央路（東區）","base":"中央路（東區）","section":null,"tier":"hard","length_m":1247,"district":"東區"},"geometry":{"type":"MultiLineString","coordinates":[[[120.98134,24.81236],[120.98084,24.81203],[120.98081,24.81201],[120.98034,24.81173],[120.97943,24.81119],[120.97933,24.81113]],[[120.97233,24.80799],[120.97226,24.80795],[120.9722,24.80792],[120.97211,24.80786]],[[120.97211,24.80786],[120.97207,24.80783],[120.97126,24.8073],[120.97079,24.807],[120.97076,24.80698],[120.97073,24.80696],[120.97064,24.80691]],[[120.97727,24.80983],[120.97702,24.80973]],[[120.97933,24.81113],[120.97929,24.8111],[120.97915,24.81102],[120.97864,24.81069],[120.97801,24.8103],[120.97727,24.80983]],[[120.97446,24.80887],[120.97368,24.8086],[120.97326,24.80845],[120.97288,24.80832],[120.97264,24.80818],[120.97243,24.80805],[120.97233,24.80799]],[[120.97665,24.80959],[120.97632,24.80947],[120.97588,24.80933],[120.9755,24.80921],[120.97481,24.80898],[120.97446,24.80887]],[[120.97702,24.80973],[120.97665,24.80959]]]}},{"type":"Feature","properties":{"name":"中山橋","base":"中山橋","section":null,"tier":"medium","length_m":54,"district":"北區"},"geometry":{"type":"MultiLineString","coordinates":[[[120.95718,24.79917],[120.95694,24.79885],[120.95688,24.79877]]]}},{"type":"Feature","properties":{"name":"中山路296巷","base":"中山路296巷","section":null,"tier":"hard","length_m":176,"lane":true,"district":"北區"},"geometry":{"type":"MultiLineString","coordinates":[[[120.96042,24.80328],[120.96077,24.80276],[120.96136,24.80195]]]}},{"type":"Feature","properties":{"name":"中山路（北區2）","base":"中山路（北區2）","section":null,"tier":"hard","length_m":1189,"district":"北區"},"geometry":{"type":"MultiLineString","coordinates":[[[120.95327,24.79401],[120.95342,24.79422],[120.95368,24.79458]],[[120.95688,24.79877],[120.95682,24.79868],[120.95625,24.79791]],[[120.9552,24.79653],[120.95511,24.79641],[120.95508,24.79637],[120.95483,24.79607],[120.95453,24.79567],[120.95446,24.79559],[120.9538,24.79475],[120.95368,24.79458]],[[120.95625,24.79791],[120.95612,24.79775]],[[120.95612,24.79775],[120.95587,24.79742],[120.95547,24.79691],[120.95526,24.79664]],[[120.95526,24.79664],[120.9552,24.79653]],[[120.95132,24.79326],[120.95118,24.79321],[120.95105,24.79314],[120.95094,24.79307],[120.95052,24.79291],[120.95019,24.7928],[120.9495,24.79255]],[[120.95368,24.79458],[120.95362,24.79456],[120.95339,24.7943]],[[120.95339,24.7943],[120.95327,24.79427],[120.95311,24.79414],[120.95282,24.7939],[120.95248,24.79351],[120.95239,24.79341],[120.9523,24.79337],[120.9518,24.79332],[120.95132,24.79326]],[[120.95339,24.7943],[120.95356,24.79433]],[[120.95356,24.79433],[120.95369,24.79453],[120.95368,24.79458]]]}},{"type":"Feature","properties":{"name":"中山路（北區）","base":"中山路（北區）","section":null,"tier":"medium","length_m":1428,"district":"北區"},"geometry":{"type":"MultiLineString","coordinates":[[[120.96861,24.80658],[120.96853,24.80653],[120.96769,24.806],[120.9672,24.8057],[120.967,24.80556],[120.96671,24.80538],[120.96608,24.80495]],[[120.96424,24.80379],[120.96354,24.80334],[120.96322,24.80314],[120.96297,24.80298],[120.96239,24.8026],[120.96207,24.8024],[120.96188,24.80228],[120.96183,24.80225],[120.96136,24.80195],[120.96097,24.80169],[120.96048,24.80138]],[[120.96048,24.80138],[120.95971,24.801],[120.95953,24.80094],[120.95891,24.80066],[120.95881,24.80062],[120.95839,24.80042],[120.95805,24.80023]],[[120.95805,24.80023],[120.95786,24.80004],[120.95784,24.80002],[120.95765,24.79977],[120.95763,24.79974],[120.95737,24.7994],[120.95718,24.79917]],[[120.96608,24.80495],[120.96568,24.80469],[120.96561,24.80465],[120.96555,24.80461],[120.9655,24.80457],[120.96542,24.80452],[120.96535,24.80447],[120.96483,24.80415],[120.96438,24.80388],[120.96424,24.80379]]]}},{"type":"Feature","properties":{"name":"中正路（北區）","base":"中正路（北區）","section":null,"tier":"medium","length_m":2734,"district":"北區"},"geometry":{"type":"MultiLineString","coordinates":[[[120.97026,24.80446],[120.97018,24.80455],[120.96998,24.80481],[120.96974,24.80511],[120.96957,24.80533],[120.96953,24.80539]],[[120.96912,24.80591],[120.96906,24.80599],[120.96873,24.80643],[120.96871,24.80645],[120.96861,24.80658]],[[120.96953,24.80539],[120.9695,24.80543],[120.96917,24.80585],[120.96912,24.80591]],[[120.96678,24.80895],[120.9667,24.80905],[120.96647,24.80935],[120.96613,24.80979],[120.96605,24.80989],[120.9659,24.81008],[120.96581,24.81021],[120.96568,24.81038],[120.96549,24.81063],[120.96521,24.81099],[120.96485,24.81145],[120.96452,24.81188]],[[120.96861,24.80658],[120.96853,24.80669],[120.96852,24.80671],[120.96821,24.80709],[120.96816,24.80716],[120.96798,24.8074],[120.96779,24.80764],[120.96775,24.80769],[120.96769,24.80776],[120.96732,24.80825],[120.96728,24.8083],[120.96698,24.80868],[120.96684,24.80887],[120.96678,24.80895]],[[120.96201,24.81518],[120.96195,24.81527]],[[120.96195,24.81527],[120.96191,24.81533],[120.96185,24.8154],[120.96157,24.81548]],[[120.96157,24.81548],[120.96111,24.81557],[120.96105,24.81558],[120.96077,24.81566],[120.96012,24.81582]],[[120.95737,24.81645],[120.95725,24.81652],[120.95667,24.81701],[120.95529,24.81829],[120.95463,24.81894],[120.95459,24.81898],[120.95453,24.81904],[120.95291,24.82049],[120.95249,24.82087],[120.95216,24.82117],[120.95206,24.82129],[120.95203,24.82139],[120.95206,24.82149]],[[120.96444,24.81199],[120.96401,24.81256],[120.96396,24.81262],[120.96336,24.8134],[120.963,24.81387],[120.96269,24.81428],[120.96237,24.8147],[120.96212,24.81504],[120.96201,24.81518]],[[120.96452,24.81188],[120.96444,24.81199]],[[120.96012,24.81582],[120.95962,24.81593],[120.95919,24.81603],[120.95838,24.81622],[120.95757,24.8164],[120.95737,24.81645]]]}},{"type":"Feature","properties":{"name":"中正路（東區）","base":"中正路（東區）","section":null,"tier":"medium","length_m":225,"district":"東區"},"geometry":{"type":"MultiLineString","coordinates":[[[120.97131,24.80287],[120.97135,24.80277],[120.97137,24.80274],[120.97139,24.80267],[120.97142,24.80262]],[[120.97086,24.80396],[120.9709,24.80386],[120.97097,24.80371],[120.97115,24.80326],[120.97124,24.80304],[120.97131,24.80287]],[[120.97165,24.80223],[120.97172,24.8021]],[[120.97142,24.80262],[120.97149,24.8025],[120.97165,24.80223]]]}},{"type":"Feature","properties":{"name":"中清一路","base":"中清一路","section":null,"tier":"hard","length_m":286,"district":"北區"},"geometry":{"type":"MultiLineString","coordinates":[[[120.9371,24.83754],[120.93718,24.83764],[120.93722,24.83769],[120.93741,24.83792],[120.93748,24.83801],[120.93757,24.83811],[120.93797,24.83858],[120.93839,24.83909],[120.93881,24.83959]]]}},{"type":"Feature","properties":{"name":"中清路","base":"中清路","section":null,"tier":"hard","length_m":411,"district":"北區"},"geometry":{"type":"MultiLineString","coordinates":[[[120.93839,24.83909],[120.93798,24.83938],[120.9373,24.83982],[120.93705,24.83998],[120.93684,24.83984],[120.93648,24.83958],[120.93623,24.83942],[120.936,24.83928],[120.93591,24.83923],[120.93543,24.83889],[120.93526,24.83878],[120.93524,24.83875]],[[120.93524,24.83875],[120.93512,24.83867]]]}},{"type":"Feature","properties":{"name":"中清路一段","base":"中清路","section":"一段","tier":"hard","length_m":1134,"district":"北區"},"geometry":{"type":"MultiLineString","coordinates":[[[120.93027,24.83294],[120.93062,24.83366],[120.931,24.83435],[120.93129,24.83476],[120.93182,24.83532],[120.93189,24.8354],[120.93208,24.8356],[120.9325,24.83606],[120.93279,24.83637],[120.93317,24.8368],[120.93328,24.83692],[120.93343,24.8371],[120.93351,24.83719],[120.93394,24.83763],[120.93415,24.83784],[120.93426,24.83796],[120.93458,24.83826],[120.93468,24.83835],[120.93508,24.83865],[120.93512,24.83867]],[[120.93024,24.83288],[120.93027,24.83294]],[[120.92925,24.83018],[120.9294,24.83059],[120.92966,24.83138],[120.93005,24.83244],[120.93011,24.83261],[120.93024,24.83288]]]}},{"type":"Feature","properties":{"name":"中福路","base":"中福路","section":null,"tier":"hard","length_m":269,"district":"北區"},"geometry":{"type":"MultiLineString","coordinates":[[[120.93491,24.83964],[120.93435,24.83996],[120.93396,24.84018],[120.93337,24.84052],[120.93315,24.84065],[120.93266,24.84093]]]}},{"type":"Feature","properties":{"name":"中興橋","base":"中興橋","section":null,"tier":"medium","length_m":53,"district":"東區"},"geometry":{"type":"MultiLineString","coordinates":[[[120.96755,24.78346],[120.96735,24.78302]]]}},{"type":"Feature","properties":{"name":"中興路","base":"中興路","section":null,"tier":"hard","length_m":155,"district":"北區"},"geometry":{"type":"MultiLineString","coordinates":[[[120.93337,24.84052],[120.9336,24.84082],[120.93369,24.84095],[120.9337,24.84096],[120.93378,24.84106],[120.93381,24.84109],[120.93392,24.84123],[120.93425,24.84166]]]}},{"type":"Feature","properties":{"name":"中華路一段1巷","base":"中華路一段1巷","section":null,"tier":"hard","length_m":1034,"lane":true,"district":"東區"},"geometry":{"type":"MultiLineString","coordinates":[[[120.99643,24.82006],[120.9966,24.82004],[120.99687,24.81998],[120.99703,24.81992],[120.99738,24.81961],[120.99749,24.8195],[120.99761,24.81945],[120.99774,24.81942],[120.99792,24.8193],[120.998,24.81915],[120.99813,24.81888],[120.99815,24.81876],[120.99819,24.81859],[120.99838,24.8183],[120.99859,24.81798]],[[121.00376,24.81402],[121.00363,24.81422],[121.00339,24.81463],[121.00331,24.81473],[121.0026,24.81535],[121.00176,24.81612],[121.00102,24.81669],[121.0,24.81723],[120.99927,24.81763],[120.99859,24.81798]]]}},{"type":"Feature","properties":{"name":"中華路一段2巷","base":"中華路一段2巷","section":null,"tier":"hard","length_m":1875,"lane":true,"district":"東區"},"geometry":{"type":"MultiLineString","coordinates":[[[120.97896,24.82416],[120.97949,24.82402]],[[120.98295,24.82312],[120.98367,24.82293],[120.98397,24.82284],[120.98485,24.82261],[120.98594,24.82233],[120.98645,24.8222],[120.98706,24.82204],[120.98726,24.82199],[120.98782,24.82184],[120.98826,24.82173],[120.98842,24.82169],[120.98889,24.82156],[120.98911,24.82151],[120.98927,24.82147],[120.98968,24.82135],[120.98986,24.8213],[120.99028,24.82119],[120.99085,24.82103],[120.99098,24.82099],[120.99137,24.82087],[120.99162,24.82079],[120.99184,24.82072]],[[120.99184,24.82072],[120.99241,24.82054],[120.99264,24.82047],[120.9928,24.82042],[120.99334,24.82024],[120.99367,24.82013],[120.99398,24.82001],[120.99433,24.81988],[120.99479,24.8197],[120.99538,24.81945],[120.99543,24.81943]],[[120.97949,24.82402],[120.97967,24.82391],[120.97989,24.82392]],[[120.97989,24.82392],[120.97977,24.82395],[120.97949,24.82402]],[[120.97989,24.82392],[120.98065,24.8237],[120.98128,24.82354]],[[120.98295,24.82312],[120.98285,24.82321],[120.98255,24.82329]],[[120.98255,24.82329],[120.98264,24.8232],[120.98295,24.82312]],[[120.98128,24.82354],[120.98142,24.82351],[120.98162,24.82354]],[[120.98162,24.82354],[120.98255,24.82329]],[[120.98162,24.82354],[120.98149,24.82358],[120.98128,24.82354]]]}},{"type":"Feature","properties":{"name":"中華路一段（東區2）","base":"中華路（東區2）","section":"一段","tier":"easy","length_m":1642,"district":"東區"},"geometry":{"type":"MultiLineString","coordinates":[[[120.99343,24.816],[120.99334,24.81587],[120.99304,24.81544],[120.99298,24.81535],[120.99292,24.81527],[120.99282,24.81518],[120.99247,24.81489],[120.99221,24.81471],[120.99215,24.81467],[120.9914,24.81414],[120.99102,24.81387]],[[120.99555,24.81973],[120.99543,24.81943]],[[120.99357,24.81605],[120.99368,24.81621],[120.99371,24.81624],[120.994,24.81664],[120.99437,24.81717],[120.99444,24.81728],[120.99453,24.81741],[120.99455,24.81745],[120.99493,24.81803],[120.99535,24.81865],[120.99548,24.81895]],[[120.99349,24.81613],[120.99343,24.816]],[[120.99106,24.81382],[120.99144,24.81408],[120.99224,24.81465],[120.99239,24.81474],[120.99283,24.81508],[120.99298,24.81522],[120.99307,24.81531],[120.99316,24.81542],[120.99342,24.81583],[120.99357,24.81605]],[[120.99357,24.81605],[120.99349,24.81613]],[[120.99548,24.81895],[120.99561,24.81934],[120.99567,24.81955]],[[120.99543,24.81943],[120.99532,24.81894],[120.99524,24.81875],[120.99511,24.81852],[120.99483,24.81808],[120.99446,24.81751],[120.99442,24.81745],[120.99434,24.81733],[120.99427,24.81723],[120.99409,24.81697],[120.99361,24.8163],[120.99358,24.81626],[120.99349,24.81613]],[[120.99567,24.81955],[120.99571,24.81965]]]}},{"type":"Feature","properties":{"name":"中華路一段（東區）","base":"中華路（東區）","section":"一段","tier":"medium","length_m":1696,"district":"東區"},"geometry":{"type":"MultiLineString","coordinates":[[[120.98365,24.80958],[120.98372,24.80961],[120.98496,24.81036],[120.98506,24.81042]],[[120.99068,24.81363],[120.99028,24.81337],[120.98969,24.81295],[120.98929,24.81267],[120.98924,24.81264],[120.98912,24.81256],[120.98908,24.81253],[120.98781,24.81162],[120.98767,24.81152],[120.98745,24.81137],[120.98738,24.81132],[120.98712,24.8112],[120.98684,24.81109],[120.9865,24.81099],[120.98642,24.81097],[120.98617,24.81091]],[[120.98617,24.81091],[120.98611,24.81089],[120.9854,24.81067],[120.9851,24.81054],[120.98503,24.81051]],[[120.98503,24.81051],[120.98494,24.81045],[120.98467,24.81029],[120.98366,24.80969],[120.98359,24.80965]],[[120.98506,24.81042],[120.98513,24.81045],[120.98547,24.81059],[120.98615,24.8108],[120.98621,24.81082],[120.98645,24.81089]],[[120.98645,24.81089],[120.98652,24.81091],[120.98687,24.81102],[120.98716,24.81114],[120.98742,24.81127],[120.98749,24.81132],[120.98783,24.81153],[120.98854,24.81203],[120.98914,24.81245],[120.98919,24.81249],[120.98931,24.81257],[120.98935,24.8126],[120.98943,24.81266],[120.99033,24.81331],[120.99072,24.81357]]]}},{"type":"Feature","properties":{"name":"中華路三段（東區）","base":"中華路（東區）","section":"三段","tier":"medium","length_m":465,"district":"東區"},"geometry":{"type":"MultiLineString","coordinates":[[[120.95902,24.79676],[120.95943,24.79673],[120.95962,24.79673],[120.96008,24.79672],[120.96072,24.79675]],[[120.96072,24.79675],[120.96102,24.79678],[120.96125,24.7968],[120.96359,24.79715]]]}},{"type":"Feature","properties":{"name":"中華路三段（香山區2）","base":"中華路（香山區2）","section":"三段","tier":"medium","length_m":47,"district":"香山區"},"geometry":{"type":"MultiLineString","coordinates":[[[120.95801,24.79681],[120.95838,24.7968],[120.95848,24.7968]]]}},{"type":"Feature","properties":{"name":"中華路二段（東區）","base":"中華路（東區）","section":"二段","tier":"medium","length_m":3789,"district":"東區"},"geometry":{"type":"MultiLineString","coordinates":[[[120.96359,24.79715],[120.96376,24.79721],[120.96408,24.79733],[120.96463,24.79767],[120.96521,24.79804],[120.96549,24.79821],[120.96554,24.79824],[120.96575,24.79837],[120.96625,24.79866],[120.96723,24.79929],[120.96746,24.79943]],[[120.97606,24.80477],[120.97643,24.80494],[120.9769,24.8052],[120.97709,24.80523],[120.97725,24.80523],[120.97738,24.80519],[120.97741,24.80517],[120.9775,24.80511],[120.97764,24.8052],[120.97762,24.80529],[120.97761,24.80533],[120.97762,24.80545],[120.97763,24.8055],[120.97767,24.80559],[120.97773,24.80571]],[[120.97172,24.8021],[120.97186,24.80218],[120.97232,24.80247],[120.97345,24.80318],[120.97391,24.80346],[120.97458,24.80388],[120.97473,24.80398]],[[120.96988,24.80095],[120.97024,24.80118],[120.9707,24.80147],[120.9709,24.80158],[120.97101,24.80166]],[[120.97492,24.80409],[120.97498,24.80413],[120.97501,24.80415],[120.9751,24.80421],[120.97525,24.8043],[120.97528,24.80432],[120.97606,24.80477],[120.97699,24.80536],[120.97718,24.80548]],[[120.96761,24.79952],[120.96814,24.79985],[120.96835,24.79998],[120.9684,24.80001],[120.96845,24.80004],[120.96849,24.80007],[120.96932,24.80062],[120.96951,24.80074],[120.96988,24.80095]],[[120.96746,24.79943],[120.96761,24.79952]],[[120.98359,24.80965],[120.98349,24.80958],[120.98345,24.80956],[120.98304,24.8093],[120.9828,24.80915],[120.98253,24.80897],[120.98163,24.80841],[120.98152,24.80834]],[[120.97478,24.80411],[120.97473,24.80398]],[[120.97953,24.80696],[120.97964,24.80702],[120.98004,24.80728],[120.98059,24.80763],[120.98151,24.80822],[120.98157,24.80825],[120.98169,24.80833],[120.98259,24.80889],[120.98343,24.80943],[120.9835,24.80948],[120.98351,24.80949],[120.98365,24.80958]],[[120.98152,24.80834],[120.98145,24.80829],[120.98097,24.808],[120.98052,24.80772],[120.98001,24.80738],[120.97957,24.80711],[120.97948,24.80704]],[[120.97948,24.80704],[120.97938,24.80699],[120.97852,24.80646],[120.97843,24.8064],[120.97828,24.80631],[120.97774,24.80597],[120.97705,24.80553],[120.97692,24.80545],[120.97623,24.80502],[120.97558,24.8046],[120.97523,24.80439],[120.97515,24.80434],[120.97497,24.80424],[120.97486,24.80416]],[[120.97101,24.80166],[120.97172,24.8021]],[[120.97718,24.80548],[120.97805,24.80604],[120.97834,24.80622],[120.97846,24.8063],[120.97859,24.80637],[120.97872,24.80646],[120.97944,24.8069],[120.97953,24.80696]],[[120.97473,24.80398],[120.97492,24.80409]],[[120.97486,24.80416],[120.97478,24.80411]]]}},{"type":"Feature","properties":{"name":"中華路五段160巷","base":"中華路五段160巷","section":null,"tier":"hard","length_m":641,"lane":true,"district":"香山區"},"geometry":{"type":"MultiLineString","coordinates":[[[120.92165,24.78524],[120.92161,24.78534],[120.9216,24.78543],[120.92157,24.78557],[120.92191,24.78659],[120.9222,24.78716],[120.92221,24.78718],[120.92237,24.78751],[120.92274,24.78798],[120.92296,24.78839],[120.92309,24.78871],[120.92311,24.78878],[120.92317,24.78924],[120.9232,24.78933],[120.92327,24.78948],[120.92352,24.78997],[120.92368,24.79028],[120.92387,24.79053]]]}},{"type":"Feature","properties":{"name":"中華路五段208巷33弄","base":"中華路五段208巷33弄","section":null,"tier":"hard","length_m":147,"lane":true,"district":"香山區"},"geometry":{"type":"MultiLineString","coordinates":[[[120.91946,24.78472],[120.91888,24.78459],[120.91863,24.78471],[120.91812,24.78495]]]}},{"type":"Feature","properties":{"name":"中華路五段208巷62弄","base":"中華路五段208巷62弄","section":null,"tier":"hard","length_m":216,"lane":true,"district":"香山區"},"geometry":{"type":"MultiLineString","coordinates":[[[120.91694,24.78552],[120.91728,24.78602],[120.91771,24.78582],[120.91842,24.78549],[120.91833,24.78532]]]}},{"type":"Feature","properties":{"name":"中華路五段208巷（香山區2）","base":"中華路五段208巷（香山區2）","section":null,"tier":"hard","length_m":235,"lane":true,"district":"香山區"},"geometry":{"type":"MultiLineString","coordinates":[[[120.91671,24.78556],[120.91662,24.78559],[120.91651,24.78563],[120.91643,24.78566]],[[120.91812,24.78495],[120.91694,24.78552],[120.91671,24.78556]],[[120.91833,24.78532],[120.91812,24.78495]]]}},{"type":"Feature","properties":{"name":"中華路五段208巷（香山區）","base":"中華路五段208巷（香山區）","section":null,"tier":"hard","length_m":154,"lane":true,"district":"香山區"},"geometry":{"type":"MultiLineString","coordinates":[[[120.92055,24.78465],[120.92046,24.78472],[120.9204,24.78477],[120.92037,24.7848],[120.91966,24.78512],[120.91946,24.78472]]]}},{"type":"Feature","properties":{"name":"中華路五段599巷","base":"中華路五段599巷","section":null,"tier":"hard","length_m":264,"lane":true,"district":"香山區"},"geometry":{"type":"MultiLineString","coordinates":[[[120.91078,24.75699],[120.91077,24.7572],[120.91077,24.75732],[120.91078,24.75743],[120.9108,24.75752],[120.91083,24.75764],[120.91089,24.75777],[120.91101,24.75802],[120.91118,24.75835],[120.91119,24.75837],[120.91136,24.75875],[120.91141,24.75884],[120.91147,24.75898],[120.91153,24.75912],[120.91148,24.75922]]]}},{"type":"Feature","properties":{"name":"中華路五段（香山區10）","base":"中華路（香山區10）","section":"五段","tier":"easy","length_m":318,"district":"香山區"},"geometry":{"type":"MultiLineString","coordinates":[[[120.91148,24.75922],[120.91183,24.75987],[120.91204,24.76027],[120.91243,24.76107],[120.91265,24.76151],[120.9128,24.76182]]]}},{"type":"Feature","properties":{"name":"中華路五段（香山區11）","base":"中華路（香山區11）","section":"五段","tier":"easy","length_m":315,"district":"香山區"},"geometry":{"type":"MultiLineString","coordinates":[[[120.91269,24.76187],[120.91244,24.76137],[120.91231,24.76113],[120.9122,24.7609],[120.91194,24.76037],[120.91171,24.75992],[120.9114,24.75929]]]}},{"type":"Feature","properties":{"name":"中華路五段（香山區4）","base":"中華路（香山區4）","section":"五段","tier":"easy","length_m":3581,"district":"香山區"},"geometry":{"type":"MultiLineString","coordinates":[[[120.91578,24.76755],[120.91571,24.76744],[120.91567,24.76738],[120.91552,24.76712],[120.91548,24.76705],[120.91492,24.76612],[120.91468,24.76567],[120.91422,24.76484],[120.91393,24.76429],[120.91382,24.76406],[120.91369,24.76379],[120.91357,24.76356],[120.91347,24.76337],[120.91343,24.76329]],[[120.92863,24.78834],[120.92856,24.78831],[120.92775,24.78795],[120.92743,24.78781],[120.92672,24.7875],[120.92638,24.78735],[120.92625,24.78729],[120.92583,24.78711],[120.92537,24.78692],[120.92433,24.78649],[120.92429,24.78648],[120.92401,24.78636],[120.9217,24.78538],[120.92161,24.78534],[120.9215,24.78529],[120.92133,24.78521],[120.92069,24.7849],[120.92052,24.78476],[120.92046,24.78472],[120.9204,24.78463],[120.91979,24.78374],[120.9197,24.78358],[120.91966,24.78351],[120.91964,24.78342],[120.91953,24.78295],[120.91924,24.78167],[120.91922,24.78157],[120.9192,24.78148],[120.91881,24.77949],[120.91864,24.77854],[120.91863,24.77849]],[[120.91855,24.77808],[120.9185,24.77784],[120.91848,24.77769],[120.91847,24.77765],[120.91804,24.77493],[120.91777,24.77328],[120.91776,24.77322],[120.91775,24.77313],[120.91761,24.77227],[120.91751,24.77167],[120.91742,24.77114],[120.91735,24.7709],[120.91703,24.7701],[120.91678,24.7695],[120.91648,24.76888],[120.91647,24.76881],[120.91643,24.76875],[120.9163,24.76846],[120.91612,24.76815],[120.91578,24.76755]],[[120.91863,24.77849],[120.91858,24.77825]],[[120.91343,24.76329],[120.91334,24.76311],[120.91325,24.76292],[120.9132,24.76283],[120.91309,24.7626],[120.91282,24.76209]],[[120.91858,24.77825],[120.91855,24.77808]]]}},{"type":"Feature","properties":{"name":"中華路五段（香山區9）","base":"中華路（香山區9）","section":"五段","tier":"easy","length_m":3569,"district":"香山區"},"geometry":{"type":"MultiLineString","coordinates":[[[120.91587,24.7675],[120.91622,24.7681],[120.91654,24.76871],[120.91657,24.76876],[120.91659,24.76883],[120.91713,24.77005],[120.91751,24.77101],[120.91787,24.77311],[120.91789,24.77319],[120.9179,24.77326],[120.91818,24.77492],[120.9186,24.77764],[120.91862,24.77769],[120.91867,24.77806]],[[120.91353,24.76325],[120.91356,24.76333],[120.91388,24.76395],[120.91403,24.76424],[120.9143,24.7648],[120.91442,24.76502],[120.91503,24.76607],[120.91557,24.767],[120.91562,24.76708],[120.91563,24.7671],[120.9158,24.76739],[120.91587,24.7675]],[[120.91867,24.77806],[120.91871,24.77828],[120.91875,24.77852],[120.91892,24.77948],[120.91909,24.78041],[120.91932,24.78146],[120.91934,24.78156],[120.91936,24.78164],[120.91974,24.78339],[120.91976,24.78348],[120.91979,24.78354],[120.91988,24.78372],[120.92048,24.78457],[120.92055,24.78465],[120.9206,24.78469],[120.92073,24.78478],[120.92093,24.78492],[120.92118,24.78504],[120.92154,24.78519],[120.92165,24.78524],[120.92175,24.78528],[120.92439,24.78638],[120.92544,24.78684],[120.9263,24.7872],[120.92644,24.78726],[120.92726,24.78763],[120.92749,24.78773],[120.92787,24.78789],[120.9286,24.78821],[120.92866,24.78823]],[[120.91293,24.76206],[120.91353,24.76325]]]}},{"type":"Feature","properties":{"name":"中華路六段647巷","base":"中華路六段647巷","section":null,"tier":"hard","length_m":1501,"lane":true,"district":"香山區"},"geometry":{"type":"MultiLineString","coordinates":[[[120.92797,24.72837],[120.92781,24.72841],[120.9274,24.72851],[120.92718,24.72856],[120.92706,24.72857],[120.92688,24.72853],[120.92656,24.72849],[120.92627,24.72848],[120.92612,24.72847],[120.92603,24.72845],[120.92588,24.72837],[120.9257,24.72825],[120.92538,24.72816],[120.925,24.72808],[120.92494,24.72806],[120.92481,24.72803],[120.92467,24.72799],[120.92449,24.72794],[120.92426,24.72793],[120.92416,24.72794],[120.92399,24.72795],[120.92362,24.72803],[120.92345,24.72808],[120.92335,24.72811],[120.92317,24.7282],[120.92303,24.72834],[120.92264,24.72912],[120.92256,24.72925],[120.92246,24.72938],[120.92232,24.72947],[120.92207,24.72958],[120.92179,24.72968],[120.9216,24.72971],[120.92144,24.72972],[120.92123,24.72975],[120.92107,24.72981],[120.92093,24.72991],[120.9208,24.72999],[120.92065,24.73005],[120.92049,24.73008],[120.92021,24.73011],[120.92003,24.73011],[120.91986,24.73017],[120.91968,24.73028],[120.91917,24.73078],[120.91895,24.73101],[120.91887,24.73108],[120.91877,24.73119],[120.91867,24.73129],[120.91862,24.73138],[120.91852,24.73142],[120.91835,24.73147],[120.91808,24.73154],[120.91783,24.73163],[120.91762,24.73174],[120.91758,24.73179],[120.91747,24.73193],[120.91739,24.73201],[120.91737,24.73203]],[[120.91737,24.73203],[120.91731,24.73206],[120.91704,24.73215],[120.91685,24.73224],[120.91677,24.73227],[120.91672,24.73229],[120.91648,24.73237],[120.91637,24.73239],[120.91627,24.73238],[120.91614,24.73232],[120.91592,24.73219],[120.91578,24.7321],[120.91541,24.73192],[120.91534,24.73189]]]}},{"type":"Feature","properties":{"name":"中華路六段716巷","base":"中華路六段716巷","section":null,"tier":"hard","length_m":425,"lane":true,"district":"香山區"},"geometry":{"type":"MultiLineString","coordinates":[[[120.91805,24.72694],[120.91796,24.72691],[120.91785,24.72688],[120.91738,24.72674],[120.9169,24.72662],[120.91645,24.72651],[120.91638,24.72649],[120.91613,24.72647],[120.91596,24.72644],[120.91556,24.72631],[120.91527,24.72631],[120.91522,24.7263],[120.91498,24.72626],[120.91476,24.72626],[120.91448,24.72632],[120.91404,24.72636],[120.91396,24.72636]]]}},{"type":"Feature","properties":{"name":"中華路六段722巷","base":"中華路六段722巷","section":null,"tier":"hard","length_m":115,"lane":true,"district":"香山區"},"geometry":{"type":"MultiLineString","coordinates":[[[120.91917,24.72223],[120.9186,24.72215],[120.91832,24.72201],[120.91829,24.72196],[120.91836,24.72181]]]}},{"type":"Feature","properties":{"name":"中華路六段749巷","base":"中華路六段749巷","section":null,"tier":"hard","length_m":116,"lane":true,"district":"香山區"},"geometry":{"type":"MultiLineString","coordinates":[[[120.92034,24.72153],[120.91958,24.72155],[120.91942,24.72156],[120.91929,24.72157]],[[120.91929,24.72157],[120.91919,24.72158]]]}},{"type":"Feature","properties":{"name":"中華路六段761巷16弄","base":"中華路六段761巷16弄","section":null,"tier":"hard","length_m":100,"lane":true,"district":"香山區"},"geometry":{"type":"MultiLineString","coordinates":[[[120.9194,24.72048],[120.9195,24.72065],[120.91988,24.72103],[120.92009,24.72102]]]}},{"type":"Feature","properties":{"name":"中華路六段795巷","base":"中華路六段795巷","section":null,"tier":"hard","length_m":422,"lane":true,"district":"香山區"},"geometry":{"type":"MultiLineString","coordinates":[[[120.91991,24.72056],[120.92009,24.72019],[120.92026,24.71989],[120.92041,24.71961],[120.92044,24.71921],[120.92041,24.7191],[120.92029,24.71893],[120.92032,24.71883],[120.92058,24.71853],[120.92086,24.71841],[120.921,24.71834]],[[120.91889,24.72092],[120.91897,24.72085],[120.91906,24.72076],[120.91913,24.72068],[120.91926,24.72056],[120.91933,24.72051],[120.9194,24.72048],[120.91966,24.72049],[120.91991,24.72056]]]}},{"type":"Feature","properties":{"name":"中華路六段799巷","base":"中華路六段799巷","section":null,"tier":"hard","length_m":180,"lane":true,"district":"香山區"},"geometry":{"type":"MultiLineString","coordinates":[[[120.91853,24.72057],[120.9186,24.7205],[120.91868,24.7204],[120.91915,24.71987],[120.91942,24.71957],[120.91966,24.71932]]]}},{"type":"Feature","properties":{"name":"中華路六段799巷10弄","base":"中華路六段799巷10弄","section":null,"tier":"hard","length_m":50,"lane":true,"district":"香山區"},"geometry":{"type":"MultiLineString","coordinates":[[[120.91942,24.71957],[120.91905,24.71927]]]}},{"type":"Feature","properties":{"name":"中華路六段799巷11弄","base":"中華路六段799巷11弄","section":null,"tier":"hard","length_m":44,"lane":true,"district":"香山區"},"geometry":{"type":"MultiLineString","coordinates":[[[120.91966,24.71932],[120.91998,24.71959]]]}},{"type":"Feature","properties":{"name":"中華路六段799巷12弄","base":"中華路六段799巷12弄","section":null,"tier":"hard","length_m":55,"lane":true,"district":"香山區"},"geometry":{"type":"MultiLineString","coordinates":[[[120.91966,24.71932],[120.91925,24.719]]]}},{"type":"Feature","properties":{"name":"中華路六段799巷7弄","base":"中華路六段799巷7弄","section":null,"tier":"hard","length_m":42,"lane":true,"district":"香山區"},"geometry":{"type":"MultiLineString","coordinates":[[[120.91915,24.71987],[120.91947,24.72011]]]}},{"type":"Feature","properties":{"name":"中華路六段799巷8弄","base":"中華路六段799巷8弄","section":null,"tier":"hard","length_m":53,"lane":true,"district":"香山區"},"geometry":{"type":"MultiLineString","coordinates":[[[120.91915,24.71987],[120.91876,24.71955]]]}},{"type":"Feature","properties":{"name":"中華路六段799巷9弄","base":"中華路六段799巷9弄","section":null,"tier":"hard","length_m":54,"lane":true,"district":"香山區"},"geometry":{"type":"MultiLineString","coordinates":[[[120.91942,24.71957],[120.91983,24.71988]]]}},{"type":"Feature","properties":{"name":"中華路六段（香山區3）","base":"中華路（香山區3）","section":"六段","tier":"easy","length_m":1962,"district":"香山區"},"geometry":{"type":"MultiLineString","coordinates":[[[120.91919,24.72158],[120.91916,24.72146],[120.91915,24.72144],[120.91911,24.7213],[120.91903,24.72114],[120.91895,24.721],[120.91889,24.72092],[120.91882,24.72083],[120.91876,24.72076],[120.91864,24.72065],[120.91858,24.72061],[120.91853,24.72057],[120.91843,24.7205],[120.91831,24.72044],[120.91817,24.72037],[120.91805,24.72033],[120.91792,24.72028],[120.91648,24.72003],[120.91632,24.72],[120.91628,24.71999],[120.91618,24.71997],[120.91606,24.71994],[120.9159,24.71987],[120.91579,24.71981],[120.91569,24.71975],[120.91557,24.71966],[120.91545,24.71955],[120.91536,24.71946],[120.91531,24.71938],[120.91526,24.71929],[120.91523,24.71924],[120.91519,24.71913],[120.91515,24.71903],[120.91513,24.71895],[120.91511,24.71886],[120.91509,24.71873],[120.91508,24.71862],[120.91509,24.7183],[120.91509,24.71817],[120.9151,24.71808],[120.91513,24.71796],[120.91516,24.71785],[120.9152,24.71775],[120.91525,24.71766],[120.9153,24.71756],[120.91538,24.71746],[120.91545,24.71739],[120.91554,24.71731],[120.91563,24.71724],[120.91573,24.71719],[120.91583,24.71713],[120.91597,24.71707],[120.91638,24.71693],[120.91806,24.7164]],[[120.91796,24.72691],[120.91799,24.72683],[120.91869,24.7252],[120.91877,24.72501],[120.91886,24.7248],[120.91889,24.72469],[120.91893,24.72458],[120.91897,24.72441],[120.91899,24.72427],[120.91901,24.72409],[120.91907,24.72331],[120.91912,24.72289],[120.91916,24.72241],[120.91917,24.72223],[120.91919,24.72204],[120.9192,24.72182],[120.91919,24.72158]],[[120.91692,24.72974],[120.91714,24.72888],[120.91722,24.72862],[120.91726,24.72851],[120.9173,24.72843],[120.91732,24.72837],[120.91793,24.72698],[120.91796,24.72691]]]}},{"type":"Feature","properties":{"name":"中華路六段（香山區5）","base":"中華路（香山區5）","section":"六段","tier":"hard","length_m":112,"district":"香山區"},"geometry":{"type":"MultiLineString","coordinates":[[[120.91913,24.72068],[120.91955,24.72115],[120.91957,24.72122],[120.91958,24.72155]]]}},{"type":"Feature","properties":{"name":"中華路六段（香山區6）","base":"中華路（香山區6）","section":"六段","tier":"easy","length_m":1427,"district":"香山區"},"geometry":{"type":"MultiLineString","coordinates":[[[120.91692,24.73022],[120.91684,24.73038],[120.91676,24.73056],[120.91668,24.73068],[120.91659,24.73078],[120.91648,24.73092],[120.91633,24.73104]],[[120.91534,24.73189],[120.91532,24.73191],[120.91523,24.73203],[120.91499,24.73241],[120.91475,24.73281],[120.91464,24.733],[120.9145,24.73316],[120.91436,24.73329],[120.9142,24.73341],[120.91397,24.73356],[120.91372,24.7337],[120.91351,24.73384],[120.91338,24.73395],[120.9133,24.73403],[120.91325,24.73408],[120.91318,24.73418],[120.91314,24.73424],[120.91305,24.73439],[120.91299,24.73458],[120.91283,24.7353],[120.91276,24.73564]],[[120.91222,24.73713],[120.91219,24.73719],[120.91212,24.73734],[120.91201,24.73753],[120.91189,24.73766],[120.91175,24.73781],[120.91154,24.73799],[120.91129,24.73816],[120.91097,24.73837],[120.91085,24.7385],[120.91077,24.73857],[120.91074,24.73861],[120.91072,24.73865],[120.91071,24.73866],[120.91067,24.73871]],[[120.91276,24.73564],[120.91266,24.73597],[120.91265,24.73602],[120.91263,24.73608]],[[120.91048,24.73901],[120.9104,24.73912],[120.91,24.73974],[120.90971,24.74027],[120.90962,24.74041],[120.90945,24.74071]],[[120.91067,24.73871],[120.91061,24.7388],[120.91058,24.73885],[120.91056,24.73889],[120.91048,24.73901]],[[120.91263,24.73608],[120.91258,24.73619],[120.91231,24.73691],[120.91229,24.73695],[120.91227,24.737],[120.91226,24.73703],[120.91222,24.73713]],[[120.91633,24.73104],[120.91626,24.7311],[120.91614,24.7312],[120.91608,24.73126],[120.91593,24.73139],[120.91589,24.73142],[120.91554,24.73168],[120.91553,24.7317],[120.91534,24.73189]]]}},{"type":"Feature","properties":{"name":"中華路六段（香山區7）","base":"中華路（香山區7）","section":"六段","tier":"easy","length_m":3644,"district":"香山區"},"geometry":{"type":"MultiLineString","coordinates":[[[120.90625,24.74608],[120.90625,24.74594],[120.90628,24.74577],[120.90631,24.7457],[120.90634,24.74564],[120.90694,24.74466],[120.90703,24.74451],[120.90715,24.7443],[120.90812,24.74261]],[[120.90643,24.74625],[120.90654,24.74647],[120.90695,24.74728],[120.90748,24.74832],[120.90759,24.74853]],[[120.90828,24.74268],[120.90716,24.74456],[120.90696,24.74488],[120.9068,24.74514],[120.90653,24.74557],[120.9065,24.74562],[120.90646,24.74569]],[[120.90812,24.74261],[120.90887,24.74135],[120.90916,24.74088]],[[120.91045,24.75358],[120.91012,24.75309],[120.90947,24.7522],[120.90937,24.75205],[120.9093,24.75195],[120.90925,24.75188],[120.90922,24.75181],[120.90919,24.75177],[120.90912,24.75164],[120.90904,24.75149],[120.90876,24.75094],[120.90844,24.75034]],[[120.91038,24.75327],[120.91054,24.75333],[120.91065,24.75348],[120.91074,24.75363],[120.91081,24.75381],[120.91091,24.75406],[120.91096,24.7543],[120.91097,24.75458],[120.9109,24.75548],[120.91058,24.75536],[120.91059,24.75517],[120.91061,24.75496],[120.91064,24.75459],[120.91063,24.75434],[120.91059,24.75414],[120.91051,24.75393],[120.91042,24.75373],[120.91045,24.75358]],[[120.90856,24.75028],[120.90885,24.75086],[120.90913,24.75139],[120.90924,24.75161],[120.9094,24.75188],[120.90958,24.75214],[120.90998,24.7527],[120.91018,24.75298],[120.91038,24.75327]],[[120.90751,24.74857],[120.90648,24.7466],[120.90644,24.74652],[120.90632,24.74629]],[[120.90935,24.74087],[120.9093,24.74095],[120.90828,24.74268]],[[120.90759,24.74853],[120.90796,24.74919],[120.90856,24.75028]],[[120.90844,24.75034],[120.90759,24.74872],[120.90751,24.74857]],[[120.90632,24.74629],[120.90628,24.74619],[120.90625,24.74608]],[[120.90646,24.74569],[120.90641,24.74582],[120.90638,24.74593],[120.90637,24.74599],[120.90639,24.74612],[120.90643,24.74625]]]}},{"type":"Feature","properties":{"name":"中華路六段（香山區8）","base":"中華路（香山區8）","section":"六段","tier":"easy","length_m":1432,"district":"香山區"},"geometry":{"type":"MultiLineString","coordinates":[[[120.91521,24.73182],[120.91542,24.73162],[120.91546,24.73158],[120.91579,24.73131],[120.91588,24.73124],[120.91598,24.73116],[120.91617,24.73102],[120.91623,24.73097]],[[120.9125,24.73602],[120.91264,24.73559],[120.91271,24.73528],[120.91289,24.73452],[120.91294,24.73435],[120.91303,24.73417],[120.91307,24.73412],[120.91314,24.73401],[120.9132,24.73396],[120.91331,24.73387],[120.91345,24.73376],[120.91369,24.73361],[120.91392,24.73348],[120.91415,24.73332],[120.91429,24.73322],[120.91444,24.73308],[120.91455,24.73294],[120.91466,24.73277],[120.9149,24.73234],[120.915,24.73215],[120.91511,24.73196],[120.91519,24.73184],[120.91521,24.73182]],[[120.91037,24.73888],[120.91041,24.73882],[120.91042,24.73881],[120.91048,24.73871],[120.91051,24.73867],[120.91054,24.73863],[120.91058,24.73857],[120.91059,24.73856],[120.91072,24.73841],[120.91074,24.7384],[120.91081,24.73834],[120.91092,24.73826],[120.91122,24.73806],[120.91148,24.73788],[120.91163,24.73776],[120.9118,24.7376],[120.91189,24.73746],[120.91197,24.7373],[120.91202,24.73718],[120.91204,24.73714],[120.91205,24.73712],[120.91207,24.73707]],[[120.91031,24.73898],[120.91037,24.73888]],[[120.91207,24.73707],[120.91211,24.73697],[120.91212,24.73695],[120.9124,24.73628],[120.91242,24.73623],[120.91245,24.73615],[120.9125,24.73602]],[[120.90927,24.74069],[120.90983,24.73975],[120.91004,24.73941],[120.91021,24.73913],[120.91024,24.73909],[120.91026,24.73905],[120.91031,24.73898]],[[120.91623,24.73097],[120.9164,24.73084],[120.91651,24.73071],[120.91661,24.73059],[120.91667,24.73049],[120.91674,24.73036],[120.9168,24.7302]]]}},{"type":"Feature","properties":{"name":"中華路六段（香山區）","base":"中華路（香山區）","section":"六段","tier":"easy","length_m":1961,"district":"香山區"},"geometry":{"type":"MultiLineString","coordinates":[[[120.91929,24.72157],[120.9193,24.72182],[120.91929,24.72206],[120.91927,24.72233],[120.91926,24.72241],[120.91922,24.72289],[120.91911,24.72414],[120.91909,24.7243],[120.91907,24.72444],[120.91903,24.7246],[120.91899,24.72472],[120.91895,24.72484],[120.91886,24.72505],[120.91809,24.72687],[120.91805,24.72694]],[[120.91819,24.71646],[120.91639,24.71703],[120.91599,24.71716],[120.91588,24.71721],[120.9158,24.71725],[120.91571,24.71731],[120.91561,24.71738],[120.91553,24.71746],[120.91545,24.71754],[120.91539,24.7176],[120.91533,24.71772],[120.91528,24.71781],[120.91525,24.71789],[120.91522,24.71799],[120.9152,24.7181],[120.91519,24.71818],[120.91519,24.71831],[120.91519,24.71862],[120.91519,24.71872],[120.91521,24.71886],[120.91523,24.71894],[120.91524,24.71901],[120.91527,24.71909],[120.91534,24.71923],[120.91535,24.71926],[120.9154,24.71933],[120.9155,24.71947],[120.91562,24.71957],[120.91574,24.71967],[120.91585,24.71974],[120.91596,24.71979],[120.91608,24.71984],[120.91612,24.71985],[120.91622,24.71988],[120.91631,24.7199],[120.91637,24.71992],[120.91652,24.71994],[120.91742,24.72011],[120.91796,24.7202],[120.91809,24.72024],[120.91823,24.72029],[120.91836,24.72035],[120.9185,24.72044],[120.9186,24.7205],[120.91865,24.72054],[120.91869,24.72057],[120.91885,24.72071],[120.91891,24.72078],[120.91897,24.72085],[120.91905,24.72097],[120.91913,24.72112],[120.91921,24.72128],[120.91927,24.72144],[120.91927,24.72147],[120.91929,24.72157]],[[120.91805,24.72694],[120.91802,24.72701],[120.91744,24.7284],[120.91741,24.72847],[120.91738,24.72855],[120.91733,24.72867],[120.91725,24.72893],[120.91704,24.72976]]]}},{"type":"Feature","properties":{"name":"中華路四段266巷","base":"中華路四段266巷","section":null,"tier":"hard","length_m":580,"lane":true,"district":"香山區"},"geometry":{"type":"MultiLineString","coordinates":[[[120.94894,24.79512],[120.94891,24.79522],[120.94889,24.79529],[120.94885,24.79546],[120.9488,24.79569],[120.94881,24.7958],[120.94885,24.79621],[120.94885,24.79625],[120.94902,24.79688],[120.9494,24.79791],[120.94946,24.79807],[120.94954,24.79829],[120.94961,24.79845]],[[120.94843,24.79639],[120.94848,24.79639],[120.94852,24.79638]],[[120.94849,24.79626],[120.94885,24.79621]],[[120.94852,24.79638],[120.94852,24.79636],[120.94849,24.79626],[120.94846,24.79597],[120.94845,24.79584],[120.94843,24.79557],[120.94843,24.79547],[120.94843,24.79524],[120.94842,24.79514],[120.94832,24.7951]]]}},{"type":"Feature","properties":{"name":"中華路四段（香山區2）","base":"中華路（香山區2）","section":"四段","tier":"easy","length_m":5917,"district":"香山區"},"geometry":{"type":"MultiLineString","coordinates":[[[120.95239,24.79647],[120.95261,24.79649]],[[120.95238,24.7966],[120.95206,24.79654],[120.95189,24.79649],[120.9516,24.79638],[120.95139,24.7963],[120.95093,24.79613],[120.95026,24.79583],[120.94989,24.79567],[120.94898,24.79525],[120.94891,24.79522],[120.94838,24.79498],[120.9483,24.79494],[120.94781,24.79471],[120.94717,24.79441],[120.94716,24.79441],[120.94702,24.79435],[120.94565,24.7938]],[[120.92922,24.78845],[120.92994,24.78871]],[[120.9526,24.79661],[120.95238,24.7966]],[[120.95541,24.79656],[120.95629,24.79655],[120.95674,24.79654],[120.95691,24.79655],[120.95701,24.79657],[120.95748,24.7967],[120.95768,24.79676],[120.95773,24.79677],[120.95781,24.79679],[120.95787,24.79681],[120.95801,24.79681]],[[120.95261,24.79649],[120.95363,24.79653],[120.9552,24.79653],[120.95541,24.79656]],[[120.9299,24.78884],[120.92917,24.78854]],[[120.92994,24.78871],[120.93395,24.79025],[120.93419,24.79034],[120.93462,24.79046],[120.9378,24.79091],[120.9381,24.79095],[120.93907,24.7912],[120.93951,24.79136],[120.94086,24.79186],[120.94182,24.79221],[120.94244,24.79244]],[[120.94569,24.79372],[120.94654,24.79406],[120.94724,24.79433],[120.94791,24.79465],[120.94835,24.79485],[120.94843,24.79489],[120.94867,24.79499],[120.94894,24.79512],[120.94902,24.79516],[120.94943,24.79534],[120.9499,24.79555],[120.95032,24.79573],[120.95096,24.79601],[120.95145,24.79621],[120.95185,24.79635],[120.95187,24.79636],[120.95209,24.79643],[120.95239,24.79647]],[[120.9424,24.79251],[120.94179,24.79229],[120.94121,24.79208],[120.94017,24.7917],[120.93946,24.79145],[120.93905,24.7913],[120.93878,24.79123],[120.93833,24.79109],[120.93779,24.79101],[120.9358,24.79072],[120.935,24.79061],[120.93458,24.79054],[120.93415,24.79042],[120.9299,24.78884]],[[120.94244,24.79244],[120.94569,24.79372]],[[120.95541,24.79656],[120.95526,24.79664],[120.95484,24.79665],[120.95362,24.79667],[120.9526,24.79661]],[[120.94565,24.7938],[120.94365,24.79301],[120.94294,24.79273],[120.9424,24.79251]]]}},{"type":"Feature","properties":{"name":"中隘橋（香山區2）","base":"中隘橋（香山區2）","section":null,"tier":"easy","length_m":53,"district":"香山區"},"geometry":{"type":"MultiLineString","coordinates":[[[120.91704,24.72976],[120.91692,24.73022]]]}},{"type":"Feature","properties":{"name":"中隘橋（香山區）","base":"中隘橋（香山區）","section":null,"tier":"easy","length_m":53,"district":"香山區"},"geometry":{"type":"MultiLineString","coordinates":[[[120.9168,24.7302],[120.91692,24.72974]]]}},{"type":"Feature","properties":{"name":"五福路一段（香山區）","base":"五福路（香山區）","section":"一段","tier":"medium","length_m":3083,"district":"香山區"},"geometry":{"type":"MultiLineString","coordinates":[[[120.90812,24.74261],[120.90828,24.74268]],[[120.92495,24.74534],[120.92517,24.74537],[120.92541,24.74538],[120.92589,24.74538],[120.92605,24.74539],[120.92607,24.74539],[120.92632,24.74543],[120.92667,24.74547],[120.9271,24.74551],[120.92738,24.74555],[120.92786,24.74563],[120.92793,24.74563],[120.92838,24.74565],[120.92861,24.74564],[120.92884,24.74562],[120.92897,24.74559],[120.92928,24.74544]],[[120.90828,24.74268],[120.90848,24.74274],[120.90865,24.74274],[120.90904,24.74271],[120.9093,24.74265],[120.90942,24.74262],[120.90956,24.74259],[120.90965,24.74257],[120.90976,24.74255],[120.90989,24.74257],[120.9103,24.74268],[120.9106,24.74275],[120.9111,24.74283],[120.91187,24.74294],[120.91293,24.74311],[120.91366,24.74336],[120.91533,24.74392],[120.91591,24.74413],[120.91649,24.74441],[120.91768,24.745],[120.91787,24.74507],[120.91824,24.74511],[120.91962,24.7452],[120.92063,24.74527],[120.92079,24.74532],[120.92105,24.74547],[120.92124,24.74556],[120.92137,24.74558],[120.92153,24.74558],[120.92214,24.74551],[120.92248,24.74548]],[[120.92928,24.74544],[120.92951,24.74532]],[[120.92979,24.7452],[120.93026,24.74515],[120.93078,24.74509],[120.93114,24.74509],[120.93132,24.74509],[120.93168,24.74513],[120.93218,24.74523],[120.93263,24.74535],[120.93285,24.74543],[120.93293,24.74548],[120.933,24.74553],[120.93309,24.74567],[120.93319,24.74585],[120.93321,24.74588],[120.93332,24.74601],[120.93343,24.7461],[120.93356,24.74616],[120.93404,24.74629],[120.93418,24.74631],[120.93438,24.74631],[120.93462,24.74626],[120.93484,24.74618],[120.93502,24.74612],[120.93513,24.74608],[120.93527,24.74604],[120.93553,24.746],[120.93573,24.74601],[120.93597,24.74605],[120.93617,24.74614],[120.9364,24.74631],[120.93694,24.74681]],[[120.92248,24.74548],[120.92254,24.74548],[120.92262,24.74549],[120.92303,24.74555],[120.92326,24.74553],[120.92337,24.74551],[120.92395,24.74537],[120.92421,24.7453],[120.92443,24.74528],[120.92466,24.7453],[120.92495,24.74534]],[[120.92951,24.74532],[120.9296,24.74527],[120.92979,24.7452]]]}},{"type":"Feature","properties":{"name":"五福路二段（香山區2）","base":"五福路（香山區2）","section":"二段","tier":"medium","length_m":3352,"district":"香山區"},"geometry":{"type":"MultiLineString","coordinates":[[[120.95285,24.75538],[120.95297,24.75517],[120.95312,24.75501],[120.95333,24.75486],[120.95353,24.75478]],[[120.95353,24.75478],[120.95376,24.75471],[120.954,24.75467],[120.95462,24.75459],[120.95541,24.75449],[120.95599,24.75441]],[[120.93708,24.74695],[120.93728,24.7472],[120.93734,24.7473],[120.93749,24.74758],[120.93762,24.74782],[120.93764,24.74789],[120.93766,24.74797],[120.93767,24.74808],[120.93756,24.7483],[120.93748,24.74869],[120.93748,24.74883],[120.93747,24.74905],[120.93748,24.74912],[120.9375,24.74929],[120.9376,24.74954],[120.93784,24.75013],[120.93798,24.75049],[120.93802,24.75064],[120.93808,24.7509],[120.93814,24.75123],[120.93822,24.75146],[120.93831,24.75164],[120.93841,24.75183],[120.93873,24.75242],[120.93904,24.75299],[120.9392,24.75324],[120.93931,24.75336],[120.93944,24.75344],[120.93958,24.7535],[120.93969,24.75355],[120.93975,24.75364],[120.93975,24.75376],[120.93972,24.75388],[120.93971,24.75399],[120.93974,24.75408],[120.93981,24.75421],[120.93994,24.75438],[120.94009,24.75455],[120.94039,24.75488],[120.94048,24.75495],[120.94058,24.75501],[120.94071,24.75507],[120.94086,24.75506],[120.94097,24.75503],[120.941,24.75499],[120.94105,24.75492],[120.94111,24.75479],[120.9412,24.7547],[120.94133,24.75468],[120.9415,24.75468],[120.94164,24.75471],[120.94175,24.7548],[120.94181,24.75494],[120.94184,24.75508],[120.9419,24.7552],[120.94199,24.75529],[120.94212,24.75532],[120.9423,24.75532],[120.94251,24.75532],[120.94266,24.75536],[120.9428,24.75545],[120.94286,24.75553],[120.94288,24.75565],[120.94284,24.75585],[120.9428,24.75609],[120.94278,24.75619],[120.94278,24.75631],[120.94279,24.75646],[120.94284,24.7566],[120.94295,24.75669],[120.94315,24.75679],[120.94328,24.75685],[120.94341,24.75693],[120.94351,24.7571],[120.94352,24.75716],[120.9435,24.7573],[120.94342,24.75751],[120.94328,24.75776],[120.94319,24.75799],[120.94318,24.75813],[120.94322,24.75829],[120.9433,24.75847],[120.9434,24.75855],[120.94398,24.75894]],[[120.94746,24.75814],[120.94778,24.75785],[120.94788,24.7578],[120.94799,24.75776],[120.94841,24.75768],[120.94865,24.75764],[120.94879,24.75763],[120.94883,24.75764],[120.94897,24.75768],[120.94916,24.75775],[120.94938,24.75785],[120.94951,24.75791],[120.94963,24.75795],[120.94969,24.75797],[120.94979,24.75796],[120.94997,24.75791],[120.95015,24.75786],[120.95029,24.75781],[120.95049,24.7577],[120.95073,24.75753],[120.95082,24.75747],[120.95098,24.75741],[120.95123,24.7574],[120.95148,24.7574],[120.95167,24.75739],[120.95187,24.75733],[120.95203,24.75727],[120.95219,24.7572],[120.95227,24.75714],[120.95234,24.75706],[120.9524,24.75694],[120.95247,24.7568],[120.9527,24.75618],[120.95273,24.75597],[120.95276,24.75577],[120.95278,24.75569]],[[120.94398,24.75894],[120.94434,24.75909],[120.94486,24.75941],[120.94543,24.75981],[120.94556,24.75988],[120.94571,24.7599],[120.94587,24.7599],[120.94601,24.75986],[120.94617,24.75976],[120.94628,24.75968],[120.94636,24.75957],[120.94653,24.75928],[120.94664,24.75909],[120.94668,24.75894],[120.9467,24.75878],[120.94675,24.75867],[120.94681,24.75857],[120.94693,24.75849],[120.94708,24.75842],[120.94719,24.75838],[120.94732,24.75828],[120.94746,24.75814]],[[120.95278,24.75569],[120.9528,24.75556],[120.95285,24.75538]]]}},{"type":"Feature","properties":{"name":"仁和路","base":"仁和路","section":null,"tier":"hard","length_m":170,"district":"北區"},"geometry":{"type":"MultiLineString","coordinates":[[[120.92779,24.84091],[120.92802,24.84129],[120.92831,24.84175],[120.92862,24.84224]]]}},{"type":"Feature","properties":{"name":"仁德街","base":"仁德街","section":null,"tier":"hard","length_m":552,"district":"北區"},"geometry":{"type":"MultiLineString","coordinates":[[[120.9655,24.80457],[120.9652,24.80499],[120.96489,24.80541],[120.96466,24.80572],[120.96416,24.80633],[120.964,24.80654],[120.96364,24.80698],[120.96326,24.80747],[120.96248,24.80854],[120.96239,24.80865]]]}},{"type":"Feature","properties":{"name":"仁愛街（北區）","base":"仁愛街（北區）","section":null,"tier":"hard","length_m":73,"district":"北區"},"geometry":{"type":"MultiLineString","coordinates":[[[120.96937,24.80976],[120.96931,24.80983],[120.96895,24.81029]]]}},{"type":"Feature","properties":{"name":"仁愛街（東區）","base":"仁愛街（東區）","section":null,"tier":"hard","length_m":452,"district":"東區"},"geometry":{"type":"MultiLineString","coordinates":[[[120.96988,24.80909],[120.97008,24.80883],[120.97013,24.80877],[120.97038,24.80844],[120.97066,24.80808],[120.97093,24.80773],[120.9712,24.80738],[120.97126,24.8073],[120.9717,24.80673],[120.97172,24.8067],[120.97186,24.80653],[120.97205,24.80627]],[[120.96988,24.80909],[120.96956,24.80951],[120.96949,24.8096]]]}},{"type":"Feature","properties":{"name":"仁義街","base":"仁義街","section":null,"tier":"hard","length_m":203,"district":"東區"},"geometry":{"type":"MultiLineString","coordinates":[[[120.97121,24.80576],[120.97132,24.80581],[120.97134,24.80582],[120.97166,24.80603],[120.97205,24.80627],[120.97248,24.80655],[120.97283,24.80678],[120.97286,24.8068]]]}},{"type":"Feature","properties":{"name":"介壽一路","base":"介壽一路","section":null,"tier":"hard","length_m":259,"district":"東區"},"geometry":{"type":"MultiLineString","coordinates":[[[121.01747,24.78087],[121.01809,24.78053],[121.01963,24.77971],[121.01968,24.77968]]]}},{"type":"Feature","properties":{"name":"介壽段十米計畫道路（東區2）","base":"介壽段十米計畫道路（東區2）","section":null,"tier":"hard","length_m":29,"district":"東區"},"geometry":{"type":"MultiLineString","coordinates":[[[121.01749,24.77951],[121.01735,24.77928]]]}},{"type":"Feature","properties":{"name":"介壽段十米計畫道路（東區）","base":"介壽段十米計畫道路（東區）","section":null,"tier":"hard","length_m":173,"district":"東區"},"geometry":{"type":"MultiLineString","coordinates":[[[121.01763,24.77973],[121.01809,24.78053],[121.01842,24.78111]]]}},{"type":"Feature","properties":{"name":"介壽路（東區2）","base":"介壽路（東區2）","section":null,"tier":"medium","length_m":1349,"district":"東區"},"geometry":{"type":"MultiLineString","coordinates":[[[121.01909,24.77861],[121.01911,24.7785],[121.01884,24.77812],[121.01874,24.77798],[121.01845,24.77767],[121.01763,24.777],[121.01733,24.77674],[121.01724,24.77666],[121.01685,24.77628],[121.01677,24.77607],[121.01672,24.77588],[121.0167,24.77585],[121.01665,24.77576],[121.01664,24.77562]],[[121.01676,24.77627],[121.01663,24.77585],[121.01665,24.77576]],[[121.01676,24.77627],[121.0166,24.776],[121.01655,24.77593],[121.01642,24.77587],[121.01601,24.77578]],[[121.01909,24.77861],[121.019,24.77857],[121.01886,24.77836],[121.01877,24.77822],[121.01867,24.77809],[121.0185,24.77789],[121.01837,24.77776],[121.01783,24.77731],[121.01727,24.77679],[121.01719,24.77671],[121.0171,24.77663],[121.01676,24.77627]],[[121.0209,24.7819],[121.02084,24.7818],[121.02014,24.78051],[121.02007,24.78038],[121.01968,24.77968],[121.01935,24.7791],[121.01928,24.77897],[121.01922,24.77886],[121.01909,24.77861]]]}},{"type":"Feature","properties":{"name":"介壽路（東區）","base":"介壽路（東區）","section":null,"tier":"medium","length_m":1278,"district":"東區"},"geometry":{"type":"MultiLineString","coordinates":[[[121.01677,24.77561],[121.01684,24.77575]],[[121.0193,24.77852],[121.01943,24.77876],[121.01957,24.77901],[121.02028,24.78028],[121.02035,24.78041],[121.02044,24.78061],[121.02081,24.78126],[121.02095,24.78152],[121.02107,24.78175],[121.02117,24.78185]],[[121.01684,24.77575],[121.01693,24.77585],[121.01701,24.77613],[121.01713,24.77627],[121.01759,24.77665],[121.01788,24.7769],[121.01819,24.77716],[121.01856,24.77746],[121.01898,24.77795],[121.01909,24.7781],[121.01915,24.7782],[121.01923,24.77832],[121.01929,24.7784],[121.0193,24.77852]],[[121.01701,24.77581],[121.01698,24.77584],[121.01693,24.77585],[121.01689,24.77608]],[[121.01684,24.77575],[121.01685,24.77584],[121.01689,24.77608]],[[121.01689,24.77608],[121.01695,24.77622],[121.01707,24.77636],[121.01853,24.77756],[121.01882,24.77792],[121.01919,24.77846],[121.0193,24.77852]]]}},{"type":"Feature","properties":{"name":"仰德路","base":"仰德路","section":null,"tier":"hard","length_m":1391,"district":"東區"},"geometry":{"type":"MultiLineString","coordinates":[[[121.01101,24.81024],[121.01066,24.81051],[121.0106,24.81056],[121.00879,24.81175],[121.00872,24.81179],[121.00756,24.81249],[121.00749,24.81253],[121.00732,24.81264],[121.007,24.81284],[121.00617,24.81339],[121.00612,24.81342],[121.00608,24.81342],[121.00605,24.81341],[121.00576,24.81313],[121.00567,24.81307],[121.00551,24.81296],[121.00539,24.81283],[121.00534,24.81279],[121.00527,24.81271],[121.00518,24.8126],[121.00514,24.81252],[121.00509,24.81242],[121.00506,24.81237],[121.00501,24.81234],[121.00496,24.81233],[121.00491,24.81234],[121.00487,24.81238],[121.00484,24.81243],[121.00412,24.81349],[121.00376,24.81402]],[[121.00247,24.81079],[121.00269,24.81102],[121.00274,24.8111],[121.00279,24.8112],[121.00285,24.81134],[121.00294,24.81169],[121.0031,24.8122],[121.00351,24.81342],[121.00376,24.81402]]]}},{"type":"Feature","properties":{"name":"仲生路","base":"仲生路","section":null,"tier":"hard","length_m":862,"district":"東區"},"geometry":{"type":"MultiLineString","coordinates":[[[120.96984,24.76693],[120.96962,24.76733],[120.96943,24.76794],[120.96926,24.76848],[120.96912,24.76885],[120.96881,24.76924],[120.96804,24.76996],[120.96789,24.77007],[120.96779,24.77009],[120.96772,24.77009],[120.96766,24.77006],[120.96762,24.77001],[120.9676,24.76992],[120.96763,24.76982],[120.96769,24.76969],[120.96803,24.76932],[120.96822,24.7691],[120.96837,24.76896],[120.96845,24.76884],[120.96858,24.76872],[120.96869,24.76854],[120.96874,24.7684],[120.96881,24.76808],[120.96883,24.768],[120.96892,24.7677],[120.96916,24.7671],[120.96928,24.76682],[120.96935,24.76667]]]}},{"type":"Feature","properties":{"name":"住宅水溝","base":"住宅水溝","section":null,"tier":"hard","length_m":40,"district":"東區"},"geometry":{"type":"MultiLineString","coordinates":[[[120.97954,24.79634],[120.97977,24.79605]]]}},{"type":"Feature","properties":{"name":"信義街","base":"信義街","section":null,"tier":"hard","length_m":107,"district":"東區"},"geometry":{"type":"MultiLineString","coordinates":[[[120.96988,24.80095],[120.96991,24.80106],[120.97011,24.80189]]]}},{"type":"Feature","properties":{"name":"元培橋","base":"元培橋","section":null,"tier":"medium","length_m":14,"district":"香山區"},"geometry":{"type":"MultiLineString","coordinates":[[[120.93988,24.77827],[120.93977,24.77834]]]}},{"type":"Feature","properties":{"name":"元培街148巷","base":"元培街148巷","section":null,"tier":"hard","length_m":604,"lane":true,"district":"香山區"},"geometry":{"type":"MultiLineString","coordinates":[[[120.9321,24.7816],[120.93208,24.78155],[120.93201,24.7814],[120.93186,24.78109],[120.93177,24.78097],[120.9315,24.78089],[120.93136,24.78081],[120.93129,24.78073],[120.93122,24.78063],[120.93118,24.78046],[120.93114,24.78022],[120.93111,24.78014],[120.93108,24.78011],[120.93083,24.77999],[120.93079,24.77997],[120.93059,24.77969],[120.93055,24.77959],[120.93052,24.77936],[120.93049,24.77919],[120.93044,24.77912],[120.93032,24.77908],[120.93009,24.77909],[120.92985,24.77907],[120.92961,24.77905],[120.92947,24.77901],[120.92919,24.77882],[120.92909,24.77878],[120.92899,24.77877],[120.92878,24.77873],[120.92871,24.77867],[120.92858,24.77845],[120.92848,24.77832],[120.92846,24.7783],[120.92842,24.77826]],[[120.92858,24.77845],[120.92842,24.77852]]]}},{"type":"Feature","properties":{"name":"元培街32巷","base":"元培街32巷","section":null,"tier":"hard","length_m":132,"lane":true,"district":"香山區"},"geometry":{"type":"MultiLineString","coordinates":[[[120.92866,24.78706],[120.92869,24.78704],[120.92871,24.787],[120.92874,24.78693],[120.92881,24.7869],[120.92886,24.78689],[120.92911,24.78698],[120.92919,24.78701]],[[120.92867,24.78709],[120.92867,24.78712],[120.92865,24.78714],[120.92863,24.78717],[120.9286,24.78718],[120.92857,24.78719],[120.92854,24.78719],[120.92851,24.78718],[120.92848,24.78716],[120.92847,24.78713],[120.92846,24.7871],[120.92847,24.78707],[120.92848,24.78704],[120.92851,24.78702],[120.92854,24.78701],[120.92858,24.787],[120.92861,24.78701],[120.92864,24.78703],[120.92866,24.78706],[120.92867,24.78709]]]}},{"type":"Feature","properties":{"name":"元培街（香山區2）","base":"元培街（香山區2）","section":null,"tier":"medium","length_m":498,"district":"香山區"},"geometry":{"type":"MultiLineString","coordinates":[[[120.94392,24.77616],[120.94383,24.77619],[120.94301,24.77641],[120.94292,24.77644],[120.94232,24.77666],[120.94179,24.77701],[120.94171,24.77707],[120.94166,24.7771],[120.94145,24.77726],[120.94135,24.77736],[120.94112,24.77759],[120.94092,24.77774],[120.94079,24.77781],[120.94063,24.77787],[120.94053,24.77792],[120.94036,24.77798],[120.94031,24.778],[120.94011,24.77813],[120.93988,24.77827]],[[120.94411,24.77619],[120.94392,24.77616]]]}},{"type":"Feature","properties":{"name":"元培街（香山區3）","base":"元培街（香山區3）","section":null,"tier":"hard","length_m":301,"district":"香山區"},"geometry":{"type":"MultiLineString","coordinates":[[[120.94562,24.77605],[120.94543,24.77602],[120.94518,24.77589],[120.94507,24.77586],[120.94498,24.77591],[120.94471,24.77618],[120.94462,24.77623],[120.94434,24.77622]],[[120.94562,24.77605],[120.94602,24.77591],[120.94648,24.77574],[120.94672,24.77569],[120.94686,24.77567]],[[120.94686,24.77567],[120.94685,24.77558],[120.94685,24.77551]]]}},{"type":"Feature","properties":{"name":"元培街（香山區4）","base":"元培街（香山區4）","section":null,"tier":"medium","length_m":593,"district":"香山區"},"geometry":{"type":"MultiLineString","coordinates":[[[120.93197,24.78394],[120.93168,24.78414],[120.93149,24.78429],[120.93143,24.78435]],[[120.93143,24.78435],[120.93135,24.78441],[120.93119,24.78453],[120.93112,24.78461],[120.93059,24.78508],[120.93052,24.78514],[120.93044,24.78522],[120.93027,24.78539],[120.93002,24.7857],[120.92962,24.7863],[120.9296,24.78632],[120.92934,24.78671],[120.92921,24.78696],[120.92919,24.78701]],[[120.92919,24.78701],[120.92916,24.78708],[120.92907,24.78726],[120.92899,24.78745],[120.92888,24.7877],[120.92886,24.78779],[120.92879,24.78794],[120.9287,24.78814],[120.92866,24.78823]]]}},{"type":"Feature","properties":{"name":"元培街（香山區5）","base":"元培街（香山區5）","section":null,"tier":"hard","length_m":687,"district":"香山區"},"geometry":{"type":"MultiLineString","coordinates":[[[120.9397,24.77839],[120.93962,24.77844],[120.93948,24.77847],[120.9391,24.77844],[120.93891,24.77839],[120.93867,24.77834],[120.93846,24.77835],[120.93821,24.77843],[120.93784,24.7785],[120.93729,24.77872],[120.93681,24.779],[120.93643,24.77918],[120.93591,24.77944],[120.93589,24.77945],[120.93545,24.77965],[120.93519,24.7798],[120.93509,24.77989],[120.93416,24.78111]],[[120.93977,24.77834],[120.93975,24.77836],[120.9397,24.77839]]]}},{"type":"Feature","properties":{"name":"元培街（香山區）","base":"元培街（香山區）","section":null,"tier":"hard","length_m":349,"district":"香山區"},"geometry":{"type":"MultiLineString","coordinates":[[[120.93294,24.78272],[120.93269,24.78313],[120.93236,24.7836],[120.9323,24.78369],[120.93214,24.78382]],[[120.93407,24.78123],[120.9334,24.78209],[120.93294,24.78272]]]}},{"type":"Feature","properties":{"name":"光復橋（東區2）","base":"光復橋（東區2）","section":null,"tier":"medium","length_m":16,"district":"東區"},"geometry":{"type":"MultiLineString","coordinates":[[[120.98897,24.80049],[120.98882,24.80054]]]}},{"type":"Feature","properties":{"name":"光復橋（東區）","base":"光復橋（東區）","section":null,"tier":"medium","length_m":20,"district":"東區"},"geometry":{"type":"MultiLineString","coordinates":[[[120.9888,24.80044],[120.98899,24.80039]]]}},{"type":"Feature","properties":{"name":"光復路一段139巷","base":"光復路一段139巷","section":null,"tier":"hard","length_m":65,"lane":true,"district":"東區"},"geometry":{"type":"MultiLineString","coordinates":[[[121.02274,24.78081],[121.02219,24.78112]]]}},{"type":"Feature","properties":{"name":"光復路一段163巷","base":"光復路一段163巷","section":null,"tier":"hard","length_m":84,"lane":true,"district":"東區"},"geometry":{"type":"MultiLineString","coordinates":[[[121.02219,24.78112],[121.02212,24.78102],[121.02174,24.78048]]]}},{"type":"Feature","properties":{"name":"光復路一段195巷","base":"光復路一段195巷","section":null,"tier":"hard","length_m":82,"lane":true,"district":"東區"},"geometry":{"type":"MultiLineString","coordinates":[[[121.02124,24.78078],[121.02157,24.78124],[121.02168,24.7814]]]}},{"type":"Feature","properties":{"name":"光復路一段367巷50弄","base":"光復路一段367巷50弄","section":null,"tier":"hard","length_m":87,"lane":true,"district":"東區"},"geometry":{"type":"MultiLineString","coordinates":[[[121.01605,24.78218],[121.01685,24.7819]]]}},{"type":"Feature","properties":{"name":"光復路一段385巷","base":"光復路一段385巷","section":null,"tier":"hard","length_m":106,"lane":true,"district":"東區"},"geometry":{"type":"MultiLineString","coordinates":[[[121.01637,24.78275],[121.01677,24.78363]]]}},{"type":"Feature","properties":{"name":"光復路一段392巷","base":"光復路一段392巷","section":null,"tier":"hard","length_m":95,"lane":true,"district":"東區"},"geometry":{"type":"MultiLineString","coordinates":[[[121.01499,24.7843],[121.01502,24.78435],[121.01535,24.78509]]]}},{"type":"Feature","properties":{"name":"光復路一段403巷","base":"光復路一段403巷","section":null,"tier":"hard","length_m":170,"lane":true,"district":"東區"},"geometry":{"type":"MultiLineString","coordinates":[[[121.01577,24.78236],[121.01589,24.78257],[121.01593,24.78271],[121.0162,24.78336],[121.01638,24.78378]]]}},{"type":"Feature","properties":{"name":"光復路一段403巷23弄","base":"光復路一段403巷23弄","section":null,"tier":"hard","length_m":117,"lane":true,"district":"東區"},"geometry":{"type":"MultiLineString","coordinates":[[[121.01593,24.78271],[121.01636,24.78253],[121.01704,24.7825]]]}},{"type":"Feature","properties":{"name":"光復路一段403巷8弄","base":"光復路一段403巷8弄","section":null,"tier":"hard","length_m":168,"lane":true,"district":"東區"},"geometry":{"type":"MultiLineString","coordinates":[[[121.01544,24.78279],[121.01549,24.78289],[121.01565,24.78311],[121.01571,24.78323],[121.01584,24.7835]],[[121.0162,24.78336],[121.01584,24.7835],[121.01548,24.78364]]]}},{"type":"Feature","properties":{"name":"光復路一段459巷","base":"光復路一段459巷","section":null,"tier":"hard","length_m":322,"lane":true,"district":"東區"},"geometry":{"type":"MultiLineString","coordinates":[[[121.01451,24.78277],[121.01476,24.78322],[121.01509,24.78376],[121.01534,24.78417]],[[121.01577,24.78215],[121.01485,24.78264],[121.01451,24.78277]]]}},{"type":"Feature","properties":{"name":"光復路一段476巷","base":"光復路一段476巷","section":null,"tier":"hard","length_m":348,"lane":true,"district":"東區"},"geometry":{"type":"MultiLineString","coordinates":[[[121.01367,24.78814],[121.01366,24.78811],[121.01328,24.78697],[121.0132,24.78673],[121.01311,24.78644],[121.01309,24.78638],[121.01268,24.78514]]]}},{"type":"Feature","properties":{"name":"光復路一段485巷","base":"光復路一段485巷","section":null,"tier":"hard","length_m":116,"lane":true,"district":"東區"},"geometry":{"type":"MultiLineString","coordinates":[[[121.0142,24.78345],[121.01446,24.78398],[121.01466,24.78441]]]}},{"type":"Feature","properties":{"name":"光復路一段485巷28弄","base":"光復路一段485巷28弄","section":null,"tier":"hard","length_m":62,"lane":true,"district":"東區"},"geometry":{"type":"MultiLineString","coordinates":[[[121.0142,24.78345],[121.01476,24.78322]]]}},{"type":"Feature","properties":{"name":"光復路一段485巷29弄","base":"光復路一段485巷29弄","section":null,"tier":"hard","length_m":136,"lane":true,"district":"東區"},"geometry":{"type":"MultiLineString","coordinates":[[[121.01476,24.78322],[121.01502,24.78309],[121.01524,24.78294],[121.01539,24.78283],[121.01544,24.78279],[121.01589,24.78257]]]}},{"type":"Feature","properties":{"name":"光復路一段485巷6弄","base":"光復路一段485巷6弄","section":null,"tier":"hard","length_m":99,"lane":true,"district":"東區"},"geometry":{"type":"MultiLineString","coordinates":[[[121.01356,24.78433],[121.01446,24.78398]]]}},{"type":"Feature","properties":{"name":"光復路一段525巷","base":"光復路一段525巷","section":null,"tier":"hard","length_m":1101,"lane":true,"district":"東區"},"geometry":{"type":"MultiLineString","coordinates":[[[121.01909,24.77861],[121.0193,24.77852]],[[121.01375,24.78474],[121.01356,24.78433],[121.01354,24.78429],[121.01338,24.78378],[121.01339,24.78369],[121.0134,24.78357],[121.0134,24.78355],[121.01341,24.7832],[121.01339,24.78307],[121.01339,24.78293],[121.0134,24.78276],[121.01343,24.78262],[121.01346,24.78252],[121.01346,24.78252],[121.01365,24.78223],[121.01372,24.78213],[121.01377,24.78201],[121.01378,24.78183],[121.0137,24.78161],[121.01363,24.78147],[121.01353,24.78126],[121.01347,24.78114],[121.01345,24.78108],[121.01345,24.78101],[121.01347,24.78093],[121.01352,24.78084],[121.01356,24.78077],[121.01367,24.7807],[121.01379,24.78067],[121.01394,24.78061],[121.01416,24.78055],[121.01441,24.7805],[121.01469,24.78042],[121.0151,24.78032],[121.01535,24.78025],[121.01563,24.78015],[121.01605,24.77993],[121.01659,24.77965],[121.01695,24.77946],[121.01735,24.77928],[121.01763,24.77919],[121.01791,24.77911],[121.0181,24.77905],[121.01831,24.77897],[121.01848,24.77889],[121.01853,24.77887],[121.01866,24.7788],[121.01899,24.77865],[121.01909,24.77861]]]}},{"type":"Feature","properties":{"name":"光復路一段525巷29弄","base":"光復路一段525巷29弄","section":null,"tier":"hard","length_m":84,"lane":true,"district":"東區"},"geometry":{"type":"MultiLineString","coordinates":[[[121.0134,24.78357],[121.01363,24.7836],[121.01374,24.78359],[121.01396,24.78353],[121.0142,24.78345]]]}},{"type":"Feature","properties":{"name":"光復路一段531巷","base":"光復路一段531巷","section":null,"tier":"hard","length_m":571,"lane":true,"district":"東區"},"geometry":{"type":"MultiLineString","coordinates":[[[121.01266,24.78437],[121.01281,24.78418],[121.013,24.78398],[121.01323,24.78375]],[[121.01178,24.78261],[121.01198,24.78268],[121.01239,24.78284],[121.01306,24.7831],[121.01282,24.78359]],[[121.01338,24.78378],[121.01323,24.78375]],[[121.01277,24.78509],[121.01273,24.785],[121.01273,24.78493],[121.01276,24.78481],[121.0128,24.78468],[121.01281,24.78462],[121.01278,24.78454],[121.01266,24.78437]],[[121.01323,24.78375],[121.01282,24.78359],[121.0116,24.7831]]]}},{"type":"Feature","properties":{"name":"光復路一段531巷1弄","base":"光復路一段531巷1弄","section":null,"tier":"hard","length_m":92,"lane":true,"district":"東區"},"geometry":{"type":"MultiLineString","coordinates":[[[121.01256,24.78436],[121.01242,24.78444],[121.01235,24.78452],[121.01226,24.78453],[121.01183,24.78423]]]}},{"type":"Feature","properties":{"name":"光復路一段531巷2弄","base":"光復路一段531巷2弄","section":null,"tier":"hard","length_m":87,"lane":true,"district":"東區"},"geometry":{"type":"MultiLineString","coordinates":[[[121.01195,24.78395],[121.01256,24.78436],[121.01266,24.78437]]]}},{"type":"Feature","properties":{"name":"光復路一段531巷3弄","base":"光復路一段531巷3弄","section":null,"tier":"hard","length_m":99,"lane":true,"district":"東區"},"geometry":{"type":"MultiLineString","coordinates":[[[121.01256,24.78436],[121.01261,24.78403],[121.01212,24.7837]]]}},{"type":"Feature","properties":{"name":"光復路一段543巷","base":"光復路一段543巷","section":null,"tier":"hard","length_m":85,"lane":true,"district":"東區"},"geometry":{"type":"MultiLineString","coordinates":[[[121.01251,24.78524],[121.01232,24.78504],[121.01225,24.78491],[121.01223,24.78475],[121.01203,24.78468]]]}},{"type":"Feature","properties":{"name":"光復路一段576巷","base":"光復路一段576巷","section":null,"tier":"hard","length_m":339,"lane":true,"district":"東區"},"geometry":{"type":"MultiLineString","coordinates":[[[121.00621,24.78993],[121.00624,24.78997],[121.00628,24.79003],[121.0064,24.79028],[121.00679,24.79104],[121.00685,24.79126],[121.00694,24.79169],[121.00741,24.79276]]]}},{"type":"Feature","properties":{"name":"光復路一段607巷","base":"光復路一段607巷","section":null,"tier":"hard","length_m":164,"lane":true,"district":"東區"},"geometry":{"type":"MultiLineString","coordinates":[[[121.01086,24.78473],[121.01094,24.78505],[121.01108,24.78539],[121.01122,24.78572],[121.01124,24.78577],[121.01139,24.78612]]]}},{"type":"Feature","properties":{"name":"光復路一段607巷1弄","base":"光復路一段607巷1弄","section":null,"tier":"hard","length_m":215,"lane":true,"district":"東區"},"geometry":{"type":"MultiLineString","coordinates":[[[121.01122,24.78572],[121.01145,24.78523],[121.01174,24.78457],[121.01203,24.78468],[121.01184,24.78505]]]}},{"type":"Feature","properties":{"name":"光復路一段607巷3弄","base":"光復路一段607巷3弄","section":null,"tier":"hard","length_m":54,"lane":true,"district":"東區"},"geometry":{"type":"MultiLineString","coordinates":[[[121.01108,24.78539],[121.01119,24.78514],[121.01128,24.78494]]]}},{"type":"Feature","properties":{"name":"光復路一段89巷","base":"光復路一段89巷","section":null,"tier":"hard","length_m":605,"lane":true,"district":"東區"},"geometry":{"type":"MultiLineString","coordinates":[[[121.02407,24.78132],[121.02408,24.78121],[121.0241,24.78091],[121.02413,24.78081],[121.02417,24.78063],[121.02416,24.78057],[121.02422,24.78043],[121.02437,24.7801],[121.02445,24.77989],[121.02474,24.77925],[121.02477,24.77918],[121.02491,24.77883],[121.02502,24.77845],[121.02529,24.77804],[121.02542,24.7778],[121.02565,24.77747],[121.02571,24.77738]],[[121.02571,24.77738],[121.0262,24.7766],[121.02632,24.77634]]]}},{"type":"Feature","properties":{"name":"光復路一段（東區）","base":"光復路（東區）","section":"一段","tier":"medium","length_m":2838,"district":"東區"},"geometry":{"type":"MultiLineString","coordinates":[[[121.01032,24.78695],[121.01025,24.78707],[121.00997,24.78727]],[[121.01032,24.78695],[121.01059,24.78674]],[[121.00633,24.78969],[121.00673,24.78942]],[[121.00848,24.78822],[121.00944,24.78755],[121.00956,24.78746],[121.00966,24.78739]],[[121.00685,24.78952],[121.00621,24.78993]],[[121.0068,24.78937],[121.00717,24.78912],[121.00735,24.789],[121.00775,24.78873],[121.00815,24.78845],[121.00848,24.78822]],[[121.01781,24.78318],[121.01806,24.78306],[121.01824,24.78298],[121.01843,24.78289],[121.01942,24.78243],[121.02009,24.78214],[121.02028,24.78207],[121.02034,24.78204]],[[121.0209,24.7819],[121.02117,24.78185]],[[121.02117,24.78185],[121.02125,24.78183],[121.02155,24.78176],[121.02178,24.78171],[121.02255,24.78154]],[[121.02407,24.78132],[121.02442,24.7813],[121.02525,24.78126],[121.02539,24.78124],[121.02573,24.78121],[121.02594,24.78115],[121.02614,24.78105],[121.02649,24.78085]],[[121.01534,24.78417],[121.01638,24.78378],[121.01677,24.78363],[121.0174,24.78335],[121.01768,24.78323],[121.01781,24.78318]],[[121.00966,24.78739],[121.00976,24.78732],[121.01019,24.78701],[121.01032,24.78695]],[[121.01059,24.78674],[121.01084,24.78654],[121.011,24.78641],[121.01112,24.78632],[121.01139,24.78612],[121.01167,24.78591],[121.01186,24.78575],[121.01199,24.78565],[121.01217,24.7855],[121.01249,24.78526],[121.01251,24.78524],[121.01268,24.78514],[121.01277,24.78509],[121.01298,24.78502],[121.01375,24.78474]],[[121.00954,24.78759],[121.00818,24.78856],[121.00782,24.78882],[121.00754,24.78902],[121.00725,24.78923],[121.00692,24.78947],[121.00685,24.78952]],[[121.01375,24.78474],[121.01466,24.78441],[121.01499,24.7843],[121.01534,24.78417]],[[121.02255,24.78154],[121.02292,24.78149],[121.02323,24.78144],[121.02394,24.78133],[121.02407,24.78132]],[[121.00997,24.78727],[121.00954,24.78759]],[[121.00673,24.78942],[121.0068,24.78937]],[[121.02034,24.78204],[121.0204,24.78202],[121.0209,24.7819]]]}},{"type":"Feature","properties":{"name":"光復路二段2巷","base":"光復路二段2巷","section":null,"tier":"hard","length_m":684,"lane":true,"district":"東區"},"geometry":{"type":"MultiLineString","coordinates":[[[121.00563,24.79215],[121.00532,24.79154],[121.00518,24.79131],[121.00503,24.7912],[121.00486,24.79117],[121.00468,24.79115],[121.00459,24.79103]],[[121.00564,24.79547],[121.00588,24.79542],[121.00696,24.79514],[121.00702,24.79512],[121.00704,24.79509],[121.00704,24.79503],[121.00695,24.79476],[121.00676,24.79422],[121.00671,24.7941],[121.00644,24.79342],[121.00634,24.79319],[121.00619,24.79295],[121.00598,24.79269],[121.0059,24.79258],[121.0058,24.79246],[121.0057,24.7923],[121.00563,24.79215]]]}},{"type":"Feature","properties":{"name":"光復路二段（東區2）","base":"光復路（東區2）","section":"二段","tier":"medium","length_m":2701,"district":"東區"},"geometry":{"type":"MultiLineString","coordinates":[[[120.98711,24.80108],[120.98595,24.80145],[120.98574,24.80152],[120.98505,24.80175],[120.98471,24.80185]],[[120.97874,24.80362],[120.9784,24.80408]],[[120.98707,24.80099],[120.98821,24.80063],[120.9883,24.8006],[120.98841,24.80057],[120.9888,24.80044]],[[120.98471,24.80185],[120.98423,24.80202]],[[120.9847,24.80176],[120.9851,24.80163],[120.98563,24.80146],[120.9863,24.80124],[120.98636,24.80122],[120.98679,24.80108],[120.98707,24.80099]],[[120.97898,24.80339],[120.97968,24.80329],[120.97987,24.80327]],[[120.9842,24.80194],[120.9847,24.80176]],[[120.98001,24.80341],[120.9798,24.80345],[120.97973,24.80346],[120.97972,24.80346],[120.97919,24.80355],[120.97874,24.80362]],[[120.97874,24.80362],[120.9787,24.80378],[120.97831,24.80432],[120.97799,24.80474],[120.97795,24.8048],[120.9778,24.8047],[120.97783,24.80465],[120.97791,24.80455],[120.9785,24.80376],[120.97859,24.80365],[120.97876,24.80343],[120.97898,24.80339]],[[120.97987,24.80327],[120.98005,24.80323],[120.98159,24.80273],[120.98167,24.80271],[120.98302,24.80227],[120.98313,24.80223]],[[120.97874,24.80362],[120.97859,24.80365]],[[120.98318,24.80239],[120.98308,24.80242],[120.98173,24.80286],[120.9807,24.80321],[120.98012,24.80338],[120.98001,24.80341]],[[120.98313,24.80223],[120.98324,24.80219],[120.98331,24.80217],[120.98444,24.8018],[120.9847,24.80176]],[[120.98471,24.80185],[120.9845,24.80198],[120.98409,24.80211],[120.98339,24.80233],[120.9833,24.80235],[120.98318,24.80239]],[[120.98882,24.80054],[120.98845,24.80066],[120.98833,24.80069],[120.98825,24.80072],[120.98795,24.80081],[120.98711,24.80108]],[[120.97919,24.80355],[120.97898,24.80339]]]}},{"type":"Feature","properties":{"name":"光復路二段（東區3）","base":"光復路（東區3）","section":"二段","tier":"medium","length_m":144,"district":"東區"},"geometry":{"type":"MultiLineString","coordinates":[[[120.97751,24.80529],[120.9775,24.80536],[120.9775,24.80542],[120.97752,24.80546],[120.97755,24.80552],[120.97759,24.80558],[120.97768,24.80567],[120.97773,24.80571],[120.97785,24.80582],[120.97795,24.8059],[120.97805,24.80604]],[[120.97751,24.80529],[120.97746,24.80534],[120.97738,24.80539],[120.9773,24.80544],[120.97718,24.80548]]]}},{"type":"Feature","properties":{"name":"光復路二段（東區）","base":"光復路（東區）","section":"二段","tier":"medium","length_m":4262,"district":"東區"},"geometry":{"type":"MultiLineString","coordinates":[[[121.00621,24.78993],[121.00592,24.79013],[121.00534,24.7905],[121.00526,24.79056],[121.00467,24.79098],[121.00459,24.79103]],[[120.99094,24.79973],[120.99108,24.79969],[120.99242,24.79926],[120.99268,24.79917],[120.99329,24.79897],[120.99347,24.79891],[120.99356,24.79888],[120.99372,24.79882],[120.99404,24.79866],[120.99419,24.79857],[120.99428,24.79852],[120.99437,24.79846],[120.99559,24.7977],[120.99566,24.79765],[120.99571,24.79761],[120.99579,24.79755]],[[121.00459,24.79103],[121.00451,24.79109],[121.00442,24.79115],[121.00434,24.79121],[121.00423,24.79128],[121.0038,24.79159],[121.00269,24.79238],[121.00256,24.79247],[121.0023,24.79265],[121.00214,24.79277],[121.00174,24.79305],[121.00157,24.79318],[121.00141,24.79329],[121.00132,24.79335]],[[121.00132,24.79335],[121.00125,24.7934],[121.00057,24.7939],[121.00032,24.79408],[120.9996,24.7946],[120.99875,24.79534],[120.99804,24.79595],[120.998,24.79598],[120.99793,24.79604]],[[121.00124,24.79327],[121.00133,24.79321],[121.00134,24.7932],[121.00262,24.79228],[121.00355,24.79161],[121.00407,24.79125],[121.00437,24.79102],[121.00442,24.79099],[121.0045,24.79093]],[[121.0045,24.79093],[121.00456,24.79089],[121.0046,24.79087],[121.00469,24.79081]],[[121.00469,24.79081],[121.00522,24.79044],[121.0053,24.79038],[121.00633,24.78969]],[[120.99786,24.79597],[120.99796,24.79588],[120.99812,24.79575],[120.99825,24.79563],[120.99828,24.79561],[120.99831,24.79558],[120.99835,24.79554],[120.99839,24.79551],[120.99955,24.7945],[121.0008,24.79361],[121.00117,24.79332],[121.00124,24.79327]],[[120.98968,24.80017],[120.98982,24.80012],[120.99063,24.79984],[120.99068,24.79983],[120.99087,24.79976],[120.99094,24.79973]],[[120.99104,24.79981],[120.99091,24.79985],[120.99033,24.80005],[120.98986,24.80021],[120.98972,24.80026]],[[120.99793,24.79604],[120.99788,24.79608],[120.99722,24.79664],[120.99717,24.79668],[120.99706,24.79675],[120.99595,24.79756],[120.99586,24.79763]],[[120.98899,24.80039],[120.9896,24.80019],[120.98968,24.80017]],[[120.98972,24.80026],[120.98963,24.80029],[120.98897,24.80049]],[[120.99579,24.79755],[120.99588,24.79748],[120.99626,24.79722],[120.997,24.79668],[120.9971,24.79661],[120.9975,24.79627],[120.9978,24.79602],[120.99786,24.79597]],[[120.99586,24.79763],[120.99577,24.79769],[120.99527,24.79803],[120.99444,24.79855],[120.99434,24.79861],[120.99426,24.79865],[120.99421,24.79868],[120.99402,24.79878],[120.99376,24.79891],[120.99361,24.79897],[120.99351,24.799],[120.99283,24.79922],[120.99261,24.7993],[120.9915,24.79966],[120.99114,24.79978],[120.99104,24.79981]]]}},{"type":"Feature","properties":{"name":"光復路地下道","base":"光復路地下道","section":null,"tier":"medium","length_m":162,"district":"東區"},"geometry":{"type":"MultiLineString","coordinates":[[[120.9784,24.80408],[120.97751,24.80529]]]}},{"type":"Feature","properties":{"name":"光明十一路1巷","base":"光明十一路1巷","section":null,"tier":"hard","length_m":961,"lane":true,"district":"北區"},"geometry":{"type":"MultiLineString","coordinates":[[[120.99089,24.83018],[120.98954,24.82977],[120.98869,24.82951],[120.98836,24.82943],[120.98803,24.82939],[120.98778,24.82939],[120.98753,24.82942],[120.9862,24.82974],[120.98549,24.83004],[120.98485,24.83054],[120.98463,24.83069],[120.9844,24.83081],[120.98418,24.83086],[120.98397,24.83088],[120.98334,24.83079],[120.98276,24.83077],[120.98247,24.83077],[120.98194,24.8308]]]}},{"type":"Feature","properties":{"name":"光華一街","base":"光華一街","section":null,"tier":"hard","length_m":269,"district":"北區"},"geometry":{"type":"MultiLineString","coordinates":[[[120.97325,24.81779],[120.97327,24.81747],[120.9733,24.81706],[120.97333,24.81664]],[[120.97333,24.81664],[120.97339,24.81606]],[[120.97339,24.81606],[120.97411,24.81585]]]}},{"type":"Feature","properties":{"name":"光華二街（北區2）","base":"光華二街（北區2）","section":null,"tier":"hard","length_m":776,"district":"北區"},"geometry":{"type":"MultiLineString","coordinates":[[[120.97823,24.82248],[120.97791,24.82207],[120.97768,24.82178],[120.97751,24.82156],[120.97734,24.82135],[120.9772,24.82117],[120.97683,24.8207],[120.97658,24.82038],[120.97637,24.82012],[120.97614,24.81982],[120.97609,24.81975],[120.97597,24.8196],[120.97591,24.81953],[120.97572,24.81929],[120.9757,24.81926]],[[120.9757,24.81926],[120.97555,24.81907],[120.97533,24.81878],[120.97521,24.81863],[120.975,24.81836],[120.97464,24.8179]],[[120.97464,24.8179],[120.9743,24.8176],[120.97426,24.81753],[120.97429,24.81713],[120.97433,24.81668]]]}},{"type":"Feature","properties":{"name":"光華二街（北區）","base":"光華二街（北區）","section":null,"tier":"hard","length_m":104,"district":"北區"},"geometry":{"type":"MultiLineString","coordinates":[[[120.97871,24.8235],[120.97842,24.82279],[120.97833,24.82263]]]}},{"type":"Feature","properties":{"name":"光華北街","base":"光華北街","section":null,"tier":"hard","length_m":455,"district":"北區"},"geometry":{"type":"MultiLineString","coordinates":[[[120.97066,24.81648],[120.97108,24.81682],[120.97144,24.8171],[120.97221,24.81772]],[[120.97221,24.81772],[120.97325,24.81779],[120.97381,24.81784],[120.97395,24.81785],[120.97443,24.81788],[120.97464,24.8179]]]}},{"type":"Feature","properties":{"name":"光華南街","base":"光華南街","section":null,"tier":"hard","length_m":667,"district":"北區"},"geometry":{"type":"MultiLineString","coordinates":[[[120.97066,24.81648],[120.9723,24.81658],[120.97333,24.81664]],[[120.97333,24.81664],[120.97433,24.81668],[120.9747,24.81632]],[[120.97535,24.81565],[120.97544,24.81553],[120.97553,24.8154],[120.97555,24.81512],[120.97556,24.81494],[120.97557,24.81477],[120.97561,24.81443]],[[120.9747,24.81632],[120.97497,24.81605],[120.97526,24.81577]],[[120.97526,24.81577],[120.97535,24.81565]]]}},{"type":"Feature","properties":{"name":"光華東一街","base":"光華東一街","section":null,"tier":"hard","length_m":240,"district":"北區"},"geometry":{"type":"MultiLineString","coordinates":[[[120.97553,24.81702],[120.9758,24.81703],[120.97673,24.81708]],[[120.97673,24.81708],[120.97727,24.81711],[120.97768,24.81713],[120.97776,24.81712],[120.97781,24.81711],[120.97789,24.81707]]]}},{"type":"Feature","properties":{"name":"光華東街","base":"光華東街","section":null,"tier":"hard","length_m":496,"district":"北區"},"geometry":{"type":"MultiLineString","coordinates":[[[120.97464,24.8179],[120.97507,24.81747],[120.97512,24.81742],[120.97553,24.81702]],[[120.97419,24.81513],[120.9742,24.81501],[120.97423,24.81468],[120.97426,24.81437],[120.97426,24.81433]],[[120.97553,24.81702],[120.97514,24.81669],[120.9747,24.81632]],[[120.9747,24.81632],[120.97436,24.81605],[120.97411,24.81585]],[[120.97411,24.81585],[120.97417,24.81534],[120.97418,24.81521]],[[120.97418,24.81521],[120.97419,24.81513]]]}},{"type":"Feature","properties":{"name":"光華橋","base":"光華橋","section":null,"tier":"hard","length_m":19,"district":"北區"},"geometry":{"type":"MultiLineString","coordinates":[[[120.97833,24.82263],[120.97823,24.82248]]]}},{"type":"Feature","properties":{"name":"光華街","base":"光華街","section":null,"tier":"hard","length_m":674,"district":"東區"},"geometry":{"type":"MultiLineString","coordinates":[[[120.97298,24.8128],[120.97294,24.81302],[120.97285,24.81329],[120.97283,24.81332],[120.97265,24.81377],[120.97264,24.81379]],[[120.97221,24.81772],[120.97192,24.81799],[120.97168,24.81823],[120.97146,24.81846],[120.97142,24.8185]],[[120.97264,24.81379],[120.97263,24.81381],[120.97253,24.81406],[120.97252,24.81409],[120.9725,24.81421],[120.97249,24.81429],[120.97246,24.81456],[120.97245,24.81471],[120.97243,24.81489],[120.97241,24.81513],[120.9724,24.81524],[120.97239,24.81542],[120.97238,24.8156],[120.97237,24.81568],[120.97237,24.81572],[120.97235,24.81597],[120.97233,24.8162],[120.97232,24.81628],[120.9723,24.81658],[120.97226,24.81699],[120.97223,24.81742],[120.97221,24.81772]]]}},{"type":"Feature","properties":{"name":"內湖橋（香山區2）","base":"內湖橋（香山區2）","section":null,"tier":"easy","length_m":20,"district":"香山區"},"geometry":{"type":"MultiLineString","coordinates":[[[120.90945,24.74071],[120.90935,24.74087]]]}},{"type":"Feature","properties":{"name":"內湖橋（香山區）","base":"內湖橋（香山區）","section":null,"tier":"easy","length_m":24,"district":"香山區"},"geometry":{"type":"MultiLineString","coordinates":[[[120.90916,24.74088],[120.90927,24.74069]]]}},{"type":"Feature","properties":{"name":"內湖路","base":"內湖路","section":null,"tier":"easy","length_m":660,"district":"香山區"},"geometry":{"type":"MultiLineString","coordinates":[[[120.90614,24.74102],[120.90609,24.74174],[120.90607,24.742],[120.90605,24.74216],[120.90604,24.74231],[120.90601,24.74273],[120.90599,24.74307],[120.90596,24.74337],[120.90591,24.74407],[120.90588,24.74449],[120.90584,24.74514],[120.90584,24.7453],[120.90586,24.74545],[120.90588,24.74556],[120.90593,24.74571],[120.90601,24.74588]],[[120.90601,24.74588],[120.90608,24.74596],[120.90616,24.74603],[120.90625,24.74608]],[[120.90632,24.74629],[120.90623,24.7462],[120.90615,24.7461],[120.90608,24.74599],[120.90601,24.74588]],[[120.90625,24.74608],[120.90631,24.74611],[120.90635,24.74615],[120.90639,24.7462],[120.90643,24.74625]]]}},{"type":"Feature","properties":{"name":"內湖路34巷","base":"內湖路34巷","section":null,"tier":"hard","length_m":158,"lane":true,"district":"香山區"},"geometry":{"type":"MultiLineString","coordinates":[[[120.90588,24.74449],[120.90582,24.7445],[120.9057,24.74455],[120.90545,24.74472],[120.90519,24.74489],[120.90518,24.74495],[120.90498,24.74511],[120.90495,24.74514],[120.90488,24.74523],[120.90479,24.74526],[120.90477,24.74539]]]}},{"type":"Feature","properties":{"name":"八德路","base":"八德路","section":null,"tier":"hard","length_m":698,"district":"東區"},"geometry":{"type":"MultiLineString","coordinates":[[[120.98172,24.80632],[120.98185,24.80616],[120.98191,24.80608],[120.9821,24.80585],[120.98214,24.8058],[120.98233,24.80554],[120.98265,24.80513],[120.98302,24.80464],[120.98321,24.8044],[120.98334,24.80422],[120.9835,24.80401],[120.98366,24.80381],[120.98367,24.8038],[120.98378,24.80376],[120.98391,24.80371],[120.98466,24.80347],[120.98479,24.80342],[120.98482,24.80341],[120.9858,24.80309],[120.98607,24.803],[120.98633,24.80291],[120.98683,24.80275],[120.98698,24.80271]]]}},{"type":"Feature","properties":{"name":"公園路","base":"公園路","section":null,"tier":"hard","length_m":1817,"district":"東區"},"geometry":{"type":"MultiLineString","coordinates":[[[120.97701,24.80138],[120.97712,24.80145],[120.97819,24.80209],[120.97901,24.80259],[120.97916,24.80268],[120.97955,24.80293],[120.9798,24.80319],[120.97987,24.80327]],[[120.98001,24.80341],[120.98009,24.80351],[120.98057,24.80382],[120.98106,24.80413],[120.98145,24.80436],[120.98174,24.80455],[120.98193,24.80467],[120.98202,24.80473],[120.98229,24.8049],[120.98265,24.80513],[120.98362,24.80572],[120.98371,24.80578],[120.98385,24.80587],[120.98408,24.80601]],[[120.97987,24.80327],[120.98001,24.80341]],[[120.97701,24.80138],[120.9769,24.80135],[120.97587,24.80073],[120.9758,24.80068],[120.97571,24.80061]],[[120.97583,24.7998],[120.97591,24.79974],[120.97597,24.79968],[120.97605,24.79966],[120.97615,24.79963],[120.97694,24.79953],[120.9771,24.79957]],[[120.9771,24.79957],[120.97694,24.79962],[120.97641,24.79968],[120.97609,24.79972],[120.97595,24.79978],[120.97594,24.79979],[120.97587,24.79985],[120.97583,24.79988],[120.9758,24.79991],[120.9757,24.80013],[120.9757,24.8002]],[[120.97571,24.80061],[120.97567,24.80048],[120.97563,24.80038],[120.97561,24.80028]],[[120.9757,24.8002],[120.97571,24.80037],[120.97575,24.80046],[120.97576,24.80049],[120.97583,24.8006],[120.97594,24.80068],[120.97694,24.80129],[120.97701,24.80138]],[[120.98408,24.80601],[120.98423,24.8061],[120.98506,24.80663],[120.98517,24.8067],[120.98548,24.80689],[120.98548,24.8069]],[[120.97561,24.80028],[120.97562,24.80021],[120.97562,24.80013],[120.97567,24.8],[120.97573,24.79989],[120.97579,24.79984],[120.97583,24.7998]]]}},{"type":"Feature","properties":{"name":"公竹路","base":"公竹路","section":null,"tier":"hard","length_m":278,"district":"東區"},"geometry":{"type":"MultiLineString","coordinates":[[[120.97508,24.80094],[120.97513,24.80086],[120.97537,24.80055],[120.97539,24.80052]],[[120.97411,24.80223],[120.97415,24.80218],[120.97433,24.80195],[120.97444,24.80179],[120.97445,24.80178],[120.9745,24.80172],[120.97454,24.80166]],[[120.97454,24.80166],[120.9746,24.80157],[120.97473,24.8014],[120.97504,24.80098],[120.97508,24.80094]],[[120.97539,24.80052],[120.97546,24.80045],[120.97561,24.80028]],[[120.97561,24.80028],[120.9757,24.8002]]]}},{"type":"Feature","properties":{"name":"公道三路（北區2）","base":"公道三路（北區2）","section":null,"tier":"medium","length_m":358,"district":"北區"},"geometry":{"type":"MultiLineString","coordinates":[[[120.95054,24.80188],[120.95054,24.80192],[120.95058,24.80245],[120.95059,24.80251],[120.95061,24.8027],[120.95073,24.8032],[120.95074,24.80324],[120.95075,24.80328],[120.9508,24.80351],[120.95091,24.80399],[120.95093,24.80409],[120.95108,24.80495],[120.9511,24.80505]]]}},{"type":"Feature","properties":{"name":"公道三路（北區）","base":"公道三路（北區）","section":null,"tier":"medium","length_m":356,"district":"北區"},"geometry":{"type":"MultiLineString","coordinates":[[[120.951,24.80504],[120.95098,24.80496],[120.95096,24.80489],[120.95092,24.80456],[120.95083,24.80409],[120.95065,24.8033],[120.95065,24.80325],[120.95064,24.80321],[120.95053,24.80269],[120.95051,24.80246],[120.95045,24.80192],[120.95045,24.80188]]]}},{"type":"Feature","properties":{"name":"公道五路一段（北區）","base":"公道五路（北區）","section":"一段","tier":"medium","length_m":2593,"district":"北區"},"geometry":{"type":"MultiLineString","coordinates":[[[121.01329,24.79564],[121.01347,24.79559],[121.01503,24.79512],[121.01543,24.79502],[121.0158,24.79494],[121.01616,24.79488]],[[121.01663,24.79487],[121.01731,24.7948],[121.01798,24.79474],[121.0183,24.79471],[121.01864,24.79466],[121.01905,24.79459],[121.01945,24.79449],[121.01982,24.79437],[121.02002,24.7943],[121.02039,24.79415],[121.0205,24.7941],[121.0206,24.79406]],[[121.02061,24.79396],[121.02087,24.79383]],[[121.0206,24.79406],[121.02085,24.79395]],[[121.02061,24.79418],[121.02035,24.79429],[121.02003,24.79441],[121.01984,24.79448],[121.01947,24.79459],[121.01907,24.79469],[121.01864,24.79477],[121.0183,24.79482],[121.018,24.79484],[121.01731,24.79491],[121.01668,24.79497]],[[121.02085,24.79408],[121.02061,24.79418]],[[121.02063,24.79427],[121.02032,24.7944],[121.02004,24.79451],[121.01963,24.79465],[121.01934,24.79472],[121.01909,24.79478],[121.01866,24.79486],[121.01831,24.79491],[121.018,24.79494],[121.01731,24.795],[121.01672,24.79505],[121.01617,24.79512],[121.01592,24.79515]],[[121.02086,24.79417],[121.02063,24.79427]],[[121.01616,24.79488],[121.01628,24.79485],[121.01668,24.79477],[121.01731,24.79471],[121.01799,24.79465],[121.0183,24.79462],[121.01863,24.79457],[121.01903,24.7945],[121.01945,24.79439],[121.01979,24.79428],[121.02002,24.7942],[121.02041,24.79405],[121.02061,24.79396]],[[121.01616,24.79488],[121.01628,24.79489],[121.01653,24.79487],[121.01663,24.79487]],[[121.01668,24.79497],[121.01651,24.79501],[121.01617,24.79507],[121.01601,24.7951],[121.01592,24.79515],[121.01548,24.79524],[121.01508,24.79535],[121.01347,24.79583],[121.0133,24.79589]]]}},{"type":"Feature","properties":{"name":"公道五路三段（北區）","base":"公道五路（北區）","section":"三段","tier":"medium","length_m":8145,"district":"北區"},"geometry":{"type":"MultiLineString","coordinates":[[[120.97858,24.8238],[120.97871,24.82359],[120.97985,24.82234]],[[120.98529,24.81509],[120.98534,24.81498]],[[120.98534,24.81498],[120.98555,24.81453]],[[120.98866,24.80797],[120.98854,24.8081],[120.9882,24.80856],[120.98681,24.81033],[120.98639,24.81087],[120.98633,24.81102],[120.98629,24.81115],[120.98628,24.81127],[120.98626,24.8115],[120.98625,24.81208],[120.98624,24.81292],[120.98623,24.81307],[120.98621,24.81325],[120.98615,24.81344],[120.98603,24.81374],[120.98571,24.81455]],[[120.98858,24.80788],[120.98876,24.80777],[120.99048,24.80675],[120.99058,24.80668]],[[120.99278,24.80548],[120.99271,24.80552],[120.99241,24.80569],[120.99121,24.8064],[120.99084,24.80663],[120.99075,24.80668]],[[120.99281,24.80555],[120.99275,24.80558],[120.99248,24.80573],[120.9923,24.80584],[120.99174,24.80617],[120.99118,24.8065],[120.99088,24.80669],[120.99079,24.80674]],[[120.99054,24.80662],[120.99065,24.80655]],[[120.97996,24.82239],[120.97979,24.82264],[120.97945,24.82299],[120.97905,24.82342],[120.97877,24.82371]],[[120.97852,24.82365],[120.97863,24.82357],[120.97871,24.8235]],[[120.98609,24.81217],[120.98608,24.81128],[120.98615,24.81098],[120.98617,24.81091]],[[120.98621,24.81082],[120.98624,24.81078],[120.98624,24.81078],[120.98631,24.81067],[120.98639,24.81056],[120.9865,24.8104],[120.98662,24.81026],[120.98671,24.81014],[120.98693,24.81025],[120.98681,24.81039],[120.98667,24.81059],[120.98661,24.81067],[120.98657,24.81074],[120.98648,24.81085],[120.98645,24.81089]],[[120.98555,24.81453],[120.98556,24.81443],[120.98559,24.81435],[120.98564,24.81423],[120.98568,24.81415],[120.98579,24.8139],[120.98592,24.81359],[120.98597,24.81346],[120.98602,24.8133],[120.98606,24.81317],[120.98608,24.813],[120.98609,24.81283],[120.98609,24.81248],[120.98609,24.81217]],[[120.98633,24.81217],[120.98632,24.81247],[120.98631,24.81283],[120.98632,24.81301],[120.9863,24.8132],[120.98626,24.81335],[120.98619,24.81359],[120.986,24.81403],[120.98583,24.81441],[120.98579,24.81447],[120.98571,24.81455]],[[120.98571,24.81455],[120.98549,24.815]],[[120.98555,24.81453],[120.98566,24.81435],[120.98593,24.81377],[120.98605,24.81349],[120.9861,24.81333],[120.98613,24.81319],[120.98615,24.81287],[120.98616,24.81249],[120.98617,24.81211],[120.98617,24.81156],[120.98615,24.81126],[120.98617,24.81113],[120.98621,24.81099],[120.98628,24.81081],[120.98671,24.81026],[120.9881,24.8085],[120.98832,24.80822],[120.98845,24.80804],[120.98858,24.80788]],[[120.97985,24.82234],[120.98066,24.82146],[120.98116,24.82091],[120.98175,24.8202],[120.98243,24.81933],[120.98324,24.81822],[120.98359,24.81775],[120.98385,24.81737],[120.98436,24.81668]],[[120.97996,24.82239],[120.97934,24.82301],[120.97878,24.82363],[120.97858,24.8238]],[[120.98436,24.81668],[120.98463,24.81628],[120.98474,24.81612],[120.9849,24.81589],[120.98511,24.8155],[120.9852,24.81533],[120.98529,24.81509]],[[120.99079,24.80674],[120.99066,24.80681]],[[120.97871,24.8235],[120.9789,24.82329],[120.97961,24.82253],[120.97985,24.82234]],[[120.98645,24.81089],[120.98642,24.81097],[120.98639,24.81105],[120.98638,24.81108],[120.98635,24.81122],[120.98634,24.81159],[120.98633,24.8121],[120.98633,24.81217]],[[120.98549,24.815],[120.98543,24.8151]],[[120.98447,24.81673],[120.98367,24.8178],[120.98255,24.81934],[120.98243,24.8195],[120.98181,24.82032],[120.98173,24.82041],[120.98139,24.82083],[120.98127,24.82097],[120.98075,24.82153],[120.97996,24.82239]],[[120.98543,24.8151],[120.98504,24.81584],[120.98447,24.81673]],[[120.99062,24.80676],[120.99053,24.80682],[120.98978,24.80726],[120.9888,24.80782],[120.98866,24.80797]],[[120.98705,24.80969],[120.9875,24.80912],[120.98799,24.80848],[120.98841,24.80798],[120.98858,24.80788]],[[120.98866,24.80797],[120.98862,24.80815],[120.98775,24.80927],[120.9873,24.80984]],[[120.9873,24.80984],[120.98705,24.80969]],[[120.97873,24.82375],[120.97873,24.82377]],[[120.98858,24.80788],[120.98872,24.80771],[120.98905,24.80752],[120.98957,24.8072],[120.99025,24.8068],[120.99043,24.80669],[120.99054,24.80662]],[[120.99075,24.80668],[120.99062,24.80676]],[[120.99058,24.80668],[120.9907,24.80661]],[[120.99066,24.80681],[120.99056,24.80687],[120.99043,24.80696],[120.99005,24.80718],[120.98965,24.80742],[120.98918,24.8077],[120.98886,24.80789],[120.98866,24.80797]],[[120.9907,24.80661],[120.99079,24.80656],[120.9921,24.80577],[120.99265,24.80545],[120.99273,24.8054]],[[120.99065,24.80655],[120.99074,24.8065],[120.99096,24.80636],[120.99124,24.8062],[120.9914,24.8061],[120.99181,24.80586],[120.99236,24.80553],[120.99261,24.80538],[120.99269,24.80533]],[[120.97877,24.82371],[120.97873,24.82375]],[[120.97873,24.82377],[120.9787,24.8239]]]}},{"type":"Feature","properties":{"name":"公道五路二段（北區）","base":"公道五路（北區）","section":"二段","tier":"medium","length_m":7874,"district":"北區"},"geometry":{"type":"MultiLineString","coordinates":[[[120.99273,24.8054],[120.99286,24.80534],[120.99385,24.80483],[120.99393,24.80479],[120.99407,24.80472],[120.99437,24.80456],[120.99632,24.8036],[120.99648,24.80352],[120.99832,24.80259],[120.9984,24.80255],[121.00041,24.80162],[121.00058,24.80154],[121.00174,24.80097],[121.00252,24.80057],[121.00259,24.80053],[121.00455,24.79955],[121.00649,24.79861],[121.00659,24.79857]],[[121.0133,24.79589],[121.01317,24.79593]],[[120.99269,24.80533],[120.9928,24.80523],[120.99314,24.80506],[120.99379,24.80474],[120.99388,24.80469]],[[121.0109,24.79635],[121.01104,24.79628],[121.01153,24.79612],[121.01256,24.79582]],[[121.0087,24.79765],[121.00846,24.79777],[121.00837,24.79782],[121.00813,24.79794],[121.00785,24.79806]],[[121.00884,24.79743],[121.00932,24.79719],[121.00963,24.79705],[121.01014,24.79678],[121.0107,24.7965],[121.0109,24.79635]],[[121.00785,24.79806],[121.00737,24.79829],[121.00683,24.79856],[121.00673,24.79861],[121.00663,24.79865]],[[121.00806,24.79782],[121.00827,24.79773],[121.00836,24.79768],[121.00843,24.79764],[121.00862,24.79755],[121.00884,24.79743]],[[121.01317,24.79593],[121.01306,24.79595],[121.01268,24.79606]],[[121.01104,24.79659],[121.01079,24.79663],[121.01022,24.79688],[121.00891,24.79755]],[[121.00266,24.80065],[121.00259,24.80069],[121.00177,24.80112],[121.00064,24.80163],[121.00047,24.80172],[120.99848,24.80268],[120.9984,24.80272],[120.99655,24.80362],[120.99637,24.8037],[120.99412,24.80481],[120.99399,24.80487]],[[121.00254,24.80046],[121.00353,24.79999]],[[121.00363,24.79993],[121.00468,24.7994],[121.00534,24.79908],[121.00558,24.79896],[121.00645,24.79855],[121.00659,24.79857]],[[121.01256,24.79582],[121.01295,24.79573],[121.01303,24.79571],[121.01315,24.79568],[121.01329,24.79564]],[[120.99405,24.80497],[120.99396,24.80502],[120.99295,24.8055],[120.99281,24.80555]],[[120.99399,24.80487],[120.9939,24.80492],[120.99291,24.80542],[120.99278,24.80548]],[[120.99388,24.80469],[120.99401,24.80463],[120.99433,24.80447],[120.99504,24.80413],[120.99628,24.80353],[120.99644,24.80345],[120.99827,24.80251],[120.99835,24.80247],[120.99951,24.80193],[121.00036,24.80153],[121.00053,24.80146]],[[121.00073,24.80175],[121.00055,24.80183],[121.00021,24.802],[120.99997,24.80211],[120.99934,24.80241],[120.99854,24.80279],[120.99847,24.80282],[120.99814,24.80299],[120.9966,24.80372],[120.99643,24.8038],[120.99417,24.80491],[120.99405,24.80497]],[[121.00053,24.80146],[121.00105,24.8012],[121.00168,24.80088],[121.00248,24.80049],[121.00254,24.80046]],[[121.01268,24.79606],[121.01148,24.79641],[121.01104,24.79659]],[[121.00659,24.79857],[121.00668,24.79852],[121.00686,24.79844],[121.00696,24.79839],[121.0078,24.79795]],[[121.00663,24.79865],[121.00654,24.7987],[121.00573,24.79908],[121.00367,24.80012],[121.00266,24.80065]],[[121.00663,24.79865],[121.00659,24.79877],[121.00433,24.79992],[121.00415,24.80001],[121.0036,24.8003],[121.00273,24.80075]],[[121.00353,24.79999],[121.00363,24.79993]],[[121.00273,24.80075],[121.00264,24.80079],[121.00187,24.8012],[121.00073,24.80175]],[[121.0078,24.79795],[121.00806,24.79782]],[[121.00891,24.79755],[121.0087,24.79765]]]}},{"type":"Feature","properties":{"name":"公道五路五段（北區2）","base":"公道五路（北區2）","section":"五段","tier":"medium","length_m":1738,"district":"北區"},"geometry":{"type":"MultiLineString","coordinates":[[[120.95341,24.83258],[120.95194,24.83332],[120.95107,24.83377],[120.95098,24.83381],[120.95015,24.83425],[120.94885,24.83497],[120.94802,24.83542],[120.9467,24.83622],[120.94591,24.8367],[120.94473,24.83758],[120.94445,24.83779],[120.94426,24.83793],[120.94384,24.83825],[120.94358,24.83846],[120.94333,24.83866],[120.94324,24.83873],[120.94291,24.839],[120.94277,24.83912],[120.94249,24.83935],[120.94221,24.83958],[120.94182,24.83989],[120.94075,24.84079],[120.94004,24.84145]],[[120.95341,24.83258],[120.95351,24.83242]],[[120.95375,24.83242],[120.95341,24.83258]]]}},{"type":"Feature","properties":{"name":"公道五路四段（北區）","base":"公道五路（北區）","section":"四段","tier":"medium","length_m":2830,"district":"北區"},"geometry":{"type":"MultiLineString","coordinates":[[[120.97858,24.8238],[120.97811,24.82429],[120.97798,24.82439],[120.97779,24.8245],[120.97658,24.82478]],[[120.97658,24.82478],[120.97652,24.82483],[120.97606,24.82496],[120.9756,24.82507],[120.97487,24.82522],[120.97419,24.82531],[120.97412,24.82531]],[[120.97412,24.82531],[120.9743,24.82527],[120.97483,24.8252],[120.97558,24.82505],[120.97605,24.82492],[120.97658,24.82478]],[[120.97412,24.82531],[120.97368,24.82536],[120.97304,24.82543],[120.97231,24.82555],[120.97206,24.8256]],[[120.97153,24.82577],[120.97163,24.82572],[120.97184,24.82563],[120.97206,24.8256]],[[120.97206,24.8256],[120.97153,24.82577]],[[120.97153,24.82577],[120.97124,24.82586],[120.97067,24.82606],[120.96977,24.82626],[120.96935,24.82639],[120.96894,24.82654],[120.96822,24.82677],[120.96756,24.827],[120.96684,24.82722],[120.96595,24.82756],[120.96259,24.8286],[120.96131,24.82904],[120.96016,24.82943],[120.95958,24.82964],[120.95915,24.82979],[120.95884,24.82991],[120.95851,24.83005],[120.95794,24.83029],[120.95762,24.83047],[120.95742,24.83056],[120.9572,24.83067],[120.95616,24.83118],[120.95591,24.83127],[120.95576,24.83127],[120.95556,24.83126],[120.95538,24.83122],[120.95533,24.83118]]]}},{"type":"Feature","properties":{"name":"凌雲街","base":"凌雲街","section":null,"tier":"hard","length_m":401,"district":"北區"},"geometry":{"type":"MultiLineString","coordinates":[[[120.95509,24.80381],[120.9542,24.80409],[120.95412,24.8041],[120.95407,24.80407],[120.95401,24.80392],[120.95379,24.80328],[120.95374,24.80314],[120.95352,24.80253],[120.9535,24.80249],[120.95368,24.80243],[120.95382,24.80238],[120.95449,24.80215]]]}},{"type":"Feature","properties":{"name":"創新三路","base":"創新三路","section":null,"tier":"hard","length_m":888,"district":"東區"},"geometry":{"type":"MultiLineString","coordinates":[[[121.00278,24.78012],[121.00274,24.77974],[121.00275,24.77918],[121.00281,24.77805],[121.00281,24.77765],[121.00268,24.77744],[121.00237,24.77765],[121.00224,24.77774],[121.0021,24.77783],[121.00206,24.77786],[121.0019,24.77797],[121.00126,24.77843],[121.00046,24.77898],[120.99948,24.77974],[120.99874,24.78038],[120.99854,24.78068],[120.99847,24.78081],[120.99846,24.78085],[120.99845,24.78095]]]}},{"type":"Feature","properties":{"name":"創新二路","base":"創新二路","section":null,"tier":"hard","length_m":235,"district":"東區"},"geometry":{"type":"MultiLineString","coordinates":[[[120.99503,24.78142],[120.99511,24.78135],[120.99559,24.78092],[120.99664,24.77996],[120.99668,24.77993]]]}},{"type":"Feature","properties":{"name":"力行一路","base":"力行一路","section":null,"tier":"hard","length_m":951,"district":"東區"},"geometry":{"type":"MultiLineString","coordinates":[[[121.0169,24.7722],[121.01689,24.77273],[121.01685,24.77284],[121.01681,24.7729],[121.01645,24.77317],[121.0164,24.77322],[121.01625,24.77334],[121.01621,24.77337],[121.01568,24.7738],[121.01559,24.77387]],[[121.01756,24.76773],[121.01745,24.76788],[121.0174,24.76794],[121.01717,24.76826],[121.01711,24.76832],[121.01707,24.76836],[121.01699,24.7685],[121.01697,24.76864],[121.01699,24.76879],[121.01706,24.7689],[121.01806,24.77004],[121.01809,24.77012],[121.0181,24.7702],[121.01808,24.77028],[121.01804,24.77035],[121.01727,24.77085],[121.01714,24.77094],[121.0171,24.77099],[121.01706,24.77108],[121.01698,24.77124],[121.01696,24.77135],[121.01693,24.77145],[121.01693,24.77153],[121.01694,24.77158],[121.01692,24.77203],[121.0169,24.7722]],[[121.01481,24.77446],[121.01534,24.77406],[121.01549,24.77395],[121.01559,24.77387]]]}},{"type":"Feature","properties":{"name":"力行七路","base":"力行七路","section":null,"tier":"hard","length_m":318,"district":"東區"},"geometry":{"type":"MultiLineString","coordinates":[[[121.01232,24.77489],[121.01244,24.77479]],[[121.01244,24.77479],[121.01249,24.77475],[121.01345,24.77397],[121.0146,24.77304],[121.01467,24.77298]]]}},{"type":"Feature","properties":{"name":"力行三路","base":"力行三路","section":null,"tier":"hard","length_m":2048,"district":"東區"},"geometry":{"type":"MultiLineString","coordinates":[[[121.02259,24.77595],[121.0226,24.77588],[121.0226,24.77573],[121.0226,24.77565],[121.02261,24.77558],[121.02262,24.77547],[121.0226,24.77528],[121.02261,24.77514],[121.0226,24.77496],[121.02254,24.7748],[121.02212,24.77432],[121.02208,24.77428]],[[121.01756,24.76773],[121.01765,24.76778],[121.01792,24.76793],[121.01823,24.76802],[121.01857,24.76809],[121.01878,24.76811],[121.01888,24.76812],[121.01895,24.76813],[121.01904,24.76814]],[[121.01671,24.76714],[121.01727,24.76759],[121.01745,24.76769],[121.01756,24.76773]],[[121.01904,24.76826],[121.01887,24.76826],[121.01876,24.76825],[121.01867,24.76825],[121.01833,24.76821],[121.01792,24.76808],[121.01754,24.76792],[121.01745,24.76788],[121.01737,24.76784],[121.01727,24.76779],[121.01712,24.76768],[121.01676,24.76741],[121.01649,24.76718],[121.01629,24.76702],[121.01623,24.76696],[121.01621,24.76679]],[[121.01904,24.76814],[121.01913,24.76816],[121.01999,24.7682],[121.02026,24.76825]],[[121.02026,24.76825],[121.02069,24.76824],[121.02103,24.76815],[121.02106,24.76815]],[[121.02208,24.77428],[121.02199,24.7742],[121.02156,24.77381],[121.02101,24.77332],[121.0207,24.77301],[121.0204,24.77264],[121.02033,24.77242],[121.02029,24.77228],[121.02028,24.7722],[121.02029,24.7721],[121.02031,24.77195],[121.02043,24.77174],[121.02079,24.77141],[121.02083,24.77137],[121.02187,24.77048],[121.02193,24.77035],[121.02196,24.77019],[121.02194,24.77002],[121.02161,24.76938],[121.02155,24.76927],[121.02153,24.76923],[121.02111,24.76826],[121.02106,24.76815]],[[121.01621,24.76679],[121.01635,24.76684],[121.01643,24.76691],[121.01671,24.76714]],[[121.02026,24.76825],[121.01996,24.76827],[121.01914,24.76825],[121.01904,24.76826]]]}},{"type":"Feature","properties":{"name":"力行九路","base":"力行九路","section":null,"tier":"hard","length_m":468,"district":"東區"},"geometry":{"type":"MultiLineString","coordinates":[[[121.01807,24.77152],[121.01704,24.77146],[121.01693,24.77145],[121.01686,24.77144],[121.01642,24.77142],[121.01612,24.77142],[121.01588,24.77139],[121.01573,24.77133],[121.01554,24.77123],[121.01536,24.77108],[121.01499,24.77072],[121.01424,24.76994],[121.01416,24.76985]]]}},{"type":"Feature","properties":{"name":"力行二路（東區2）","base":"力行二路（東區2）","section":null,"tier":"medium","length_m":841,"district":"東區"},"geometry":{"type":"MultiLineString","coordinates":[[[121.01892,24.77568],[121.01892,24.77561],[121.01891,24.77549],[121.01891,24.77538],[121.01891,24.7753],[121.0189,24.77495],[121.0189,24.77486],[121.0189,24.77403],[121.0189,24.77397],[121.0189,24.77387],[121.0189,24.77379],[121.0189,24.77369],[121.0189,24.77343],[121.01891,24.7723],[121.01891,24.77227],[121.01891,24.77222],[121.0189,24.77206],[121.01887,24.77046],[121.01887,24.77035],[121.01887,24.77028],[121.01887,24.7702],[121.01887,24.76833],[121.01887,24.76826],[121.01888,24.76812]]]}},{"type":"Feature","properties":{"name":"力行二路（東區）","base":"力行二路（東區）","section":null,"tier":"medium","length_m":838,"district":"東區"},"geometry":{"type":"MultiLineString","coordinates":[[[121.01904,24.76814],[121.01904,24.76826],[121.01904,24.76832],[121.01904,24.76903],[121.01903,24.76989],[121.01904,24.77019],[121.01904,24.77027],[121.01904,24.77034],[121.01907,24.77206],[121.01907,24.77222],[121.01907,24.77229],[121.01905,24.77302],[121.01906,24.77372],[121.01906,24.77379],[121.01906,24.77388],[121.01907,24.7753],[121.01907,24.77537]],[[121.01907,24.77537],[121.01907,24.77549],[121.01907,24.77561],[121.01907,24.77568]]]}},{"type":"Feature","properties":{"name":"力行五路","base":"力行五路","section":null,"tier":"hard","length_m":599,"district":"東區"},"geometry":{"type":"MultiLineString","coordinates":[[[121.01795,24.76562],[121.01805,24.76567],[121.01884,24.76616],[121.01903,24.7662],[121.01906,24.76619],[121.01928,24.76613],[121.01943,24.766],[121.02016,24.76497],[121.02064,24.7643],[121.02103,24.76397],[121.02135,24.76343],[121.02153,24.76299],[121.02156,24.76293],[121.02163,24.76279]]]}},{"type":"Feature","properties":{"name":"力行六路","base":"力行六路","section":null,"tier":"hard","length_m":651,"district":"東區"},"geometry":{"type":"MultiLineString","coordinates":[[[121.01676,24.77544],[121.01677,24.77561]],[[121.01467,24.77298],[121.01459,24.77291],[121.01435,24.77266],[121.01337,24.77165],[121.01308,24.7713],[121.01301,24.77122]],[[121.01559,24.77387],[121.01551,24.77381],[121.01474,24.77306],[121.01467,24.77298]],[[121.01664,24.77562],[121.01676,24.77544]],[[121.01676,24.77544],[121.01675,24.77538],[121.01672,24.77521],[121.01665,24.77504],[121.01564,24.77394],[121.01559,24.77387]]]}},{"type":"Feature","properties":{"name":"力行十路","base":"力行十路","section":null,"tier":"hard","length_m":138,"district":"東區"},"geometry":{"type":"MultiLineString","coordinates":[[[121.02028,24.7722],[121.0202,24.7722],[121.01912,24.77222],[121.01907,24.77222],[121.01891,24.77222]]]}},{"type":"Feature","properties":{"name":"力行四路","base":"力行四路","section":null,"tier":"hard","length_m":434,"district":"東區"},"geometry":{"type":"MultiLineString","coordinates":[[[121.02224,24.76335],[121.02236,24.76326],[121.02242,24.7632],[121.02294,24.76274],[121.02299,24.76269],[121.02319,24.76255],[121.0239,24.76205],[121.02392,24.762],[121.02391,24.76198],[121.02359,24.76117],[121.02346,24.76082],[121.02335,24.76075],[121.02282,24.76081]]]}},{"type":"Feature","properties":{"name":"力行路（東區2）","base":"力行路（東區2）","section":null,"tier":"medium","length_m":4808,"district":"東區"},"geometry":{"type":"MultiLineString","coordinates":[[[121.01664,24.77562],[121.01677,24.77561]],[[121.01677,24.77561],[121.01689,24.77554],[121.01699,24.77549],[121.01882,24.77538],[121.01891,24.77538],[121.01907,24.77537]],[[121.01875,24.7644],[121.01869,24.76454],[121.01861,24.76469],[121.01844,24.76497],[121.01817,24.76534],[121.01795,24.76562],[121.0178,24.76578],[121.01771,24.76588],[121.01737,24.76618]],[[121.01737,24.76618],[121.01662,24.76686],[121.01661,24.7669],[121.0166,24.76692],[121.01659,24.76697],[121.01661,24.76702],[121.01665,24.76707],[121.01671,24.76714]],[[121.02585,24.77299],[121.02587,24.77292],[121.02589,24.77288],[121.02617,24.77158],[121.02641,24.77094],[121.02645,24.77084]],[[121.02611,24.77156],[121.02636,24.77092],[121.0264,24.77082],[121.02645,24.77068],[121.02649,24.77058],[121.0267,24.77026],[121.02708,24.76982],[121.02726,24.76956],[121.02735,24.76949]],[[121.01677,24.77561],[121.0169,24.7756],[121.01804,24.77553],[121.01883,24.77549],[121.01891,24.77549],[121.01907,24.77549],[121.01918,24.77549],[121.0206,24.77552],[121.02069,24.77553],[121.02079,24.77553],[121.02248,24.77572],[121.0226,24.77573],[121.02276,24.77573],[121.02325,24.77575],[121.02382,24.77566],[121.02417,24.77552],[121.02468,24.77523],[121.02508,24.77488],[121.02538,24.77444],[121.02557,24.774],[121.02558,24.77396],[121.02562,24.77388],[121.02565,24.77375],[121.02566,24.7737],[121.02585,24.77299]],[[121.01907,24.77537],[121.01919,24.77538],[121.0206,24.77543],[121.02069,24.77544],[121.0208,24.77545],[121.02247,24.77562],[121.02249,24.77563],[121.0226,24.77565],[121.02276,24.77566],[121.02325,24.77566],[121.02377,24.77559],[121.02382,24.77558],[121.02415,24.77546],[121.02463,24.77518],[121.02499,24.77484],[121.02524,24.77449],[121.02548,24.774],[121.02551,24.77393],[121.02554,24.77386],[121.02558,24.77373],[121.0256,24.77366],[121.02577,24.77298],[121.02578,24.77291],[121.02579,24.77288],[121.02611,24.77156]],[[121.02735,24.76949],[121.02737,24.76938],[121.02738,24.76881],[121.02727,24.76848],[121.02724,24.76841],[121.0272,24.76832],[121.0271,24.76813],[121.02669,24.76771],[121.0262,24.76745],[121.02566,24.76721],[121.02477,24.76676],[121.02459,24.76664],[121.02453,24.7666]],[[121.02442,24.76654],[121.0244,24.76652],[121.02411,24.76625],[121.02384,24.76597],[121.02373,24.7658],[121.02368,24.76572],[121.02363,24.76563],[121.02361,24.76561],[121.02341,24.76525],[121.02319,24.76472],[121.02306,24.76441],[121.02287,24.76407],[121.02255,24.76364],[121.02224,24.76335],[121.02218,24.76331],[121.02164,24.76298],[121.02156,24.76293],[121.02139,24.76285],[121.0212,24.76279],[121.02093,24.76274],[121.0207,24.76274],[121.0205,24.76275],[121.02017,24.76279],[121.01995,24.76285],[121.0197,24.76298],[121.01966,24.76301],[121.01959,24.76306],[121.01947,24.76314],[121.01928,24.76334],[121.01919,24.76347],[121.01906,24.76368],[121.01875,24.7644]],[[121.02453,24.7666],[121.02442,24.76654]],[[121.02645,24.77084],[121.02651,24.77071],[121.02656,24.7706],[121.02675,24.77032],[121.02714,24.76986],[121.02729,24.76962],[121.02735,24.76949]]]}},{"type":"Feature","properties":{"name":"力行路（東區）","base":"力行路（東區）","section":null,"tier":"medium","length_m":4509,"district":"東區"},"geometry":{"type":"MultiLineString","coordinates":[[[121.01893,24.7637],[121.01903,24.76352],[121.01918,24.76329],[121.01931,24.76312],[121.0195,24.76297],[121.01954,24.76294],[121.01957,24.76292],[121.01979,24.76279],[121.02008,24.76266],[121.02043,24.76261],[121.02076,24.76262],[121.02105,24.76264],[121.02139,24.76271],[121.02154,24.76275],[121.02163,24.76279],[121.02172,24.76285],[121.02228,24.76321],[121.02236,24.76326],[121.02262,24.76353],[121.02282,24.76374],[121.02301,24.764],[121.02318,24.7643],[121.02337,24.76473],[121.02353,24.76512],[121.02375,24.76551],[121.02378,24.76556],[121.02383,24.76565],[121.02388,24.76572],[121.02398,24.76591],[121.0241,24.76604],[121.02428,24.76624],[121.0245,24.7664],[121.02459,24.76648],[121.02467,24.76653],[121.02478,24.7666],[121.02503,24.76674],[121.02571,24.76707],[121.02642,24.76736],[121.02677,24.76758],[121.0272,24.76807],[121.02731,24.76827],[121.02736,24.76835],[121.0274,24.76843],[121.02752,24.7688],[121.02755,24.76892],[121.02756,24.76916],[121.02754,24.7694],[121.02753,24.76951],[121.0275,24.76965],[121.02746,24.76971],[121.02734,24.76988],[121.02722,24.77006]],[[121.02259,24.77595],[121.02245,24.77595],[121.02099,24.77579],[121.02077,24.77576],[121.02069,24.77575],[121.02061,24.77574],[121.01916,24.77568],[121.01907,24.77568],[121.01892,24.77568],[121.01883,24.77569],[121.01881,24.77569],[121.01701,24.77581]],[[121.01755,24.76563],[121.01783,24.76539],[121.01804,24.76515],[121.01824,24.76488],[121.01854,24.76447],[121.01869,24.76421],[121.01893,24.7637]],[[121.02669,24.7708],[121.02668,24.77093],[121.02663,24.77103],[121.02651,24.7716],[121.02614,24.77297],[121.02612,24.77303],[121.02592,24.77376],[121.02589,24.77382],[121.02584,24.77394],[121.02579,24.77405],[121.02578,24.77406],[121.02567,24.77439],[121.02553,24.77466],[121.0252,24.7751],[121.02477,24.77545],[121.02414,24.77578],[121.02358,24.77593],[121.02284,24.77597],[121.02274,24.77596],[121.02259,24.77595]],[[121.02603,24.77302],[121.02582,24.77374],[121.0258,24.77378],[121.0258,24.77379],[121.02576,24.77391],[121.02572,24.77402],[121.02556,24.77445],[121.02546,24.77461],[121.02531,24.77483],[121.02511,24.77506],[121.02493,24.77522],[121.02461,24.77545],[121.02427,24.77561],[121.02395,24.77573],[121.02322,24.77585],[121.02275,24.77589],[121.0226,24.77588],[121.02246,24.77586],[121.02078,24.77567],[121.02069,24.77567],[121.02061,24.77566],[121.01917,24.77562],[121.01907,24.77561],[121.01892,24.77561],[121.01883,24.77561],[121.01719,24.77568],[121.01692,24.77573],[121.01684,24.77575]],[[121.01701,24.77581],[121.01693,24.77578],[121.01684,24.77575]],[[121.02722,24.77006],[121.02709,24.77022],[121.02686,24.77054],[121.02669,24.7708]],[[121.02669,24.7708],[121.02663,24.77091],[121.02659,24.77101],[121.0264,24.77154],[121.02605,24.77295],[121.02603,24.77302]]]}},{"type":"Feature","properties":{"name":"勝利路","base":"勝利路","section":null,"tier":"hard","length_m":507,"district":"東區"},"geometry":{"type":"MultiLineString","coordinates":[[[120.96682,24.8003],[120.96666,24.8003],[120.96656,24.8003],[120.96629,24.80033],[120.96585,24.80051],[120.96567,24.8006],[120.96556,24.80068],[120.96533,24.80084],[120.96508,24.80101],[120.96495,24.80113],[120.96486,24.80119],[120.96464,24.80133],[120.96457,24.80138],[120.96406,24.80172],[120.96396,24.80182],[120.96382,24.80194],[120.96364,24.80216],[120.96331,24.80257],[120.96297,24.80298]]]}},{"type":"Feature","properties":{"name":"北大橋","base":"北大橋","section":null,"tier":"medium","length_m":26,"district":"東區"},"geometry":{"type":"MultiLineString","coordinates":[[[120.96931,24.81052],[120.96952,24.81065]]]}},{"type":"Feature","properties":{"name":"北大路（北區）","base":"北大路（北區）","section":null,"tier":"medium","length_m":1482,"district":"北區"},"geometry":{"type":"MultiLineString","coordinates":[[[120.96048,24.80138],[120.95997,24.80198]],[[120.95997,24.80198],[120.96017,24.80255],[120.96042,24.80328]],[[120.96678,24.80895],[120.96688,24.80901],[120.96703,24.8091],[120.96735,24.8093],[120.96769,24.80951],[120.96789,24.80964],[120.96824,24.80985],[120.96841,24.80996],[120.96858,24.81006],[120.96895,24.81029],[120.96931,24.81052]],[[120.9624,24.80619],[120.96292,24.80652],[120.96298,24.80655],[120.96327,24.80674],[120.96364,24.80698],[120.96443,24.80748],[120.96486,24.80775],[120.96522,24.80797],[120.96591,24.80841],[120.96672,24.80891],[120.96678,24.80895]],[[120.96042,24.80328],[120.9607,24.80402],[120.9608,24.80429],[120.9609,24.80456],[120.96103,24.80492],[120.96123,24.80545],[120.96171,24.80574],[120.9624,24.80619]]]}},{"type":"Feature","properties":{"name":"北大路（東區）","base":"北大路（東區）","section":null,"tier":"medium","length_m":588,"district":"東區"},"geometry":{"type":"MultiLineString","coordinates":[[[120.96999,24.81093],[120.9701,24.811],[120.97056,24.81129],[120.9709,24.81151],[120.97125,24.81173],[120.97169,24.812],[120.97189,24.81213]],[[120.96991,24.81088],[120.96999,24.81093]],[[120.96952,24.81065],[120.96975,24.81078],[120.96991,24.81088]],[[120.97189,24.81213],[120.97219,24.81231],[120.9724,24.81244],[120.97285,24.81272],[120.97298,24.8128],[120.97353,24.81314],[120.97394,24.8134],[120.97432,24.81364]]]}},{"type":"Feature","properties":{"name":"北新街","base":"北新街","section":null,"tier":"hard","length_m":532,"district":"北區"},"geometry":{"type":"MultiLineString","coordinates":[[[120.95997,24.80198],[120.95968,24.80203],[120.95891,24.80228],[120.95843,24.80243],[120.95834,24.80246],[120.95798,24.80257],[120.95733,24.80276],[120.95709,24.80284],[120.95626,24.8031],[120.95598,24.80318],[120.9551,24.80346],[120.95498,24.8035]]]}},{"type":"Feature","properties":{"name":"北門街","base":"北門街","section":null,"tier":"hard","length_m":763,"district":"北區"},"geometry":{"type":"MultiLineString","coordinates":[[[120.9661,24.80459],[120.96608,24.80491],[120.96608,24.80495]],[[120.96608,24.80495],[120.96605,24.80533],[120.96595,24.80611],[120.96594,24.80622],[120.96574,24.80697],[120.96547,24.80748],[120.96539,24.80765],[120.96522,24.80797],[120.96503,24.8083],[120.96506,24.80838],[120.96512,24.80858],[120.96533,24.80916],[120.96541,24.80936],[120.96547,24.80953],[120.96559,24.80989],[120.9655,24.81016],[120.96521,24.81036],[120.96514,24.81041],[120.9651,24.81046],[120.96507,24.81058],[120.96521,24.81099]]]}},{"type":"Feature","properties":{"name":"千甲路","base":"千甲路","section":null,"tier":"hard","length_m":2717,"district":"東區"},"geometry":{"type":"MultiLineString","coordinates":[[[120.99678,24.80636],[120.99684,24.8064],[120.99699,24.80646],[120.99713,24.80651],[120.9972,24.80653],[120.99765,24.80655],[120.99811,24.80656],[120.99847,24.80663],[120.99878,24.80668],[120.99943,24.8068],[121.00075,24.80708],[121.00143,24.80722],[121.00165,24.80726],[121.00187,24.8073],[121.00216,24.80736],[121.00249,24.80742],[121.00294,24.80751],[121.00349,24.80763],[121.00395,24.80772],[121.00407,24.80773],[121.0042,24.80774],[121.00437,24.80774],[121.005,24.80772],[121.00533,24.8077],[121.0062,24.80765]],[[121.01042,24.80686],[121.01064,24.80684],[121.01123,24.8068],[121.0116,24.80679],[121.01188,24.80678],[121.01202,24.80679],[121.01219,24.80679],[121.01237,24.80679],[121.01273,24.80682],[121.01297,24.80685],[121.01317,24.80688],[121.01341,24.80692],[121.01358,24.80693],[121.01368,24.80692],[121.01376,24.8069],[121.01383,24.80688],[121.01391,24.80683],[121.01464,24.80622],[121.01585,24.8054],[121.01633,24.80504],[121.01638,24.80498]],[[121.01674,24.80473],[121.01723,24.80437],[121.01734,24.80429],[121.01754,24.80413],[121.01774,24.80398],[121.01881,24.80328],[121.01956,24.80282],[121.01987,24.80263],[121.021,24.80189]],[[121.0062,24.80765],[121.00637,24.80762],[121.00654,24.8076],[121.00692,24.80757],[121.00728,24.80749],[121.00795,24.80725],[121.00867,24.80696]],[[121.00867,24.80696],[121.00908,24.80695],[121.00959,24.80694],[121.00983,24.80692],[121.00995,24.80691]],[[121.00995,24.80691],[121.01032,24.80687]],[[121.01032,24.80687],[121.01042,24.80686]],[[121.01674,24.80473],[121.01668,24.80482],[121.01649,24.80494],[121.01638,24.80498]],[[121.01638,24.80498],[121.01645,24.80488],[121.01663,24.80477],[121.01674,24.80473]]]}},{"type":"Feature","properties":{"name":"千甲路387巷","base":"千甲路387巷","section":null,"tier":"hard","length_m":452,"lane":true,"district":"東區"},"geometry":{"type":"MultiLineString","coordinates":[[[121.01101,24.81024],[121.01155,24.80964],[121.01192,24.80919],[121.01234,24.80864],[121.01287,24.80795],[121.01324,24.80751],[121.0134,24.80732],[121.01344,24.80727],[121.01353,24.80713],[121.01358,24.80693]]]}},{"type":"Feature","properties":{"name":"千甲里北向入口","base":"千甲里北向入口","section":null,"tier":"hard","length_m":224,"district":"東區"},"geometry":{"type":"MultiLineString","coordinates":[[[121.01361,24.79925],[121.01366,24.79959],[121.0137,24.79996],[121.01372,24.80029]],[[121.01364,24.79903],[121.01361,24.79925]],[[121.01372,24.80029],[121.01379,24.80064],[121.01384,24.80086],[121.01391,24.80101]]]}},{"type":"Feature","properties":{"name":"千甲里北向出口","base":"千甲里北向出口","section":null,"tier":"hard","length_m":195,"district":"東區"},"geometry":{"type":"MultiLineString","coordinates":[[[121.01447,24.80225],[121.01466,24.80251],[121.01496,24.80287],[121.01513,24.80305]],[[121.01513,24.80305],[121.01532,24.80313]],[[121.01421,24.80174],[121.01425,24.8019],[121.01447,24.80225]]]}},{"type":"Feature","properties":{"name":"千甲里南向入口","base":"千甲里南向入口","section":null,"tier":"hard","length_m":207,"district":"東區"},"geometry":{"type":"MultiLineString","coordinates":[[[121.01497,24.80319],[121.01469,24.8029],[121.01436,24.80251]],[[121.01505,24.80338],[121.01497,24.80319]],[[121.01436,24.80251],[121.01407,24.80199],[121.01399,24.80193],[121.01391,24.80186]]]}},{"type":"Feature","properties":{"name":"千甲里南向出口","base":"千甲里南向出口","section":null,"tier":"hard","length_m":317,"district":"東區"},"geometry":{"type":"MultiLineString","coordinates":[[[121.0136,24.80056],[121.01355,24.80019],[121.01351,24.79967],[121.01346,24.79925]],[[121.01404,24.80181],[121.01391,24.80169],[121.01387,24.80156],[121.01376,24.80119],[121.01368,24.80087],[121.0136,24.80056]],[[121.01346,24.79925],[121.01338,24.79906]]]}},{"type":"Feature","properties":{"name":"南勢二街","base":"南勢二街","section":null,"tier":"hard","length_m":126,"district":"北區"},"geometry":{"type":"MultiLineString","coordinates":[[[120.94938,24.80286],[120.94939,24.80273],[120.94939,24.80256],[120.9494,24.80232],[120.94942,24.80203],[120.94944,24.8018],[120.94944,24.80173]]]}},{"type":"Feature","properties":{"name":"南勢八街","base":"南勢八街","section":null,"tier":"hard","length_m":120,"district":"北區"},"geometry":{"type":"MultiLineString","coordinates":[[[120.94748,24.80202],[120.9475,24.80216],[120.94754,24.8025],[120.9476,24.80309]]]}},{"type":"Feature","properties":{"name":"南勢六街","base":"南勢六街","section":null,"tier":"hard","length_m":185,"district":"北區"},"geometry":{"type":"MultiLineString","coordinates":[[[120.94818,24.80161],[120.94816,24.80195],[120.94817,24.8024],[120.94813,24.80289],[120.94794,24.80323]]]}},{"type":"Feature","properties":{"name":"南勢十二街","base":"南勢十二街","section":null,"tier":"hard","length_m":133,"district":"北區"},"geometry":{"type":"MultiLineString","coordinates":[[[120.94652,24.80396],[120.94655,24.80382],[120.94626,24.8033],[120.94574,24.80328]]]}},{"type":"Feature","properties":{"name":"南勢十街","base":"南勢十街","section":null,"tier":"hard","length_m":194,"district":"北區"},"geometry":{"type":"MultiLineString","coordinates":[[[120.94582,24.80385],[120.94574,24.80328],[120.94578,24.80296],[120.94607,24.80253],[120.94576,24.80233]]]}},{"type":"Feature","properties":{"name":"南勢街","base":"南勢街","section":null,"tier":"hard","length_m":656,"district":"北區"},"geometry":{"type":"MultiLineString","coordinates":[[[120.94944,24.8018],[120.94879,24.80171],[120.94818,24.80161],[120.94747,24.80149],[120.9473,24.80149],[120.94713,24.80149],[120.94696,24.80153],[120.94668,24.80162],[120.94645,24.80177],[120.94576,24.80233],[120.94535,24.80268],[120.94528,24.80278],[120.94524,24.80295],[120.94527,24.80325],[120.94541,24.80387],[120.94541,24.80438]]]}},{"type":"Feature","properties":{"name":"南坑溪橋","base":"南坑溪橋","section":null,"tier":"medium","length_m":16,"district":"香山區"},"geometry":{"type":"MultiLineString","coordinates":[[[120.9321,24.7816],[120.93213,24.78157],[120.93222,24.78151]]]}},{"type":"Feature","properties":{"name":"南外街","base":"南外街","section":null,"tier":"hard","length_m":105,"district":"東區"},"geometry":{"type":"MultiLineString","coordinates":[[[120.9652,24.8],[120.96498,24.80014],[120.96437,24.80057]]]}},{"type":"Feature","properties":{"name":"南大路139巷","base":"南大路139巷","section":null,"tier":"hard","length_m":53,"lane":true,"district":"東區"},"geometry":{"type":"MultiLineString","coordinates":[[[120.97451,24.80059],[120.97458,24.80051],[120.97482,24.8002]]]}},{"type":"Feature","properties":{"name":"南大路634巷","base":"南大路634巷","section":null,"tier":"medium","length_m":106,"lane":true,"district":"東區"},"geometry":{"type":"MultiLineString","coordinates":[[[120.96296,24.7932],[120.96272,24.79323],[120.96252,24.79322],[120.96201,24.79324],[120.96192,24.79326]]]}},{"type":"Feature","properties":{"name":"南大路（東區2）","base":"南大路（東區2）","section":null,"tier":"medium","length_m":653,"district":"東區"},"geometry":{"type":"MultiLineString","coordinates":[[[120.96397,24.79158],[120.96407,24.79148],[120.96441,24.79114],[120.96485,24.79067],[120.96493,24.79058],[120.9655,24.79002],[120.96575,24.78976],[120.96641,24.78908],[120.96653,24.78895],[120.96673,24.7887],[120.9669,24.78846],[120.96704,24.78823],[120.96716,24.788],[120.96728,24.78775],[120.9674,24.78745],[120.96761,24.78696],[120.96767,24.78684]]]}},{"type":"Feature","properties":{"name":"南大路（東區）","base":"南大路（東區）","section":null,"tier":"medium","length_m":2254,"district":"東區"},"geometry":{"type":"MultiLineString","coordinates":[[[120.97898,24.80339],[120.97895,24.80334],[120.9789,24.80331],[120.97876,24.80322],[120.97861,24.80312],[120.97855,24.80309],[120.97806,24.80279],[120.97778,24.80262],[120.97764,24.80253],[120.97749,24.80243],[120.9769,24.80206],[120.97677,24.80198],[120.97663,24.8019]],[[120.97663,24.8019],[120.97637,24.80174],[120.97601,24.80152],[120.97591,24.80145],[120.97561,24.80127],[120.97515,24.80098],[120.97508,24.80094]],[[120.97508,24.80094],[120.97503,24.80091],[120.97458,24.80064],[120.97451,24.80059],[120.97445,24.80055],[120.97428,24.80045],[120.97351,24.79996],[120.97317,24.79975],[120.97283,24.79954]],[[120.97283,24.79954],[120.97182,24.79891],[120.97161,24.79878],[120.971,24.79841],[120.97065,24.7982],[120.96995,24.79777],[120.96948,24.79748],[120.96916,24.79727]],[[120.96916,24.79727],[120.96888,24.79708],[120.96818,24.79665],[120.96761,24.7963],[120.96745,24.7962],[120.96738,24.79615],[120.96711,24.79599],[120.96644,24.79558],[120.96635,24.79552],[120.96591,24.79524],[120.96567,24.7951],[120.96562,24.79507],[120.9652,24.79481]],[[120.96296,24.7932],[120.96289,24.79313],[120.96284,24.79305],[120.96281,24.79297],[120.96281,24.79284],[120.96282,24.79273],[120.96284,24.79251],[120.96287,24.79234],[120.96291,24.79224],[120.96299,24.79215],[120.96311,24.79204],[120.96334,24.79192],[120.96368,24.7918],[120.96377,24.79174]],[[120.97876,24.80343],[120.97879,24.80336],[120.97876,24.80322]],[[120.9652,24.79481],[120.96455,24.79439],[120.96353,24.7937],[120.96313,24.79338],[120.96296,24.7932]],[[120.97898,24.80339],[120.97884,24.80354],[120.97874,24.80362]]]}},{"type":"Feature","properties":{"name":"南寮大道","base":"南寮大道","section":null,"tier":"medium","length_m":1054,"district":"北區"},"geometry":{"type":"MultiLineString","coordinates":[[[120.927,24.84975],[120.92703,24.84985],[120.92747,24.85104],[120.92755,24.85117],[120.92766,24.85126],[120.92785,24.85131],[120.92811,24.85132],[120.92829,24.85131],[120.92876,24.85127],[120.929,24.85119],[120.92918,24.85106],[120.93016,24.85035],[120.93028,24.85023],[120.93037,24.8501],[120.93043,24.84987],[120.93054,24.84922],[120.93069,24.84848],[120.9308,24.84812],[120.93083,24.84801],[120.9309,24.84787],[120.93113,24.84741],[120.93137,24.84707],[120.93148,24.84691],[120.93156,24.84681],[120.93175,24.84662],[120.93206,24.84634],[120.93268,24.8459],[120.93273,24.84586]]]}},{"type":"Feature","properties":{"name":"南寮街","base":"南寮街","section":null,"tier":"hard","length_m":1056,"district":"北區"},"geometry":{"type":"MultiLineString","coordinates":[[[120.92876,24.84746],[120.92906,24.84749],[120.92943,24.84753],[120.92967,24.84755],[120.92969,24.84755]],[[120.9288,24.84509],[120.92894,24.84544],[120.92892,24.84569],[120.9289,24.84582],[120.92884,24.84652],[120.92883,24.84674],[120.92877,24.84742],[120.92876,24.84746]],[[120.9276,24.84957],[120.92756,24.84958],[120.92709,24.84972],[120.927,24.84975]],[[120.92969,24.84755],[120.92955,24.84787],[120.9293,24.84842]],[[120.9276,24.84957],[120.92767,24.84961],[120.92822,24.84947],[120.9283,24.84942],[120.92879,24.84927],[120.92885,24.84926],[120.92895,24.84917],[120.9293,24.84842]],[[120.92969,24.84755],[120.93041,24.84761],[120.93053,24.84764],[120.93061,24.84771],[120.93074,24.84791],[120.93078,24.84797],[120.93083,24.84801]],[[120.92876,24.84746],[120.92868,24.84808],[120.92868,24.84819],[120.92869,24.84822],[120.92874,24.84826],[120.9293,24.84842]]]}},{"type":"Feature","properties":{"name":"南港街","base":"南港街","section":null,"tier":"hard","length_m":2404,"district":"香山區"},"geometry":{"type":"MultiLineString","coordinates":[[[120.89933,24.74083],[120.89937,24.74078],[120.8994,24.74074],[120.89943,24.74069]],[[120.90561,24.74007],[120.90379,24.7403],[120.90158,24.74059],[120.90149,24.7406],[120.90136,24.7406],[120.90116,24.7406],[120.90105,24.74059],[120.89979,24.74031],[120.89966,24.74035],[120.89957,24.74042],[120.89948,24.74061],[120.89943,24.74069]],[[120.89689,24.73959],[120.89639,24.7394],[120.89495,24.73886],[120.89374,24.73843],[120.89332,24.73839],[120.89314,24.73837],[120.89303,24.73834],[120.89285,24.7383],[120.89259,24.73821],[120.89249,24.73818],[120.89228,24.73813],[120.89208,24.73809],[120.8918,24.73796],[120.89144,24.73775],[120.89117,24.73763],[120.89086,24.7375],[120.89029,24.73722],[120.88966,24.73691],[120.8896,24.73688],[120.88867,24.73639],[120.88732,24.73568],[120.88638,24.7352],[120.88622,24.73511],[120.886,24.73495],[120.88561,24.73469],[120.88524,24.7345],[120.88485,24.73428],[120.88451,24.73406],[120.88415,24.73382]],[[120.89933,24.74083],[120.89904,24.7407],[120.89767,24.73998],[120.89727,24.73977],[120.89689,24.73959]]]}},{"type":"Feature","properties":{"name":"南港街101巷","base":"南港街101巷","section":null,"tier":"hard","length_m":352,"lane":true,"district":"香山區"},"geometry":{"type":"MultiLineString","coordinates":[[[120.89943,24.74069],[120.89876,24.74035],[120.89867,24.74027],[120.89826,24.73976],[120.89818,24.73964],[120.89802,24.73952],[120.89747,24.73897],[120.89741,24.73895],[120.89679,24.73913]]]}},{"type":"Feature","properties":{"name":"南港街101巷23弄","base":"南港街101巷23弄","section":null,"tier":"hard","length_m":981,"lane":true,"district":"香山區"},"geometry":{"type":"MultiLineString","coordinates":[[[120.89141,24.73207],[120.89157,24.73228],[120.89175,24.73248],[120.89187,24.73261],[120.89201,24.73275],[120.89215,24.73286],[120.8923,24.73295],[120.89269,24.73317],[120.89305,24.73337],[120.89326,24.73353],[120.8934,24.73368],[120.89385,24.73418],[120.89473,24.73492],[120.89518,24.73556],[120.8955,24.73598],[120.89562,24.73623],[120.89579,24.73663],[120.89595,24.73713],[120.896,24.73733],[120.89652,24.73858],[120.89676,24.73907],[120.89679,24.73913]]]}},{"type":"Feature","properties":{"name":"南港街106巷","base":"南港街106巷","section":null,"tier":"hard","length_m":151,"lane":true,"district":"香山區"},"geometry":{"type":"MultiLineString","coordinates":[[[120.88732,24.73568],[120.88678,24.73641],[120.88658,24.73673],[120.8865,24.73681]]]}},{"type":"Feature","properties":{"name":"南港街32巷","base":"南港街32巷","section":null,"tier":"hard","length_m":188,"lane":true,"district":"香山區"},"geometry":{"type":"MultiLineString","coordinates":[[[120.89904,24.7407],[120.89904,24.74086],[120.89925,24.74134],[120.89938,24.74154],[120.89963,24.74176],[120.89972,24.74185],[120.89985,24.74199],[120.89991,24.74204],[120.9,24.74208]]]}},{"type":"Feature","properties":{"name":"南湖路（香山區2）","base":"南湖路（香山區2）","section":null,"tier":"hard","length_m":2127,"district":"香山區"},"geometry":{"type":"MultiLineString","coordinates":[[[120.9368,24.72798],[120.93681,24.72801],[120.93679,24.72812],[120.93676,24.72816],[120.93662,24.72828],[120.93645,24.7284],[120.93632,24.72858],[120.93622,24.72875],[120.93594,24.72945]],[[120.93575,24.73464],[120.93589,24.73475],[120.93693,24.73562],[120.93793,24.73623],[120.93884,24.73698],[120.93926,24.73734],[120.93966,24.73773],[120.93994,24.73799],[120.94006,24.73808],[120.9402,24.73815],[120.9404,24.73825],[120.94051,24.73833],[120.94063,24.73848],[120.94074,24.73858],[120.94086,24.73863],[120.94097,24.73867],[120.94111,24.73868],[120.9412,24.73869],[120.94128,24.73871],[120.94134,24.73876],[120.94183,24.73935],[120.94186,24.73938],[120.9419,24.7394],[120.94194,24.73943],[120.94201,24.73952],[120.94209,24.73962],[120.94224,24.73982],[120.94243,24.74011],[120.94245,24.74015],[120.94247,24.74018],[120.94257,24.74067],[120.94257,24.74071],[120.94258,24.74074],[120.9427,24.74096],[120.94279,24.74119],[120.94287,24.74143],[120.94299,24.74175],[120.94308,24.74191],[120.9432,24.74211],[120.94329,24.74231],[120.94333,24.74248],[120.94334,24.74267],[120.94334,24.74279],[120.94332,24.74287],[120.94328,24.74291],[120.94325,24.74294],[120.9432,24.74292],[120.9431,24.74283],[120.94291,24.74269]],[[120.93575,24.73464],[120.93573,24.73402],[120.93573,24.73385],[120.9358,24.73372],[120.93574,24.73351],[120.93571,24.73332],[120.93569,24.73288],[120.9357,24.73277],[120.93574,24.73263],[120.9358,24.73257],[120.93591,24.73251],[120.93604,24.73242],[120.93618,24.73233],[120.93621,24.73226],[120.93619,24.73219],[120.93614,24.73208],[120.936,24.73175],[120.93592,24.73176],[120.93583,24.73177],[120.93582,24.73155],[120.93579,24.73127],[120.93575,24.73109],[120.93575,24.73091],[120.93575,24.73061],[120.93572,24.73048],[120.93568,24.73035],[120.93566,24.73023],[120.93566,24.73014],[120.93568,24.73],[120.93578,24.72979],[120.9358,24.72975],[120.93585,24.72967],[120.93594,24.72945]]]}},{"type":"Feature","properties":{"name":"南湖路（香山區3）","base":"南湖路（香山區3）","section":null,"tier":"medium","length_m":736,"district":"香山區"},"geometry":{"type":"MultiLineString","coordinates":[[[120.93719,24.72507],[120.93719,24.72519],[120.93726,24.72535],[120.93736,24.72548],[120.9374,24.72558],[120.93741,24.72569],[120.9374,24.72583],[120.93736,24.72594],[120.9373,24.72606],[120.93705,24.72627],[120.93693,24.72639],[120.93689,24.72646],[120.93687,24.72655],[120.93683,24.72671],[120.93674,24.72682],[120.9366,24.72691],[120.93626,24.7271],[120.9362,24.72715],[120.93617,24.72722],[120.93617,24.72729],[120.93621,24.72736],[120.93629,24.72742],[120.9365,24.72762]],[[120.93745,24.72467],[120.93719,24.72507]],[[120.93914,24.72281],[120.93907,24.72286],[120.939,24.72291],[120.93895,24.72296],[120.93891,24.72303],[120.93888,24.7231],[120.93885,24.72318],[120.93883,24.72327],[120.93876,24.7236],[120.93869,24.72389],[120.93858,24.72414],[120.93851,24.72432],[120.93841,24.72465],[120.93837,24.72471],[120.93828,24.72478],[120.93819,24.72481],[120.9381,24.7248],[120.938,24.72477],[120.9379,24.72472],[120.93776,24.72466],[120.93762,24.72464],[120.93745,24.72467]]]}},{"type":"Feature","properties":{"name":"南湖路（香山區）","base":"南湖路（香山區）","section":null,"tier":"medium","length_m":608,"district":"香山區"},"geometry":{"type":"MultiLineString","coordinates":[[[120.93032,24.71015],[120.9307,24.71048],[120.93117,24.71092],[120.93131,24.71104],[120.93134,24.71107],[120.93145,24.71116],[120.93176,24.7114],[120.932,24.71151],[120.93243,24.71171],[120.93301,24.71198],[120.9336,24.71224],[120.93385,24.71235],[120.93402,24.71242],[120.93436,24.71257],[120.93453,24.7126],[120.93465,24.71261],[120.93518,24.71259],[120.93535,24.71265],[120.93546,24.71269]]]}},{"type":"Feature","properties":{"name":"南興橋","base":"南興橋","section":null,"tier":"medium","length_m":50,"district":"香山區"},"geometry":{"type":"MultiLineString","coordinates":[[[120.9365,24.72762],[120.93656,24.72769],[120.9368,24.72798]]]}},{"type":"Feature","properties":{"name":"南隘大橋","base":"南隘大橋","section":null,"tier":"medium","length_m":50,"district":"香山區"},"geometry":{"type":"MultiLineString","coordinates":[[[120.92819,24.72554],[120.92868,24.72563]]]}},{"type":"Feature","properties":{"name":"南隘路一段（香山區2）","base":"南隘路（香山區2）","section":"一段","tier":"medium","length_m":1535,"district":"香山區"},"geometry":{"type":"MultiLineString","coordinates":[[[120.92187,24.71415],[120.9219,24.71424],[120.92191,24.71426],[120.92193,24.71431],[120.92197,24.71443],[120.92201,24.71462],[120.92208,24.7149],[120.92214,24.71509],[120.92219,24.71517],[120.92225,24.71529],[120.92228,24.71535],[120.923,24.71631],[120.92328,24.71663],[120.92347,24.71689],[120.92349,24.71692],[120.92356,24.71706],[120.92373,24.71757],[120.9238,24.71808],[120.9238,24.71811],[120.92394,24.71893],[120.92407,24.71929],[120.92421,24.71953],[120.9246,24.72007],[120.92496,24.72056],[120.92566,24.72153],[120.92581,24.72182],[120.92584,24.72205],[120.92586,24.7242],[120.92587,24.7243],[120.92595,24.72449],[120.9261,24.72461],[120.92647,24.72476],[120.92674,24.72489],[120.92678,24.72495],[120.92685,24.72503],[120.92703,24.72536],[120.92718,24.7255],[120.92741,24.72559],[120.92756,24.72559],[120.9276,24.72559],[120.92784,24.72552],[120.92803,24.7255],[120.92819,24.72554]]]}},{"type":"Feature","properties":{"name":"南隘路二段59巷","base":"南隘路二段59巷","section":null,"tier":"hard","length_m":353,"lane":true,"district":"香山區"},"geometry":{"type":"MultiLineString","coordinates":[[[120.93121,24.72721],[120.93107,24.72727],[120.93061,24.72747],[120.92986,24.72781],[120.92962,24.72792],[120.92942,24.728],[120.92922,24.72807],[120.92887,24.72817],[120.92797,24.72837]]]}},{"type":"Feature","properties":{"name":"南隘路二段（香山區）","base":"南隘路（香山區）","section":"二段","tier":"medium","length_m":1522,"district":"香山區"},"geometry":{"type":"MultiLineString","coordinates":[[[120.92868,24.72563],[120.92882,24.72569],[120.92902,24.72582],[120.92941,24.72607],[120.92946,24.7261],[120.92951,24.72613],[120.92958,24.72618],[120.93035,24.72668],[120.9308,24.72697],[120.93107,24.72713],[120.93121,24.72721]],[[120.93121,24.72721],[120.93129,24.72724],[120.93142,24.7273],[120.9318,24.72748],[120.93278,24.72796],[120.93345,24.72831],[120.93437,24.72876],[120.93481,24.72901],[120.93492,24.72908],[120.93509,24.72915],[120.93533,24.72922],[120.93558,24.7293],[120.93594,24.72945]],[[120.93594,24.72945],[120.93624,24.72957],[120.93637,24.72963],[120.9365,24.72968],[120.93678,24.72982],[120.93695,24.7299],[120.93757,24.73018],[120.9378,24.73027],[120.93805,24.73031],[120.939,24.73035],[120.93909,24.73035],[120.93975,24.73032],[120.9402,24.73028],[120.94031,24.73027],[120.94093,24.73022],[120.94131,24.73023],[120.94162,24.73027],[120.94179,24.73032],[120.94193,24.7304],[120.94205,24.73052],[120.94222,24.73065]]]}},{"type":"Feature","properties":{"name":"博愛街","base":"博愛街","section":null,"tier":"hard","length_m":776,"district":"東區"},"geometry":{"type":"MultiLineString","coordinates":[[[120.98744,24.79716],[120.98644,24.79734],[120.98611,24.7974],[120.98571,24.79746],[120.9856,24.79749]],[[120.98344,24.79845],[120.98322,24.79855],[120.98314,24.79858],[120.98295,24.79867],[120.982,24.7991],[120.98191,24.79914],[120.98112,24.79948],[120.98077,24.79963],[120.98052,24.79975]],[[120.98744,24.79716],[120.98751,24.79715],[120.98759,24.79714]],[[120.9856,24.79749],[120.98552,24.79752],[120.98515,24.79769],[120.98493,24.79778],[120.98447,24.79799],[120.9844,24.79802],[120.98398,24.7982],[120.98373,24.79831],[120.98366,24.79835],[120.98351,24.79842],[120.98344,24.79845]]]}},{"type":"Feature","properties":{"name":"占梅路","base":"占梅路","section":null,"tier":"hard","length_m":163,"district":"東區"},"geometry":{"type":"MultiLineString","coordinates":[[[121.01378,24.79241],[121.01375,24.79235],[121.01359,24.792],[121.01317,24.79109],[121.01315,24.79106]]]}},{"type":"Feature","properties":{"name":"印順橋","base":"印順橋","section":null,"tier":"medium","length_m":136,"district":"北區"},"geometry":{"type":"MultiLineString","coordinates":[[[120.96192,24.79326],[120.9606,24.79349]]]}},{"type":"Feature","properties":{"name":"原興路","base":"原興路","section":null,"tier":"hard","length_m":1613,"district":"東區"},"geometry":{"type":"MultiLineString","coordinates":[[[121.0062,24.80765],[121.00612,24.80777],[121.00607,24.80783],[121.00599,24.80793],[121.0059,24.80801],[121.00574,24.80812],[121.00551,24.80831],[121.00537,24.80844],[121.00533,24.80847],[121.00515,24.80863],[121.00493,24.80885],[121.00482,24.80893],[121.00475,24.80901],[121.00467,24.8091],[121.00458,24.8092],[121.00448,24.80932],[121.00438,24.80941],[121.00417,24.80958],[121.004,24.80972],[121.00392,24.8098],[121.00384,24.80987],[121.00369,24.81001],[121.00283,24.81037],[121.00276,24.81041],[121.0027,24.81045],[121.00266,24.8105],[121.00262,24.81055],[121.00247,24.81079],[121.00226,24.81108],[121.00215,24.81125],[121.0021,24.81131],[121.00204,24.81135],[121.0019,24.81144]],[[121.0019,24.81144],[121.00182,24.81148],[121.00178,24.8115],[121.00171,24.81153],[121.00168,24.81153],[121.00158,24.81155],[121.00146,24.81157],[121.00128,24.81162],[121.00059,24.81187],[121.00015,24.81202],[120.99988,24.81211],[120.99949,24.81218],[120.99909,24.81227],[120.99895,24.81232],[120.99838,24.81249],[120.99827,24.81252],[120.99814,24.81253],[120.99805,24.81257],[120.99795,24.81262],[120.99781,24.81272],[120.99777,24.81274],[120.99772,24.81276],[120.99741,24.813],[120.99732,24.81308],[120.99727,24.81312],[120.99711,24.81325],[120.99701,24.81333],[120.99677,24.81353],[120.99667,24.81361],[120.99641,24.81373],[120.99608,24.81386],[120.99589,24.81393],[120.9957,24.81399],[120.99546,24.81407],[120.99526,24.81413],[120.99515,24.81418],[120.99509,24.81421],[120.99502,24.81425],[120.99493,24.81431],[120.99482,24.81438],[120.99466,24.81445],[120.99456,24.8145],[120.99441,24.81458],[120.99437,24.81458],[120.99434,24.81457],[120.9936,24.81345]]]}},{"type":"Feature","properties":{"name":"台一線替代道路第1期（北區2）","base":"台一線替代道路第1期（北區2）","section":null,"tier":"easy","length_m":27,"district":"北區"},"geometry":{"type":"MultiLineString","coordinates":[[[120.97178,24.8266],[120.9717,24.82637]]]}},{"type":"Feature","properties":{"name":"台一線替代道路第1期（北區）","base":"台一線替代道路第1期（北區）","section":null,"tier":"easy","length_m":28,"district":"北區"},"geometry":{"type":"MultiLineString","coordinates":[[[120.9718,24.82634],[120.97187,24.82658]]]}},{"type":"Feature","properties":{"name":"台肥路","base":"台肥路","section":null,"tier":"hard","length_m":301,"district":"東區"},"geometry":{"type":"MultiLineString","coordinates":[[[120.98775,24.80927],[120.98907,24.81006],[120.99025,24.81075]]]}},{"type":"Feature","properties":{"name":"吉羊路","base":"吉羊路","section":null,"tier":"medium","length_m":656,"district":"北區"},"geometry":{"type":"MultiLineString","coordinates":[[[120.95206,24.82149],[120.95217,24.8216],[120.9529,24.82223],[120.95345,24.82274],[120.95406,24.82328],[120.95419,24.8234],[120.95461,24.82377],[120.95504,24.82418],[120.95546,24.82456],[120.95572,24.82481],[120.95609,24.82515],[120.95614,24.8252],[120.9562,24.82525],[120.95666,24.82566]]]}},{"type":"Feature","properties":{"name":"吳厝街","base":"吳厝街","section":null,"tier":"hard","length_m":190,"district":"香山區"},"geometry":{"type":"MultiLineString","coordinates":[[[120.92563,24.79418],[120.92547,24.79386],[120.9253,24.79353],[120.92506,24.79307],[120.92496,24.79282],[120.92487,24.79262]]]}},{"type":"Feature","properties":{"name":"和平橋（香山區2）","base":"和平橋（香山區2）","section":null,"tier":"easy","length_m":86,"district":"香山區"},"geometry":{"type":"MultiLineString","coordinates":[[[120.9541,24.80113],[120.95407,24.80104],[120.9539,24.80062],[120.95381,24.8004]]]}},{"type":"Feature","properties":{"name":"和平橋（香山區）","base":"和平橋（香山區）","section":null,"tier":"easy","length_m":88,"district":"香山區"},"geometry":{"type":"MultiLineString","coordinates":[[[120.95392,24.80034],[120.95396,24.80046],[120.95422,24.80108]]]}},{"type":"Feature","properties":{"name":"和平路","base":"和平路","section":null,"tier":"medium","length_m":1636,"district":"北區"},"geometry":{"type":"MultiLineString","coordinates":[[[120.95412,24.8134],[120.95414,24.8133],[120.9543,24.8127],[120.95434,24.81254],[120.95437,24.81243]],[[120.95617,24.80631],[120.9561,24.80644]],[[120.95516,24.80948],[120.95519,24.80936],[120.9555,24.80823],[120.95568,24.80758],[120.95574,24.80737],[120.95583,24.80703],[120.95594,24.80665],[120.95599,24.80647],[120.95605,24.8064],[120.95617,24.80631]],[[120.95511,24.80961],[120.95516,24.80948]],[[120.9561,24.80644],[120.95602,24.80677],[120.9559,24.80724],[120.9558,24.80761],[120.95577,24.80771],[120.9555,24.80868],[120.95528,24.80946],[120.95525,24.80957]],[[120.95525,24.80957],[120.95521,24.80972],[120.9552,24.80976],[120.95485,24.81109],[120.95471,24.81159],[120.95449,24.81239],[120.95433,24.81289],[120.95421,24.81332],[120.95412,24.8134]],[[120.95437,24.81243],[120.95443,24.81221],[120.95452,24.81187],[120.95459,24.81158],[120.95465,24.81136],[120.95482,24.81071],[120.95494,24.81029],[120.95505,24.80984],[120.9551,24.80966],[120.95511,24.80961]]]}},{"type":"Feature","properties":{"name":"和福街","base":"和福街","section":null,"tier":"hard","length_m":164,"district":"北區"},"geometry":{"type":"MultiLineString","coordinates":[[[120.96448,24.80214],[120.96433,24.80232],[120.96417,24.80253],[120.96407,24.80266],[120.96396,24.80281],[120.96354,24.80334]]]}},{"type":"Feature","properties":{"name":"嘉濱路","base":"嘉濱路","section":null,"tier":"hard","length_m":383,"district":"北區"},"geometry":{"type":"MultiLineString","coordinates":[[[120.92835,24.84061],[120.92779,24.84091],[120.92753,24.84105],[120.92727,24.84118],[120.92708,24.84128],[120.92674,24.84146],[120.92635,24.84167],[120.9262,24.84175],[120.92571,24.84201],[120.92513,24.84231],[120.92507,24.84235]]]}},{"type":"Feature","properties":{"name":"四維路62巷","base":"四維路62巷","section":null,"tier":"hard","length_m":59,"lane":true,"district":"北區"},"geometry":{"type":"MultiLineString","coordinates":[[[120.96229,24.79902],[120.96276,24.79934]]]}},{"type":"Feature","properties":{"name":"四維路（北區）","base":"四維路（北區）","section":null,"tier":"medium","length_m":795,"district":"北區"},"geometry":{"type":"MultiLineString","coordinates":[[[120.96048,24.80138],[120.96073,24.80107],[120.9608,24.80096],[120.9614,24.80018],[120.96156,24.79998],[120.96173,24.79975],[120.96199,24.79941],[120.96211,24.79926],[120.96229,24.79902],[120.96257,24.79865],[120.96293,24.79818]],[[120.96293,24.79818],[120.96296,24.79802],[120.96352,24.79729],[120.96359,24.79715]],[[120.96305,24.79802],[120.96293,24.79818]],[[120.96376,24.79721],[120.96373,24.79726],[120.96366,24.79736],[120.96344,24.79767],[120.9631,24.7981],[120.96293,24.79818]],[[120.96359,24.79715],[120.96368,24.79695],[120.96386,24.79702],[120.96376,24.79721]]]}},{"type":"Feature","properties":{"name":"四維路（東區）","base":"四維路（東區）","section":null,"tier":"hard","length_m":412,"district":"東區"},"geometry":{"type":"MultiLineString","coordinates":[[[120.9652,24.79481],[120.9651,24.79496],[120.96501,24.79507]],[[120.9651,24.79496],[120.96503,24.79517],[120.96444,24.79597],[120.96421,24.79627],[120.96412,24.79639]],[[120.96398,24.79631],[120.96408,24.79618],[120.9643,24.79588],[120.9644,24.79575],[120.96452,24.79557],[120.96479,24.79523],[120.96489,24.7951],[120.9651,24.79496]]]}},{"type":"Feature","properties":{"name":"國中街","base":"國中街","section":null,"tier":"hard","length_m":567,"district":"香山區"},"geometry":{"type":"MultiLineString","coordinates":[[[120.92815,24.78335],[120.92768,24.78416],[120.92774,24.78428],[120.92796,24.78444],[120.92811,24.78449],[120.92833,24.78451],[120.92859,24.78445],[120.92889,24.78427],[120.92925,24.7839],[120.92938,24.78373],[120.92954,24.78358],[120.92967,24.78351]],[[120.92967,24.78351],[120.92986,24.78354],[120.92992,24.78355],[120.93018,24.78357],[120.9303,24.78362],[120.93043,24.78374],[120.93061,24.78395],[120.93097,24.78438],[120.93112,24.78461]]]}},{"type":"Feature","properties":{"name":"國中街1巷","base":"國中街1巷","section":null,"tier":"hard","length_m":103,"lane":true,"district":"香山區"},"geometry":{"type":"MultiLineString","coordinates":[[[120.92986,24.78261],[120.92985,24.78298],[120.92979,24.78321],[120.92967,24.78351]]]}},{"type":"Feature","properties":{"name":"國中街3巷","base":"國中街3巷","section":null,"tier":"hard","length_m":244,"lane":true,"district":"香山區"},"geometry":{"type":"MultiLineString","coordinates":[[[120.92943,24.78345],[120.92986,24.78261],[120.93009,24.78223],[120.93011,24.78217],[120.93009,24.7821],[120.92989,24.78184],[120.92963,24.78154]]]}},{"type":"Feature","properties":{"name":"國光街","base":"國光街","section":null,"tier":"hard","length_m":607,"district":"北區"},"geometry":{"type":"MultiLineString","coordinates":[[[120.96217,24.81039],[120.96208,24.81047],[120.96167,24.8108],[120.96136,24.81107],[120.96099,24.81139],[120.96063,24.8117],[120.9604,24.81189],[120.96023,24.81204],[120.96012,24.8121],[120.95977,24.81228],[120.95942,24.81249],[120.95935,24.81255],[120.95911,24.8128],[120.95906,24.81285],[120.959,24.81294],[120.95894,24.81301],[120.95862,24.81337],[120.95842,24.81359],[120.95827,24.81375],[120.95787,24.81416]]]}},{"type":"Feature","properties":{"name":"國華街","base":"國華街","section":null,"tier":"hard","length_m":394,"district":"東區"},"geometry":{"type":"MultiLineString","coordinates":[[[120.9699,24.81723],[120.97008,24.81706],[120.97013,24.81701],[120.97016,24.81698],[120.97031,24.81683],[120.9704,24.81674],[120.97054,24.8166],[120.97066,24.81648]],[[120.97066,24.81648],[120.97068,24.81617],[120.97071,24.81588],[120.97071,24.81582],[120.97073,24.81562],[120.97078,24.81503],[120.97081,24.81461],[120.97085,24.81418],[120.97085,24.8141],[120.97081,24.81397]]]}},{"type":"Feature","properties":{"name":"園區一路","base":"園區一路","section":null,"tier":"medium","length_m":4465,"district":"東區"},"geometry":{"type":"MultiLineString","coordinates":[[[121.01684,24.77575],[121.01665,24.77576],[121.01659,24.77577],[121.01601,24.77578]],[[121.00647,24.7806],[121.00645,24.78054],[121.00643,24.7805],[121.00636,24.78024],[121.00636,24.77997],[121.00641,24.77964],[121.00648,24.77938],[121.0067,24.77892],[121.00683,24.77876],[121.00718,24.77838],[121.00804,24.77755],[121.00814,24.77747]],[[121.00925,24.78705],[121.00951,24.7874],[121.00956,24.78746],[121.00954,24.78759]],[[121.00925,24.78705],[121.00941,24.78722],[121.0096,24.78735],[121.00966,24.78739]],[[121.00954,24.78759],[121.00944,24.78755],[121.00933,24.7875],[121.00918,24.78744],[121.00893,24.78732],[121.00875,24.78713],[121.00849,24.78683]],[[121.0066,24.78062],[121.00663,24.7807],[121.00695,24.78142],[121.00702,24.78179],[121.00703,24.78207],[121.00692,24.78253],[121.0068,24.78303],[121.00673,24.78346],[121.00676,24.7839],[121.00688,24.78445],[121.00702,24.7848],[121.00711,24.78501]],[[121.00849,24.78683],[121.00833,24.78664],[121.00795,24.78627],[121.00763,24.78595]],[[121.01506,24.77587],[121.01496,24.77587],[121.01435,24.77591],[121.01339,24.776]],[[121.00698,24.78511],[121.00686,24.78488],[121.00669,24.7845],[121.00658,24.78388],[121.00656,24.78345],[121.00662,24.78298],[121.00672,24.78249],[121.0068,24.78208],[121.00679,24.78151],[121.00652,24.78073],[121.0065,24.7807]],[[121.00772,24.78581],[121.00817,24.78608],[121.00859,24.78637],[121.00882,24.78659],[121.00905,24.78683],[121.00925,24.78705]],[[121.01339,24.776],[121.01323,24.77601],[121.0131,24.77602],[121.01244,24.77608],[121.01191,24.77615],[121.01132,24.77627],[121.01096,24.77633],[121.01084,24.77635],[121.01075,24.77637],[121.0105,24.77645],[121.00986,24.77669],[121.00933,24.77692],[121.0089,24.77716],[121.00841,24.77747],[121.00835,24.77751]],[[121.00822,24.77741],[121.00831,24.77735],[121.00843,24.77726],[121.00889,24.77701],[121.00934,24.77679],[121.00983,24.77659],[121.01048,24.77635],[121.01072,24.77629],[121.0108,24.77627],[121.01092,24.77624],[121.01129,24.77616],[121.01203,24.77602],[121.01268,24.77594]],[[121.00814,24.77747],[121.00822,24.77741]],[[121.01268,24.77594],[121.01308,24.77589],[121.01323,24.77587],[121.01335,24.77585],[121.01358,24.77583],[121.01383,24.77582],[121.01411,24.7758],[121.01421,24.77579],[121.01495,24.77575],[121.01506,24.77574],[121.0152,24.77573],[121.0153,24.77572],[121.01605,24.77567],[121.01658,24.77563],[121.01664,24.77562]],[[121.00835,24.77751],[121.00824,24.77758],[121.00814,24.77766],[121.00746,24.77824],[121.00741,24.77828],[121.00703,24.77874],[121.00687,24.77896],[121.00664,24.77941],[121.00656,24.77959],[121.00652,24.77974],[121.00648,24.78016],[121.00656,24.78048],[121.00657,24.78051],[121.0066,24.78062]],[[121.0065,24.7807],[121.00647,24.7806]],[[121.00763,24.78595],[121.00735,24.78568],[121.00725,24.78554],[121.00711,24.78534],[121.00698,24.78511]],[[121.00711,24.78501],[121.00726,24.78522],[121.00741,24.78543],[121.00749,24.78553],[121.00752,24.78557],[121.00772,24.78581]],[[121.01601,24.77578],[121.01531,24.77584],[121.0152,24.77585],[121.01506,24.77587]]]}},{"type":"Feature","properties":{"name":"園區三路（東區2）","base":"園區三路（東區2）","section":null,"tier":"medium","length_m":1974,"district":"東區"},"geometry":{"type":"MultiLineString","coordinates":[[[120.9917,24.78493],[120.9917,24.78486],[120.9917,24.7848],[120.9917,24.78331],[120.99171,24.78288],[120.99175,24.7823],[120.99185,24.78174],[120.99199,24.7808],[120.99201,24.78065],[120.99202,24.78059],[120.99207,24.78032],[120.99211,24.78018],[120.99226,24.77987],[120.99242,24.77953],[120.99247,24.77943],[120.99256,24.77931],[120.9926,24.77927],[120.99284,24.77899],[120.99364,24.77827],[120.99516,24.77692],[120.99522,24.77687],[120.9959,24.77627],[120.99618,24.77604],[120.99622,24.77601],[120.99628,24.77595],[120.99629,24.77594],[120.99689,24.77543],[120.99699,24.77536],[120.99749,24.77498],[120.99752,24.77495],[120.99767,24.77486],[120.99839,24.77439],[120.99981,24.7735],[121.00017,24.77327],[121.00022,24.77324],[121.00138,24.77249],[121.00182,24.7722],[121.00237,24.77192],[121.00276,24.77175]]]}},{"type":"Feature","properties":{"name":"園區三路（東區3）","base":"園區三路（東區3）","section":null,"tier":"medium","length_m":1964,"district":"東區"},"geometry":{"type":"MultiLineString","coordinates":[[[121.00279,24.77182],[121.00242,24.77198],[121.00187,24.77227],[121.00142,24.77255],[121.00026,24.77329],[121.00021,24.77332],[120.99987,24.77354],[120.99844,24.77445],[120.99772,24.77492],[120.99759,24.77502],[120.99757,24.77504],[120.99702,24.77546],[120.99634,24.776],[120.99626,24.77606],[120.99623,24.77609],[120.99596,24.77632],[120.99528,24.77692],[120.99522,24.77698],[120.99372,24.77831],[120.99308,24.77886],[120.99291,24.77903],[120.99267,24.77932],[120.99264,24.77936],[120.99256,24.77945],[120.99251,24.77953],[120.9925,24.77956],[120.99235,24.77987],[120.99223,24.7801],[120.9922,24.78019],[120.9921,24.7806],[120.99209,24.78066],[120.99206,24.78081],[120.99193,24.78173],[120.99183,24.7823],[120.99179,24.78283],[120.99178,24.78332],[120.9918,24.7848],[120.9918,24.78486]],[[120.9918,24.78486],[120.9918,24.78493]]]}},{"type":"Feature","properties":{"name":"園區三路（東區）","base":"園區三路（東區）","section":null,"tier":"medium","length_m":1151,"district":"東區"},"geometry":{"type":"MultiLineString","coordinates":[[[121.01316,24.77538],[121.01325,24.77553],[121.01332,24.77573],[121.01333,24.77576],[121.01334,24.77582],[121.01335,24.77585],[121.0133,24.77593],[121.01323,24.77601],[121.01318,24.77607]],[[121.01316,24.77538],[121.01335,24.77553],[121.01354,24.77566],[121.01371,24.77575],[121.01383,24.77582]],[[121.01268,24.77594],[121.0129,24.77588],[121.01296,24.77585],[121.01304,24.77582],[121.0131,24.77574],[121.0131,24.77567],[121.01307,24.77557],[121.01302,24.77545]],[[121.01346,24.77604],[121.01339,24.776],[121.0133,24.77593],[121.01323,24.77587],[121.01321,24.77583],[121.01317,24.77575],[121.01308,24.77555],[121.01302,24.77545]],[[121.01244,24.77479],[121.0126,24.77492],[121.01302,24.77526],[121.01316,24.77538]],[[121.01302,24.77545],[121.01281,24.77525],[121.0125,24.77502],[121.01232,24.77489],[121.01224,24.77483],[121.01032,24.77326],[121.01014,24.77309],[121.01006,24.77302]],[[121.01012,24.7729],[121.01018,24.77298],[121.01025,24.77305],[121.0103,24.77311],[121.01068,24.7734],[121.01236,24.77473],[121.01244,24.77479]]]}},{"type":"Feature","properties":{"name":"園區二路（東區2）","base":"園區二路（東區2）","section":null,"tier":"medium","length_m":1339,"district":"東區"},"geometry":{"type":"MultiLineString","coordinates":[[[121.01621,24.76679],[121.01635,24.76666],[121.01755,24.76563]],[[121.01973,24.75706],[121.01981,24.75747],[121.01986,24.75773],[121.01985,24.75788],[121.01984,24.75799],[121.0198,24.75808],[121.01967,24.75834],[121.01956,24.75854],[121.01935,24.75892],[121.01927,24.75902],[121.01917,24.75933],[121.0191,24.75965],[121.01898,24.76026],[121.01879,24.76115],[121.01869,24.76169]],[[121.01869,24.76169],[121.01867,24.76199],[121.01865,24.76223],[121.01865,24.76259],[121.01866,24.76308]],[[121.01866,24.76308],[121.0187,24.76372],[121.01869,24.76403],[121.01869,24.76421],[121.01875,24.7644]],[[121.01755,24.76563],[121.01771,24.76544],[121.01798,24.765],[121.01819,24.76465],[121.01838,24.76437],[121.01852,24.76419],[121.01861,24.76401],[121.01863,24.7639],[121.01867,24.76367],[121.01866,24.76308]]]}},{"type":"Feature","properties":{"name":"園區二路（東區3）","base":"園區二路（東區3）","section":null,"tier":"medium","length_m":245,"district":"東區"},"geometry":{"type":"MultiLineString","coordinates":[[[121.01737,24.76618],[121.01693,24.76639],[121.01663,24.76659],[121.01646,24.76675],[121.01635,24.76684],[121.01623,24.76696],[121.01621,24.76699],[121.01576,24.76744],[121.01557,24.76762]]]}},{"type":"Feature","properties":{"name":"園區二路（東區4）","base":"園區二路（東區4）","section":null,"tier":"medium","length_m":861,"district":"東區"},"geometry":{"type":"MultiLineString","coordinates":[[[120.99725,24.78298],[120.99722,24.78289],[120.99722,24.78284],[120.99713,24.78203],[120.99708,24.78162],[120.99708,24.78145],[120.9971,24.78113],[120.99711,24.78105]],[[120.99711,24.78105],[120.99714,24.78094],[120.99716,24.78089],[120.99723,24.78067],[120.99736,24.78042],[120.99748,24.78023],[120.99761,24.78005],[120.99775,24.7799],[120.99794,24.77972],[120.99869,24.77912],[120.99875,24.77907],[120.99885,24.77899],[120.9994,24.77854],[121.00014,24.77799],[121.00017,24.77797],[121.00111,24.77734],[121.00152,24.77708],[121.00157,24.77704]]]}},{"type":"Feature","properties":{"name":"園區二路（東區）","base":"園區二路（東區）","section":null,"tier":"medium","length_m":1818,"district":"東區"},"geometry":{"type":"MultiLineString","coordinates":[[[121.00395,24.77562],[121.00376,24.77573],[121.00333,24.77599]],[[121.00333,24.77599],[121.00282,24.77631],[121.0017,24.77706],[121.00163,24.77711]],[[121.00446,24.77534],[121.00395,24.77562]],[[121.01006,24.77302],[121.01001,24.77304],[121.0097,24.77315],[121.00929,24.77332],[121.00919,24.77336],[121.00915,24.77338],[121.00789,24.77389],[121.00782,24.77392],[121.00776,24.77394],[121.00565,24.77481],[121.00554,24.77485],[121.00547,24.77488],[121.00464,24.77523],[121.00454,24.77526]],[[121.00454,24.77526],[121.00446,24.77534]],[[121.00163,24.77711],[121.00157,24.77715],[121.00081,24.77767],[121.00013,24.77814],[120.99973,24.77843],[120.99892,24.77906],[120.99882,24.77914],[120.99875,24.77919],[120.99787,24.77991],[120.99769,24.78011],[120.99757,24.78026],[120.99745,24.78045],[120.99732,24.78071],[120.99725,24.78092],[120.99724,24.78096],[120.99722,24.78107],[120.99721,24.78115],[120.99718,24.78142],[120.99719,24.78168],[120.99723,24.78203],[120.99728,24.78249],[120.99732,24.78276],[120.99733,24.7828],[120.99733,24.78284],[120.99737,24.78294]]]}},{"type":"Feature","properties":{"name":"園後街","base":"園後街","section":null,"tier":"hard","length_m":640,"district":"東區"},"geometry":{"type":"MultiLineString","coordinates":[[[120.98525,24.80021],[120.98594,24.80026],[120.98598,24.80026],[120.98608,24.80027],[120.9868,24.80036]],[[120.98052,24.79975],[120.98075,24.79972],[120.98137,24.7998],[120.98166,24.79982],[120.98188,24.79984],[120.98234,24.79988],[120.9826,24.7999],[120.98303,24.79994],[120.98328,24.79997],[120.98349,24.79999],[120.98382,24.80002],[120.98421,24.80006],[120.98454,24.80011],[120.98482,24.80015],[120.98506,24.80014],[120.98513,24.80017],[120.98525,24.80021]]]}},{"type":"Feature","properties":{"name":"園後街85巷","base":"園後街85巷","section":null,"tier":"hard","length_m":21,"lane":true,"district":"東區"},"geometry":{"type":"MultiLineString","coordinates":[[[120.9826,24.7999],[120.98279,24.79983]]]}},{"type":"Feature","properties":{"name":"土城橋","base":"土城橋","section":null,"tier":"hard","length_m":42,"district":"東區"},"geometry":{"type":"MultiLineString","coordinates":[[[120.97081,24.80585],[120.97086,24.80584],[120.97112,24.80578],[120.97121,24.80576]]]}},{"type":"Feature","properties":{"name":"城北街","base":"城北街","section":null,"tier":"hard","length_m":640,"district":"北區"},"geometry":{"type":"MultiLineString","coordinates":[[[120.96512,24.80858],[120.96466,24.80915],[120.96415,24.80977],[120.96394,24.81002],[120.96385,24.81016],[120.96373,24.81062],[120.96372,24.81067],[120.96371,24.81072],[120.96358,24.81128],[120.96356,24.81142],[120.96347,24.81168],[120.96336,24.81213],[120.96334,24.81222],[120.96322,24.81268],[120.963,24.81364],[120.963,24.81387]]]}},{"type":"Feature","properties":{"name":"埔前路","base":"埔前路","section":null,"tier":"hard","length_m":777,"district":"香山區"},"geometry":{"type":"MultiLineString","coordinates":[[[120.93246,24.79384],[120.93373,24.79427],[120.9341,24.7944],[120.93439,24.7945],[120.93459,24.79456],[120.93506,24.79472],[120.93553,24.79488],[120.93842,24.79586],[120.93967,24.79628]]]}},{"type":"Feature","properties":{"name":"埔頂一路","base":"埔頂一路","section":null,"tier":"hard","length_m":704,"district":"東區"},"geometry":{"type":"MultiLineString","coordinates":[[[121.01716,24.79094],[121.01712,24.79097],[121.01665,24.79117],[121.01577,24.79155],[121.01573,24.79157],[121.01565,24.7916],[121.01493,24.79191],[121.01487,24.79194]],[[121.01271,24.79284],[121.01276,24.79282],[121.01371,24.79243],[121.01378,24.79241],[121.01384,24.79238],[121.01481,24.79197],[121.01487,24.79194]],[[121.01716,24.79094],[121.0172,24.79099],[121.01762,24.79154]],[[121.0167,24.78989],[121.01715,24.79091],[121.01716,24.79094]]]}},{"type":"Feature","properties":{"name":"埔頂三路","base":"埔頂三路","section":null,"tier":"hard","length_m":298,"district":"東區"},"geometry":{"type":"MultiLineString","coordinates":[[[121.01087,24.79109],[121.01082,24.79112],[121.00964,24.79187],[121.00959,24.7919],[121.00955,24.79192],[121.00849,24.79256],[121.00843,24.7926]]]}},{"type":"Feature","properties":{"name":"埔頂二路","base":"埔頂二路","section":null,"tier":"hard","length_m":712,"district":"東區"},"geometry":{"type":"MultiLineString","coordinates":[[[121.00887,24.79351],[121.00894,24.79347],[121.00986,24.79293],[121.01013,24.79276],[121.0102,24.79272],[121.01025,24.79269],[121.01129,24.79206],[121.01134,24.79203],[121.01142,24.79198],[121.01204,24.79161],[121.0121,24.79158],[121.01221,24.79151]],[[121.01411,24.7906],[121.01403,24.79064],[121.0137,24.79079],[121.0134,24.79094],[121.01338,24.79095],[121.01319,24.79104],[121.01315,24.79106],[121.0131,24.79108],[121.01303,24.79111],[121.01294,24.79116],[121.01227,24.79148],[121.01221,24.79151]],[[121.01411,24.7906],[121.01421,24.79056],[121.01487,24.79025],[121.01489,24.79024],[121.01492,24.79024]]]}},{"type":"Feature","properties":{"name":"埔頂路6巷","base":"埔頂路6巷","section":null,"tier":"hard","length_m":105,"lane":true,"district":"東區"},"geometry":{"type":"MultiLineString","coordinates":[[[121.00741,24.79276],[121.00816,24.79221],[121.00822,24.79217]]]}},{"type":"Feature","properties":{"name":"埔頂路（東區2）","base":"埔頂路（東區2）","section":null,"tier":"hard","length_m":47,"district":"東區"},"geometry":{"type":"MultiLineString","coordinates":[[[121.00518,24.79554],[121.00564,24.79547]]]}},{"type":"Feature","properties":{"name":"埔頂路（東區3）","base":"埔頂路（東區3）","section":null,"tier":"medium","length_m":125,"district":"東區"},"geometry":{"type":"MultiLineString","coordinates":[[[121.00534,24.79564],[121.00561,24.79579]],[[121.00561,24.79579],[121.0058,24.79589],[121.00594,24.79597],[121.00639,24.79623]]]}},{"type":"Feature","properties":{"name":"埔頂路（東區）","base":"埔頂路（東區）","section":null,"tier":"medium","length_m":1539,"district":"東區"},"geometry":{"type":"MultiLineString","coordinates":[[[121.0087,24.79475],[121.00848,24.79483],[121.00843,24.79494],[121.00843,24.79517],[121.00848,24.79535],[121.00861,24.79576],[121.00863,24.79596],[121.00857,24.79611],[121.00844,24.79627]],[[121.0087,24.79475],[121.00933,24.7945],[121.0094,24.79447],[121.00945,24.79444],[121.00971,24.79433],[121.00991,24.79427],[121.01063,24.79419],[121.01103,24.79418],[121.01206,24.79417],[121.01233,24.79417],[121.01294,24.79416],[121.013,24.79415]],[[121.013,24.79415],[121.01318,24.79412]],[[121.01318,24.79412],[121.01326,24.7941],[121.01344,24.79408],[121.01359,24.79404],[121.01389,24.79394],[121.01476,24.79355],[121.01503,24.79343],[121.01529,24.79331],[121.01551,24.7932],[121.01557,24.79317],[121.01564,24.79313],[121.01584,24.79302],[121.01607,24.79289],[121.01635,24.79272],[121.01662,24.79253],[121.01684,24.79236],[121.01706,24.79217],[121.01738,24.79186],[121.0176,24.79157],[121.01762,24.79154],[121.01787,24.79123],[121.018,24.79105]],[[121.00741,24.79276],[121.00752,24.79291],[121.0078,24.79334],[121.00793,24.79356],[121.00815,24.79389],[121.00841,24.79428],[121.0087,24.79475]],[[121.018,24.79105],[121.0181,24.79095]]]}},{"type":"Feature","properties":{"name":"培英街","base":"培英街","section":null,"tier":"hard","length_m":341,"district":"東區"},"geometry":{"type":"MultiLineString","coordinates":[[[120.97806,24.79524],[120.97807,24.79526],[120.97807,24.7953],[120.97808,24.79562],[120.97808,24.79597],[120.97809,24.79633],[120.9781,24.79668],[120.97811,24.79701],[120.97812,24.79738],[120.97813,24.79773],[120.97815,24.7983]]]}},{"type":"Feature","properties":{"name":"境福街","base":"境福街","section":null,"tier":"hard","length_m":738,"district":"北區"},"geometry":{"type":"MultiLineString","coordinates":[[[120.95968,24.82163],[120.95947,24.82105],[120.9594,24.82076],[120.95936,24.82055],[120.95929,24.82022],[120.9593,24.82019],[120.95942,24.81989],[120.95945,24.81983],[120.95954,24.81971],[120.95965,24.81956],[120.95986,24.81932],[120.96012,24.81905],[120.96014,24.81903],[120.96022,24.81895],[120.96024,24.81893],[120.96026,24.81891],[120.9603,24.81887],[120.96034,24.81882],[120.9607,24.81838],[120.96078,24.81815],[120.96091,24.81776],[120.96102,24.81745],[120.96111,24.8172],[120.96119,24.81696],[120.96133,24.81657],[120.96123,24.81621],[120.96105,24.81558]]]}},{"type":"Feature","properties":{"name":"墩豐路","base":"墩豐路","section":null,"tier":"hard","length_m":722,"district":"香山區"},"geometry":{"type":"MultiLineString","coordinates":[[[120.93797,24.76951],[120.93809,24.76954],[120.93832,24.76956],[120.93841,24.76956],[120.93849,24.76963],[120.93854,24.76975],[120.9387,24.77039],[120.93918,24.7704],[120.93934,24.77057],[120.93952,24.77078],[120.93966,24.77096],[120.93969,24.77099],[120.93982,24.77114],[120.93994,24.77136],[120.94007,24.77158],[120.94012,24.77164],[120.9403,24.77185],[120.94042,24.772],[120.94059,24.7722],[120.94075,24.77237]],[[120.9387,24.77039],[120.93878,24.77064],[120.93908,24.77093],[120.9392,24.771],[120.93936,24.77108],[120.93944,24.77115],[120.93962,24.7713],[120.93979,24.77151]],[[120.93918,24.7704],[120.93924,24.77026],[120.93922,24.7702],[120.93885,24.76973]]]}},{"type":"Feature","properties":{"name":"士林一街","base":"士林一街","section":null,"tier":"hard","length_m":398,"district":"北區"},"geometry":{"type":"MultiLineString","coordinates":[[[120.95336,24.82199],[120.95327,24.82192],[120.95284,24.82153],[120.95348,24.82096],[120.95399,24.82049],[120.95486,24.81969],[120.95504,24.81952],[120.95511,24.81946]]]}},{"type":"Feature","properties":{"name":"士林二街","base":"士林二街","section":null,"tier":"hard","length_m":325,"district":"北區"},"geometry":{"type":"MultiLineString","coordinates":[[[120.95336,24.82199],[120.95396,24.82138],[120.9542,24.82115],[120.9545,24.82086],[120.95532,24.8201],[120.95536,24.82005],[120.95549,24.81993],[120.95557,24.81986]]]}},{"type":"Feature","properties":{"name":"士林北路","base":"士林北路","section":null,"tier":"hard","length_m":408,"district":"北區"},"geometry":{"type":"MultiLineString","coordinates":[[[120.95345,24.82274],[120.95444,24.82179],[120.955,24.82129],[120.95584,24.8205],[120.95599,24.82036],[120.95604,24.8203],[120.9561,24.82025],[120.95626,24.8201]]]}},{"type":"Feature","properties":{"name":"士林東路","base":"士林東路","section":null,"tier":"hard","length_m":207,"district":"北區"},"geometry":{"type":"MultiLineString","coordinates":[[[120.95604,24.8203],[120.95598,24.82025],[120.95561,24.8199],[120.95557,24.81986],[120.95552,24.81981],[120.95516,24.8195],[120.95511,24.81946],[120.95506,24.81941],[120.95469,24.81907],[120.95459,24.81898]]]}},{"type":"Feature","properties":{"name":"士林西路","base":"士林西路","section":null,"tier":"hard","length_m":263,"district":"北區"},"geometry":{"type":"MultiLineString","coordinates":[[[120.95483,24.82209],[120.95444,24.82179],[120.95419,24.82157],[120.95396,24.82138],[120.95348,24.82096],[120.95291,24.82049]]]}},{"type":"Feature","properties":{"name":"大同橋","base":"大同橋","section":null,"tier":"hard","length_m":41,"district":"東區"},"geometry":{"type":"MultiLineString","coordinates":[[[120.96996,24.80294],[120.97034,24.80287],[120.97036,24.80286]]]}},{"type":"Feature","properties":{"name":"大同路（北區）","base":"大同路（北區）","section":null,"tier":"hard","length_m":733,"district":"北區"},"geometry":{"type":"MultiLineString","coordinates":[[[120.96591,24.80841],[120.96615,24.80808],[120.96624,24.80796],[120.9664,24.80774],[120.96684,24.80715],[120.96731,24.80651],[120.96769,24.806],[120.96821,24.8053]],[[120.96902,24.80417],[120.96942,24.80365],[120.96968,24.80329],[120.96995,24.80296],[120.96996,24.80294]],[[120.96821,24.8053],[120.96857,24.80479],[120.96877,24.80451],[120.96902,24.80417]]]}},{"type":"Feature","properties":{"name":"大同路（東區）","base":"大同路（東區）","section":null,"tier":"hard","length_m":106,"district":"東區"},"geometry":{"type":"MultiLineString","coordinates":[[[120.97036,24.80286],[120.97042,24.80285],[120.97071,24.8028],[120.97088,24.80277],[120.97127,24.80269],[120.97139,24.80267]]]}},{"type":"Feature","properties":{"name":"大學路","base":"大學路","section":null,"tier":"hard","length_m":821,"district":"東區"},"geometry":{"type":"MultiLineString","coordinates":[[[121.00459,24.79103],[121.0045,24.79093]],[[121.00292,24.78888],[121.00256,24.78899],[121.00247,24.78902],[121.00219,24.78911],[121.00145,24.78934],[121.00107,24.78937],[121.00089,24.78937],[121.00067,24.78938],[121.00044,24.78938],[121.0003,24.78939],[121.00008,24.78938]],[[120.99999,24.78938],[120.9998,24.78947],[120.99962,24.78954],[120.9995,24.78957]],[[121.0045,24.79093],[121.00447,24.79085],[121.00446,24.79083],[121.00443,24.79077],[121.00443,24.7907],[121.00446,24.79046],[121.00447,24.79035],[121.00443,24.79025],[121.00436,24.79014],[121.00423,24.78996]],[[121.00008,24.78938],[120.99999,24.78938]],[[120.9995,24.78957],[120.99914,24.78969],[120.99908,24.78972],[120.99818,24.79001]],[[121.00423,24.78996],[121.00381,24.78945]],[[121.00381,24.78945],[121.00351,24.78907],[121.00346,24.78901],[121.00332,24.78891],[121.00312,24.78886],[121.00292,24.78888]]]}},{"type":"Feature","properties":{"name":"大學路51巷","base":"大學路51巷","section":null,"tier":"hard","length_m":497,"lane":true,"district":"東區"},"geometry":{"type":"MultiLineString","coordinates":[[[121.00332,24.78891],[121.00335,24.78887],[121.00354,24.78863],[121.00395,24.78839],[121.0041,24.78818],[121.00415,24.78787],[121.00416,24.78761],[121.00414,24.78742]],[[121.00247,24.78607],[121.00251,24.78611],[121.00269,24.78633],[121.00276,24.7864],[121.00284,24.78642],[121.00298,24.78636],[121.00328,24.78621]],[[121.00328,24.78621],[121.0035,24.78614],[121.00369,24.78617],[121.00379,24.78627],[121.00382,24.78636],[121.00414,24.78742]]]}},{"type":"Feature","properties":{"name":"大庄橋（香山區2）","base":"大庄橋（香山區2）","section":null,"tier":"easy","length_m":37,"district":"香山區"},"geometry":{"type":"MultiLineString","coordinates":[[[120.92034,24.79886],[120.92039,24.79919]]]}},{"type":"Feature","properties":{"name":"大庄橋（香山區3）","base":"大庄橋（香山區3）","section":null,"tier":"easy","length_m":37,"district":"香山區"},"geometry":{"type":"MultiLineString","coordinates":[[[120.92042,24.79879],[120.92047,24.79912]]]}},{"type":"Feature","properties":{"name":"大庄橋（香山區4）","base":"大庄橋（香山區4）","section":null,"tier":"easy","length_m":35,"district":"香山區"},"geometry":{"type":"MultiLineString","coordinates":[[[120.9203,24.79923],[120.92025,24.79892]]]}},{"type":"Feature","properties":{"name":"大庄橋（香山區）","base":"大庄橋（香山區）","section":null,"tier":"easy","length_m":44,"district":"香山區"},"geometry":{"type":"MultiLineString","coordinates":[[[120.92024,24.79935],[120.92017,24.79896]]]}},{"type":"Feature","properties":{"name":"大庄路","base":"大庄路","section":null,"tier":"medium","length_m":1116,"district":"香山區"},"geometry":{"type":"MultiLineString","coordinates":[[[120.92309,24.79311],[120.92384,24.79285],[120.92398,24.79284],[120.92425,24.7928]],[[120.92309,24.79311],[120.92284,24.79323],[120.92239,24.79342],[120.92184,24.79362]],[[120.92645,24.79118],[120.92671,24.79088],[120.92709,24.79044],[120.92745,24.79002],[120.9275,24.78997],[120.92764,24.78981],[120.9279,24.7895],[120.9281,24.78927],[120.92827,24.78908],[120.92833,24.78899],[120.92839,24.78892],[120.92861,24.78841],[120.92863,24.78834]],[[120.92863,24.78834],[120.92866,24.78823]],[[120.92425,24.7928],[120.92456,24.79274],[120.92487,24.79262],[120.92523,24.79236],[120.92558,24.79208],[120.926,24.79165],[120.92607,24.79158],[120.92645,24.79118]],[[120.92284,24.79475],[120.92274,24.79464],[120.92267,24.79457],[120.92261,24.7945],[120.92243,24.7943],[120.92211,24.79396],[120.92209,24.79393],[120.92184,24.79362]]]}},{"type":"Feature","properties":{"name":"大庄路228巷","base":"大庄路228巷","section":null,"tier":"medium","length_m":151,"lane":true,"district":"香山區"},"geometry":{"type":"MultiLineString","coordinates":[[[120.92238,24.79192],[120.92273,24.79237],[120.92277,24.79246],[120.92292,24.79274]],[[120.92292,24.79274],[120.92309,24.79311]]]}},{"type":"Feature","properties":{"name":"大湖橋","base":"大湖橋","section":null,"tier":"medium","length_m":21,"district":"香山區"},"geometry":{"type":"MultiLineString","coordinates":[[[120.93694,24.74681],[120.93708,24.74695]]]}},{"type":"Feature","properties":{"name":"大湖路","base":"大湖路","section":null,"tier":"medium","length_m":3052,"district":"香山區"},"geometry":{"type":"MultiLineString","coordinates":[[[120.91578,24.76755],[120.91587,24.7675]],[[120.91587,24.7675],[120.91596,24.76745],[120.91609,24.76737],[120.91613,24.76735],[120.91633,24.76727],[120.91641,24.7672],[120.91643,24.76711],[120.91639,24.76695],[120.91629,24.76675],[120.91584,24.76575],[120.91581,24.76564],[120.91581,24.76547],[120.91591,24.76494],[120.91601,24.7643],[120.91608,24.76388],[120.91611,24.76378],[120.91617,24.76367],[120.91626,24.76361],[120.9168,24.7633],[120.91696,24.76315],[120.91709,24.76297],[120.91716,24.76281],[120.9172,24.76267],[120.9172,24.76256],[120.91721,24.76216],[120.91724,24.76196],[120.91731,24.76181],[120.91735,24.76176],[120.91742,24.76168],[120.91764,24.76148]],[[120.92125,24.75817],[120.92134,24.75806]],[[120.92134,24.75806],[120.92155,24.75777],[120.92178,24.7575],[120.92197,24.75738],[120.92213,24.75729],[120.92246,24.75716],[120.92276,24.75702],[120.92304,24.75687],[120.92319,24.75674],[120.92335,24.75659],[120.92356,24.75637],[120.92367,24.75625],[120.92377,24.75609],[120.92388,24.75585],[120.92395,24.75552],[120.924,24.75523],[120.92402,24.75491],[120.92398,24.75471],[120.92394,24.75455],[120.92385,24.75441],[120.92364,24.75416],[120.92342,24.75383],[120.92333,24.75362],[120.92326,24.75338],[120.92324,24.75323],[120.92325,24.75303],[120.92326,24.75283],[120.92325,24.75268],[120.92321,24.75244],[120.92322,24.75218],[120.92328,24.7521],[120.92343,24.75193],[120.92375,24.75163],[120.92387,24.75149],[120.924,24.75122],[120.92411,24.75102],[120.92416,24.75087],[120.92418,24.75054],[120.9242,24.75036],[120.92421,24.75017],[120.9242,24.74984],[120.92419,24.74972],[120.92421,24.74959],[120.92433,24.7492],[120.92441,24.74904],[120.92475,24.74883],[120.92486,24.7487],[120.92491,24.74861],[120.92492,24.74843],[120.92492,24.7481],[120.92487,24.74781],[120.92478,24.74754],[120.92464,24.74728],[120.92452,24.74712],[120.92436,24.74698],[120.92396,24.74673],[120.92307,24.74622],[120.92295,24.74613],[120.92281,24.74596],[120.92256,24.74561],[120.92248,24.74548]],[[120.91769,24.76143],[120.91821,24.76096],[120.91851,24.76068],[120.91864,24.76053],[120.91876,24.76043],[120.91897,24.76027],[120.91915,24.7602],[120.91988,24.76],[120.92002,24.75995],[120.92011,24.75987],[120.92017,24.75979],[120.92018,24.75977],[120.92021,24.75965],[120.92026,24.75947],[120.92031,24.75936],[120.92034,24.75926],[120.92044,24.75894],[120.92049,24.75883],[120.92052,24.75877],[120.92061,24.75867],[120.92106,24.75835],[120.92117,24.75826],[120.92119,24.75825],[120.92125,24.75817]],[[120.91764,24.76148],[120.91769,24.76143]]]}},{"type":"Feature","properties":{"name":"大湖路183巷（香山區2）","base":"大湖路183巷（香山區2）","section":null,"tier":"hard","length_m":256,"lane":true,"district":"香山區"},"geometry":{"type":"MultiLineString","coordinates":[[[120.92421,24.75017],[120.92456,24.75013],[120.92478,24.7501],[120.92494,24.75008],[120.92515,24.75003],[120.9254,24.75019],[120.92547,24.75033],[120.92559,24.75045],[120.92568,24.7505],[120.92588,24.75052],[120.92626,24.75037],[120.92641,24.75024]]]}},{"type":"Feature","properties":{"name":"大湖路183巷（香山區）","base":"大湖路183巷（香山區）","section":null,"tier":"hard","length_m":109,"lane":true,"district":"香山區"},"geometry":{"type":"MultiLineString","coordinates":[[[120.9242,24.75036],[120.92439,24.75035],[120.92461,24.75032],[120.9249,24.75038],[120.92502,24.75035],[120.92524,24.75026]]]}},{"type":"Feature","properties":{"name":"大湖路189巷","base":"大湖路189巷","section":null,"tier":"hard","length_m":111,"lane":true,"district":"香山區"},"geometry":{"type":"MultiLineString","coordinates":[[[120.9242,24.74984],[120.92428,24.7499],[120.92439,24.7499],[120.92462,24.74986],[120.92469,24.74987],[120.92497,24.74982],[120.92515,24.75003]]]}},{"type":"Feature","properties":{"name":"大興街","base":"大興街","section":null,"tier":"medium","length_m":2058,"district":"香山區"},"geometry":{"type":"MultiLineString","coordinates":[[[120.88415,24.73382],[120.8838,24.73361],[120.88343,24.73336],[120.88315,24.73315],[120.88285,24.73292],[120.88257,24.73272],[120.88224,24.73251],[120.88166,24.7321],[120.88135,24.73189],[120.88121,24.73177],[120.88107,24.73165],[120.88098,24.73158],[120.8808,24.73143],[120.88049,24.7312],[120.88038,24.73114],[120.88024,24.73104],[120.88008,24.73096],[120.8799,24.73087],[120.8798,24.73083],[120.87968,24.73078],[120.87961,24.73076],[120.87944,24.7307],[120.8793,24.73065],[120.87923,24.73065],[120.87916,24.73065],[120.87902,24.73066],[120.87899,24.73066],[120.8789,24.73066],[120.87885,24.73066],[120.87877,24.73066],[120.87873,24.73065],[120.87866,24.73064],[120.87863,24.73062],[120.87859,24.7306],[120.87855,24.73057],[120.8785,24.73053],[120.87846,24.7305],[120.87839,24.73045],[120.87811,24.73021],[120.87774,24.72982],[120.87767,24.72976],[120.8776,24.72969],[120.87754,24.72965],[120.87748,24.7296],[120.87743,24.72955],[120.87729,24.72945],[120.87614,24.7287],[120.87612,24.72868],[120.87591,24.72852],[120.87564,24.72833],[120.87537,24.72812],[120.87513,24.72793],[120.87487,24.7277],[120.87409,24.72699],[120.87397,24.72688],[120.87352,24.72636],[120.8724,24.72509],[120.87148,24.72406],[120.87121,24.72371],[120.87105,24.72365],[120.87085,24.72347],[120.87048,24.72309],[120.87029,24.72283],[120.87012,24.72246],[120.87005,24.72232],[120.86977,24.72213],[120.86968,24.72213],[120.86959,24.72213],[120.86946,24.72209],[120.86917,24.72188]]]}},{"type":"Feature","properties":{"name":"大雅路","base":"大雅路","section":null,"tier":"hard","length_m":528,"district":"北區"},"geometry":{"type":"MultiLineString","coordinates":[[[120.97144,24.8171],[120.97117,24.81738],[120.97095,24.81761],[120.97074,24.81783],[120.97068,24.81789]],[[120.96806,24.8205],[120.96795,24.82064]],[[120.97068,24.81789],[120.97062,24.81795],[120.97055,24.81802],[120.97044,24.81813],[120.97026,24.81831],[120.97005,24.81852],[120.9699,24.81867],[120.96983,24.81874],[120.96953,24.81904],[120.96937,24.8192],[120.96924,24.81932],[120.96921,24.81935],[120.96895,24.81962],[120.96843,24.82013],[120.96833,24.82023],[120.96823,24.82033],[120.9681,24.82046],[120.96806,24.8205]]]}},{"type":"Feature","properties":{"name":"天府路一段","base":"天府路","section":"一段","tier":"medium","length_m":3791,"district":"北區"},"geometry":{"type":"MultiLineString","coordinates":[[[120.94833,24.83315],[120.94818,24.83314],[120.94814,24.83313],[120.94794,24.83309],[120.94752,24.83313],[120.94713,24.83319],[120.9468,24.83326],[120.94541,24.83367],[120.94524,24.83372],[120.9448,24.83385],[120.94455,24.83393],[120.94434,24.834],[120.94304,24.83459],[120.94292,24.83466],[120.94221,24.835],[120.94159,24.8353],[120.94078,24.83569],[120.94053,24.83582],[120.93968,24.83623],[120.93883,24.83668],[120.93785,24.83726],[120.93718,24.83764],[120.93627,24.83816],[120.93595,24.83835],[120.93574,24.83847],[120.93524,24.83875]],[[120.93123,24.83953],[120.93143,24.8395]],[[120.93143,24.8395],[120.93178,24.83947],[120.93268,24.83937],[120.93319,24.83929],[120.93352,24.83924],[120.93375,24.83919],[120.93388,24.83917]],[[120.93512,24.83867],[120.9371,24.83754],[120.93989,24.83596],[120.94069,24.83558],[120.94213,24.8349],[120.94284,24.83454],[120.94293,24.8345],[120.94363,24.83417],[120.94449,24.83384],[120.94688,24.83315],[120.94704,24.83311],[120.94743,24.83304],[120.94794,24.83299],[120.94808,24.83302],[120.94822,24.83306],[120.94824,24.83308],[120.94833,24.83315]],[[120.93154,24.83962],[120.93134,24.83964]],[[120.93388,24.83917],[120.93424,24.83905],[120.93432,24.83902],[120.93461,24.8389],[120.93504,24.83872],[120.93512,24.83867]],[[120.93404,24.83926],[120.93368,24.83932],[120.93343,24.83936],[120.93318,24.8394],[120.93261,24.83948],[120.93229,24.83951],[120.93154,24.83962]],[[120.93524,24.83875],[120.93474,24.839],[120.93453,24.83908],[120.93433,24.83917],[120.93404,24.83926]]]}},{"type":"Feature","properties":{"name":"天府路二段","base":"天府路","section":"二段","tier":"medium","length_m":1851,"district":"北區"},"geometry":{"type":"MultiLineString","coordinates":[[[120.92319,24.84287],[120.92326,24.84283],[120.92336,24.84277],[120.92341,24.84274],[120.92381,24.84219],[120.92406,24.84194],[120.92452,24.84164]],[[120.92803,24.84006],[120.92737,24.84025],[120.92678,24.8405],[120.92667,24.84056],[120.92629,24.84077],[120.92506,24.84146],[120.92458,24.84173]],[[120.92458,24.84173],[120.92415,24.84201],[120.92396,24.84217],[120.92376,24.84242],[120.92346,24.84279],[120.92343,24.84281],[120.9233,24.84289]],[[120.92623,24.84066],[120.92669,24.84041],[120.92725,24.84018],[120.92739,24.84013],[120.92769,24.84003],[120.92797,24.83995],[120.9287,24.83983],[120.92959,24.83972],[120.92987,24.83969],[120.93041,24.83963],[120.93123,24.83953]],[[120.9233,24.84289],[120.92323,24.84293]],[[120.93134,24.83964],[120.93102,24.83968],[120.93059,24.83972],[120.92965,24.83983],[120.92845,24.83999],[120.92803,24.84006]],[[120.92452,24.84164],[120.92623,24.84066]]]}},{"type":"Feature","properties":{"name":"太原路地下道","base":"太原路地下道","section":null,"tier":"hard","length_m":57,"district":"東區"},"geometry":{"type":"MultiLineString","coordinates":[[[120.99276,24.81413],[120.99291,24.81394]],[[120.99291,24.81394],[120.99291,24.81404],[120.99286,24.81412],[120.99276,24.81413]]]}},{"type":"Feature","properties":{"name":"太原路（東區2）","base":"太原路（東區2）","section":null,"tier":"hard","length_m":86,"district":"東區"},"geometry":{"type":"MultiLineString","coordinates":[[[120.99276,24.81413],[120.99262,24.81427],[120.9924,24.81447],[120.99234,24.81453],[120.99228,24.81459],[120.99224,24.81465],[120.99221,24.81471]]]}},{"type":"Feature","properties":{"name":"太原路（東區）","base":"太原路（東區）","section":null,"tier":"hard","length_m":1203,"district":"東區"},"geometry":{"type":"MultiLineString","coordinates":[[[120.99847,24.80663],[120.99832,24.80702],[120.99829,24.80717],[120.99827,24.80736],[120.99826,24.8074],[120.99824,24.8075],[120.99822,24.80757],[120.99827,24.80778],[120.99835,24.80808],[120.9984,24.80828],[120.99846,24.80856],[120.99849,24.80868],[120.99855,24.8091],[120.99855,24.80919],[120.99854,24.80926],[120.9985,24.80947],[120.99841,24.80995],[120.99837,24.81015],[120.99822,24.81078],[120.99821,24.81084],[120.9982,24.8109],[120.9982,24.81094],[120.99819,24.811],[120.99816,24.81112],[120.99814,24.81119],[120.99811,24.81123],[120.99796,24.81148],[120.9979,24.8116],[120.99789,24.81168],[120.99787,24.81178],[120.99787,24.81186],[120.99787,24.8119],[120.99787,24.81209],[120.99785,24.81212],[120.9978,24.81218],[120.99772,24.81223],[120.99753,24.81238],[120.99734,24.81252],[120.99729,24.81255],[120.99721,24.81259],[120.99713,24.8126],[120.99706,24.81261],[120.99699,24.81262],[120.99684,24.81262],[120.99642,24.81265],[120.99615,24.81266],[120.99608,24.81265],[120.99601,24.81264],[120.9959,24.81259],[120.99571,24.81252],[120.9955,24.81247],[120.99524,24.81255],[120.99503,24.81261],[120.99492,24.81267],[120.99472,24.81283],[120.99444,24.81305],[120.99439,24.81309],[120.99428,24.81317],[120.99411,24.81328],[120.99398,24.81335],[120.99387,24.81339],[120.99374,24.81341],[120.9936,24.81345],[120.99322,24.81363],[120.99319,24.81365],[120.99305,24.81378],[120.99291,24.81394]]]}},{"type":"Feature","properties":{"name":"孝賢路","base":"孝賢路","section":null,"tier":"hard","length_m":242,"district":"北區"},"geometry":{"type":"MultiLineString","coordinates":[[[120.92831,24.84175],[120.9278,24.84202],[120.92728,24.84231],[120.92676,24.84259],[120.92625,24.84286]]]}},{"type":"Feature","properties":{"name":"學府路","base":"學府路","section":null,"tier":"hard","length_m":1398,"district":"東區"},"geometry":{"type":"MultiLineString","coordinates":[[[120.98707,24.80099],[120.98704,24.80092],[120.98687,24.80053],[120.9868,24.80036],[120.98673,24.80019],[120.98656,24.79977],[120.98638,24.79934],[120.98613,24.79872],[120.98564,24.79758],[120.9856,24.79749]],[[120.98056,24.79543],[120.98024,24.79532],[120.98013,24.79528],[120.97966,24.79511],[120.97935,24.79499],[120.97889,24.79482],[120.97833,24.79464],[120.97803,24.79454],[120.97747,24.79433],[120.97688,24.79413],[120.97677,24.79412],[120.97672,24.79414]],[[120.9856,24.79749],[120.98557,24.79742],[120.98552,24.7973],[120.98541,24.7972],[120.98355,24.7965],[120.98233,24.79608],[120.98203,24.79597],[120.98193,24.79594],[120.98161,24.79583],[120.98146,24.79578],[120.98142,24.79577],[120.98132,24.79573],[120.98123,24.79569],[120.98085,24.79554],[120.98056,24.79543]]]}},{"type":"Feature","properties":{"name":"安和街","base":"安和街","section":null,"tier":"hard","length_m":264,"district":"東區"},"geometry":{"type":"MultiLineString","coordinates":[[[121.01494,24.78111],[121.0151,24.7814],[121.01527,24.78165],[121.01548,24.78196],[121.01557,24.7821],[121.01559,24.78219]],[[121.01559,24.78219],[121.01451,24.78277]]]}},{"type":"Feature","properties":{"name":"安和街2巷","base":"安和街2巷","section":null,"tier":"hard","length_m":187,"lane":true,"district":"東區"},"geometry":{"type":"MultiLineString","coordinates":[[[121.01527,24.78165],[121.01402,24.78238],[121.0142,24.78267]]]}},{"type":"Feature","properties":{"name":"安和街4巷","base":"安和街4巷","section":null,"tier":"hard","length_m":125,"lane":true,"district":"東區"},"geometry":{"type":"MultiLineString","coordinates":[[[121.0151,24.7814],[121.01421,24.78189],[121.01405,24.78199]]]}},{"type":"Feature","properties":{"name":"安和街6巷","base":"安和街6巷","section":null,"tier":"hard","length_m":138,"lane":true,"district":"東區"},"geometry":{"type":"MultiLineString","coordinates":[[[121.01421,24.78189],[121.01408,24.78167],[121.01408,24.78161],[121.01412,24.78157],[121.01494,24.78111]]]}},{"type":"Feature","properties":{"name":"安富街","base":"安富街","section":null,"tier":"hard","length_m":312,"district":"東區"},"geometry":{"type":"MultiLineString","coordinates":[[[121.01686,24.78124],[121.01548,24.78196],[121.0142,24.78267]]]}},{"type":"Feature","properties":{"name":"安康街","base":"安康街","section":null,"tier":"hard","length_m":180,"district":"東區"},"geometry":{"type":"MultiLineString","coordinates":[[[121.01615,24.78011],[121.01632,24.78039],[121.01651,24.78068],[121.01668,24.78095]],[[121.01668,24.78095],[121.01686,24.78124],[121.01695,24.78138],[121.01703,24.78152]]]}},{"type":"Feature","properties":{"name":"安康街4巷","base":"安康街4巷","section":null,"tier":"hard","length_m":162,"lane":true,"district":"東區"},"geometry":{"type":"MultiLineString","coordinates":[[[121.01668,24.78095],[121.01527,24.78165]]]}},{"type":"Feature","properties":{"name":"安康街6巷","base":"安康街6巷","section":null,"tier":"hard","length_m":163,"lane":true,"district":"東區"},"geometry":{"type":"MultiLineString","coordinates":[[[121.01651,24.78068],[121.0151,24.7814]]]}},{"type":"Feature","properties":{"name":"安康街8巷","base":"安康街8巷","section":null,"tier":"hard","length_m":161,"lane":true,"district":"東區"},"geometry":{"type":"MultiLineString","coordinates":[[[121.01494,24.78111],[121.01559,24.78076],[121.01632,24.78039]]]}},{"type":"Feature","properties":{"name":"安康街9巷","base":"安康街9巷","section":null,"tier":"hard","length_m":71,"lane":true,"district":"東區"},"geometry":{"type":"MultiLineString","coordinates":[[[121.01763,24.77973],[121.01824,24.77941]]]}},{"type":"Feature","properties":{"name":"客雅大道（北區）","base":"客雅大道（北區）","section":null,"tier":"medium","length_m":1491,"district":"北區"},"geometry":{"type":"MultiLineString","coordinates":[[[120.95456,24.78371],[120.95515,24.78399],[120.95576,24.78429],[120.95623,24.7845],[120.95664,24.78465],[120.95723,24.78477],[120.95826,24.78492],[120.95988,24.78513],[120.96027,24.78511],[120.96052,24.78509],[120.96082,24.78502]],[[120.96085,24.78509],[120.96079,24.78511],[120.96059,24.78517],[120.96051,24.78518],[120.96028,24.78521],[120.95991,24.78524],[120.95957,24.78519],[120.95708,24.78484],[120.95661,24.78473],[120.95609,24.78455],[120.95571,24.78438],[120.95509,24.78409],[120.95452,24.78382],[120.95428,24.78369],[120.95396,24.7835],[120.95388,24.78339]],[[120.95388,24.78339],[120.95403,24.78342],[120.95435,24.78361],[120.95456,24.78371]]]}},{"type":"Feature","properties":{"name":"客雅大道（東區2）","base":"客雅大道（東區2）","section":null,"tier":"medium","length_m":430,"district":"東區"},"geometry":{"type":"MultiLineString","coordinates":[[[120.9673,24.77895],[120.96671,24.77934]],[[120.96538,24.78053],[120.96535,24.78071],[120.96534,24.7809],[120.96537,24.78116],[120.96542,24.78139]],[[120.96671,24.77934],[120.96605,24.77981],[120.9655,24.78033],[120.96538,24.78053]],[[120.96542,24.78139],[120.96548,24.7816],[120.96552,24.7819],[120.96551,24.78201]]]}},{"type":"Feature","properties":{"name":"客雅大道（東區）","base":"客雅大道（東區）","section":null,"tier":"medium","length_m":442,"district":"東區"},"geometry":{"type":"MultiLineString","coordinates":[[[120.96528,24.7805],[120.96538,24.78031],[120.96599,24.77975],[120.96628,24.77949],[120.96664,24.77926]],[[120.96664,24.77926],[120.96725,24.77886]],[[120.96535,24.78146],[120.96528,24.78122],[120.96522,24.78091],[120.96522,24.78071],[120.96528,24.7805]],[[120.9654,24.782],[120.96541,24.78187],[120.9654,24.78163],[120.96535,24.78146]]]}},{"type":"Feature","properties":{"name":"客雅溪橋","base":"客雅溪橋","section":null,"tier":"medium","length_m":55,"district":"東區"},"geometry":{"type":"MultiLineString","coordinates":[[[120.95848,24.7968],[120.95902,24.79676]]]}},{"type":"Feature","properties":{"name":"客雅街","base":"客雅街","section":null,"tier":"hard","length_m":241,"district":"北區"},"geometry":{"type":"MultiLineString","coordinates":[[[120.95297,24.80504],[120.95293,24.80419],[120.95291,24.80399],[120.95287,24.80381],[120.95279,24.80361],[120.95243,24.80297]]]}},{"type":"Feature","properties":{"name":"宫口街","base":"宫口街","section":null,"tier":"hard","length_m":291,"district":"香山區"},"geometry":{"type":"MultiLineString","coordinates":[[[120.92151,24.79274],[120.92175,24.79301],[120.92186,24.79306],[120.9221,24.7931],[120.92214,24.79295],[120.92224,24.79297],[120.92229,24.79298],[120.92229,24.7931]],[[120.92229,24.7931],[120.92239,24.79342]],[[120.92059,24.79196],[120.92098,24.79215],[120.92125,24.79231],[120.92135,24.79242],[120.9214,24.79251],[120.92148,24.79268],[120.92151,24.79274]]]}},{"type":"Feature","properties":{"name":"宫口街18巷","base":"宫口街18巷","section":null,"tier":"hard","length_m":102,"lane":true,"district":"香山區"},"geometry":{"type":"MultiLineString","coordinates":[[[120.92184,24.79362],[120.9217,24.79339],[120.92158,24.7932],[120.9214,24.7928]]]}},{"type":"Feature","properties":{"name":"宫口街28巷","base":"宫口街28巷","section":null,"tier":"medium","length_m":264,"lane":true,"district":"香山區"},"geometry":{"type":"MultiLineString","coordinates":[[[120.91975,24.7934],[120.9204,24.79315],[120.92055,24.7931],[120.92108,24.79292],[120.9214,24.7928],[120.92151,24.79274]],[[120.91934,24.79393],[120.91941,24.79385],[120.91948,24.79375],[120.91955,24.79367],[120.91975,24.7934]]]}},{"type":"Feature","properties":{"name":"宫口街33巷","base":"宫口街33巷","section":null,"tier":"medium","length_m":127,"lane":true,"district":"香山區"},"geometry":{"type":"MultiLineString","coordinates":[[[120.92151,24.79274],[120.92174,24.79252],[120.922,24.79228],[120.92238,24.79192]]]}},{"type":"Feature","properties":{"name":"富禮街","base":"富禮街","section":null,"tier":"hard","length_m":275,"district":"香山區"},"geometry":{"type":"MultiLineString","coordinates":[[[120.91403,24.76424],[120.91393,24.76429],[120.91317,24.76458],[120.91311,24.76458],[120.91307,24.76456],[120.91283,24.76413],[120.91272,24.76389],[120.91236,24.76318]]]}},{"type":"Feature","properties":{"name":"富美路","base":"富美路","section":null,"tier":"medium","length_m":285,"district":"北區"},"geometry":{"type":"MultiLineString","coordinates":[[[120.94033,24.84163],[120.94004,24.84145],[120.9394,24.84116],[120.93929,24.84108],[120.9391,24.84094],[120.93899,24.84086],[120.93873,24.84067],[120.93855,24.84054],[120.93837,24.84041],[120.93808,24.84011]]]}},{"type":"Feature","properties":{"name":"富群街","base":"富群街","section":null,"tier":"hard","length_m":985,"district":"香山區"},"geometry":{"type":"MultiLineString","coordinates":[[[120.96067,24.76771],[120.96048,24.76779],[120.96043,24.76781],[120.9604,24.76782],[120.96017,24.7679],[120.96,24.76798],[120.95996,24.76801],[120.95992,24.76806],[120.9599,24.76811],[120.95989,24.76821],[120.9599,24.76825],[120.96003,24.76848],[120.96003,24.76856],[120.96002,24.76861],[120.95997,24.76865],[120.95991,24.76865],[120.95967,24.76862],[120.95948,24.76861],[120.95945,24.76861],[120.95931,24.76861],[120.9592,24.76858],[120.95883,24.76831],[120.95876,24.76829],[120.95871,24.7683],[120.95866,24.76831],[120.95799,24.76878],[120.95785,24.76882],[120.9577,24.76884],[120.95763,24.76885],[120.95753,24.76897],[120.95738,24.76912],[120.95735,24.76915],[120.95714,24.7694],[120.95708,24.76944],[120.957,24.76945]],[[120.95685,24.76909],[120.95695,24.7694],[120.95696,24.76943],[120.957,24.76945]],[[120.95701,24.7696],[120.95693,24.76954],[120.95629,24.76974],[120.95592,24.76983],[120.95584,24.76982],[120.95561,24.76978],[120.95499,24.76961],[120.95426,24.76948],[120.9541,24.76946],[120.95392,24.76951]],[[120.95693,24.76954],[120.95696,24.7695],[120.957,24.76945]],[[120.95708,24.76944],[120.95708,24.76952],[120.95705,24.76955],[120.95701,24.7696]],[[120.95686,24.76893],[120.95689,24.76894],[120.95691,24.76897],[120.95692,24.769],[120.95691,24.76903],[120.9569,24.76906],[120.95688,24.76908],[120.95685,24.76909],[120.95682,24.7691],[120.95678,24.76909],[120.95676,24.76908],[120.95673,24.76906],[120.95672,24.76903],[120.95672,24.769],[120.95672,24.76897],[120.95674,24.76895],[120.95676,24.76893],[120.95679,24.76892],[120.95683,24.76892],[120.95686,24.76893]]]}},{"type":"Feature","properties":{"name":"寶山路452巷","base":"寶山路452巷","section":null,"tier":"hard","length_m":171,"lane":true,"district":"東區"},"geometry":{"type":"MultiLineString","coordinates":[[[120.99033,24.78347],[120.99034,24.78381],[120.99038,24.78386],[120.99047,24.78399],[120.99059,24.78415],[120.99063,24.7845],[120.99066,24.78474],[120.99067,24.78478],[120.99068,24.78485]],[[120.99068,24.78485],[120.99068,24.78493]]]}},{"type":"Feature","properties":{"name":"寶山路452巷8弄","base":"寶山路452巷8弄","section":null,"tier":"hard","length_m":74,"lane":true,"district":"東區"},"geometry":{"type":"MultiLineString","coordinates":[[[120.9896,24.78348],[120.98974,24.78348],[120.98992,24.78348],[120.99013,24.78348],[120.99033,24.78347]]]}},{"type":"Feature","properties":{"name":"寶山路（東區2）","base":"寶山路（東區2）","section":null,"tier":"medium","length_m":13,"district":"東區"},"geometry":{"type":"MultiLineString","coordinates":[[[120.99312,24.7843],[120.99321,24.78422]]]}},{"type":"Feature","properties":{"name":"寶山路（東區）","base":"寶山路（東區）","section":null,"tier":"medium","length_m":4009,"district":"東區"},"geometry":{"type":"MultiLineString","coordinates":[[[120.97675,24.79041],[120.97659,24.7905],[120.97638,24.79072],[120.97601,24.79135],[120.97582,24.79168],[120.97563,24.79201],[120.97554,24.79211],[120.97547,24.79219],[120.97539,24.79226],[120.97537,24.79228],[120.97525,24.79239],[120.97479,24.7928],[120.97444,24.7931],[120.97406,24.79344]],[[120.97675,24.79041],[120.97682,24.79034],[120.97704,24.79027],[120.97724,24.79021],[120.9775,24.79011],[120.97782,24.78993],[120.97833,24.78963],[120.97859,24.78951],[120.97925,24.78928],[120.97947,24.78916],[120.97968,24.789],[120.98003,24.78871],[120.98015,24.78866],[120.98028,24.78862],[120.98046,24.7886],[120.98116,24.78861],[120.98125,24.78861],[120.98139,24.7886],[120.98148,24.78859],[120.98169,24.78854],[120.98196,24.78844],[120.98236,24.78825],[120.98256,24.78815],[120.98262,24.78813],[120.98356,24.78769],[120.98389,24.78759],[120.98506,24.78736],[120.98563,24.78725],[120.98593,24.78718],[120.98622,24.78711],[120.98657,24.78699],[120.98685,24.78684],[120.98817,24.78605],[120.98825,24.786]],[[120.98825,24.786],[120.98833,24.78595]],[[120.98838,24.78602],[120.98831,24.78607]],[[120.99068,24.78493],[120.99062,24.78493],[120.99051,24.78492],[120.99036,24.78493],[120.9902,24.78496],[120.99,24.78503],[120.98986,24.78511],[120.98907,24.7856],[120.98844,24.78599],[120.98838,24.78602]],[[120.97406,24.79344],[120.97379,24.79367],[120.97354,24.79389],[120.9732,24.79419],[120.97306,24.7943],[120.97298,24.79438],[120.97279,24.79456],[120.97251,24.79479]],[[120.98831,24.78607],[120.98822,24.78612],[120.98749,24.78656],[120.98661,24.78705],[120.98639,24.78713],[120.98627,24.78718],[120.98597,24.78725],[120.98415,24.7876],[120.98381,24.78769],[120.9835,24.78781],[120.98322,24.78794],[120.98242,24.78832],[120.98186,24.78856],[120.98173,24.78861],[120.98151,24.78866],[120.9814,24.78867],[120.98044,24.78869],[120.98026,24.78871],[120.98008,24.78877],[120.97994,24.78889],[120.97966,24.78911],[120.9795,24.78922],[120.97928,24.78935],[120.97909,24.78942],[120.97878,24.78954],[120.97854,24.78962],[120.97831,24.78973],[120.97791,24.78997],[120.9775,24.79021],[120.97727,24.7903],[120.97685,24.79043],[120.97675,24.79041]],[[120.98833,24.78595],[120.98839,24.78592],[120.98902,24.78554],[120.98986,24.78503],[120.99,24.78496],[120.99021,24.78489],[120.99037,24.78487],[120.9905,24.78486],[120.99062,24.78485],[120.99068,24.78485]],[[120.99068,24.78485],[120.99075,24.78485],[120.99167,24.78486],[120.9917,24.78486],[120.9918,24.78486]],[[120.9917,24.78493],[120.99166,24.78493],[120.99075,24.78493],[120.99068,24.78493]],[[120.9918,24.78493],[120.9917,24.78493]]]}},{"type":"Feature","properties":{"name":"少年街","base":"少年街","section":null,"tier":"hard","length_m":469,"district":"北區"},"geometry":{"type":"MultiLineString","coordinates":[[[120.96123,24.80545],[120.96049,24.80568],[120.96044,24.80569],[120.95905,24.80611],[120.95862,24.80623],[120.95854,24.80626],[120.95851,24.80627],[120.958,24.80644],[120.95746,24.80661],[120.95741,24.80663],[120.95703,24.80706]]]}},{"type":"Feature","properties":{"name":"尚濱路","base":"尚濱路","section":null,"tier":"hard","length_m":502,"district":"北區"},"geometry":{"type":"MultiLineString","coordinates":[[[120.92916,24.84197],[120.92871,24.84219],[120.92862,24.84224],[120.92853,24.84228],[120.92759,24.84279]],[[120.93044,24.8415],[120.92974,24.84175],[120.92916,24.84197]],[[120.92759,24.84279],[120.92682,24.84319],[120.92658,24.84332],[120.92609,24.84358],[120.92605,24.8436]]]}},{"type":"Feature","properties":{"name":"展業一路","base":"展業一路","section":null,"tier":"hard","length_m":889,"district":"東區"},"geometry":{"type":"MultiLineString","coordinates":[[[121.00172,24.78179],[121.00175,24.78189]],[[121.00175,24.78189],[121.00177,24.78195],[121.00184,24.78211],[121.00187,24.78219],[121.00191,24.78229],[121.00211,24.78279],[121.00217,24.78294],[121.00219,24.783]],[[121.00219,24.783],[121.00221,24.78308],[121.00223,24.78319],[121.00234,24.78363],[121.00238,24.78384],[121.00258,24.78502],[121.00263,24.78521],[121.00273,24.78575],[121.00272,24.78587],[121.00266,24.78595],[121.00247,24.78607],[121.00232,24.78612],[121.00223,24.78615],[121.00217,24.78616],[121.00211,24.78615],[121.00206,24.78614],[121.00202,24.78611],[121.00185,24.786],[121.00167,24.78584],[121.00146,24.78563],[121.00128,24.7854],[121.00117,24.78525],[121.00115,24.78522],[121.00091,24.78476],[121.00078,24.78444],[121.0007,24.78426],[121.00066,24.78415],[121.00054,24.78379],[121.00049,24.78354],[121.00048,24.78348]]]}},{"type":"Feature","properties":{"name":"展業二路","base":"展業二路","section":null,"tier":"hard","length_m":439,"district":"東區"},"geometry":{"type":"MultiLineString","coordinates":[[[121.00219,24.783],[121.00211,24.78302],[121.00168,24.78314],[121.00143,24.78321],[121.0011,24.78331],[121.00054,24.78346],[121.00048,24.78348],[121.0004,24.78348],[121.00026,24.7835],[120.99963,24.78355],[120.99942,24.78353],[120.99922,24.78346],[120.9991,24.78339],[120.99897,24.78332],[120.99885,24.78323],[120.99874,24.78311],[120.9987,24.78297],[120.99862,24.78268],[120.99861,24.78263]],[[120.99861,24.78263],[120.99858,24.78253]]]}},{"type":"Feature","properties":{"name":"展演路","base":"展演路","section":null,"tier":"hard","length_m":267,"district":"東區"},"geometry":{"type":"MultiLineString","coordinates":[[[120.99141,24.80805],[120.99068,24.80685],[120.99066,24.80681]],[[120.99189,24.80861],[120.99182,24.80861],[120.99175,24.80861],[120.99165,24.80845],[120.99141,24.80805]],[[120.99062,24.80676],[120.99058,24.80668]],[[120.99058,24.80668],[120.99054,24.80662]],[[120.99066,24.80681],[120.99062,24.80676]]]}},{"type":"Feature","properties":{"name":"崇和路","base":"崇和路","section":null,"tier":"hard","length_m":171,"district":"東區"},"geometry":{"type":"MultiLineString","coordinates":[[[121.01492,24.79024],[121.01496,24.79025],[121.01499,24.79027],[121.01502,24.79031],[121.01518,24.79061],[121.0157,24.79151],[121.01573,24.79157]]]}},{"type":"Feature","properties":{"name":"崧嶺橋","base":"崧嶺橋","section":null,"tier":"medium","length_m":58,"district":"北區"},"geometry":{"type":"MultiLineString","coordinates":[[[120.95608,24.79622],[120.9561,24.79674]]]}},{"type":"Feature","properties":{"name":"崧嶺路","base":"崧嶺路","section":null,"tier":"hard","length_m":1288,"district":"北區"},"geometry":{"type":"MultiLineString","coordinates":[[[120.95429,24.78716],[120.9544,24.78745],[120.95444,24.78765],[120.95453,24.78811],[120.95446,24.78847],[120.95448,24.7888],[120.95453,24.7891],[120.95446,24.78935],[120.95438,24.7901],[120.95438,24.79013],[120.95434,24.7905],[120.95439,24.79072],[120.95438,24.7911],[120.95431,24.7916],[120.95412,24.79159]],[[120.95602,24.79555],[120.95588,24.79527],[120.95583,24.79521],[120.95559,24.79494]],[[120.95559,24.79494],[120.95554,24.7949],[120.95541,24.79479],[120.95528,24.79472],[120.95498,24.79462],[120.95427,24.79435],[120.95404,24.79427],[120.95368,24.79414],[120.95359,24.79411],[120.95327,24.79401],[120.95319,24.79393],[120.95303,24.79371],[120.95293,24.79359],[120.95289,24.79349],[120.95274,24.793]],[[120.95602,24.79555],[120.95606,24.79582],[120.95608,24.79622]],[[120.95274,24.793],[120.95283,24.79296],[120.95302,24.7929],[120.95325,24.79277],[120.95329,24.7927],[120.95329,24.79245],[120.95329,24.79226],[120.95353,24.79209],[120.95373,24.79197],[120.95391,24.7918],[120.95412,24.79159]]]}},{"type":"Feature","properties":{"name":"工業東一路","base":"工業東一路","section":null,"tier":"hard","length_m":305,"district":"東區"},"geometry":{"type":"MultiLineString","coordinates":[[[121.00553,24.7785],[121.00548,24.77844],[121.00485,24.77776],[121.00468,24.77756],[121.00465,24.77744],[121.0047,24.77729],[121.0048,24.77713],[121.00535,24.77633],[121.00537,24.77631]],[[121.00537,24.77631],[121.00543,24.77623]]]}},{"type":"Feature","properties":{"name":"工業東七路","base":"工業東七路","section":null,"tier":"hard","length_m":286,"district":"東區"},"geometry":{"type":"MultiLineString","coordinates":[[[121.00964,24.77407],[121.00967,24.7741],[121.01059,24.7753],[121.01064,24.77536],[121.01069,24.77542],[121.01116,24.77599],[121.01122,24.77606],[121.01129,24.77616]]]}},{"type":"Feature","properties":{"name":"工業東三路","base":"工業東三路","section":null,"tier":"hard","length_m":985,"district":"東區"},"geometry":{"type":"MultiLineString","coordinates":[[[121.00454,24.77526],[121.0046,24.77537],[121.00476,24.77568],[121.0049,24.77585],[121.0051,24.77602],[121.00538,24.7762],[121.00543,24.77623]],[[121.00839,24.77754],[121.00835,24.77751]],[[121.007,24.7768],[121.00707,24.77681],[121.00716,24.77684],[121.0077,24.77699],[121.00784,24.77705],[121.0079,24.77711],[121.00814,24.77734],[121.00818,24.77738],[121.00822,24.77741]],[[121.00446,24.77534],[121.00442,24.77522]],[[121.00698,24.77686],[121.00693,24.77685],[121.00643,24.77676],[121.00635,24.77674],[121.00592,24.77657],[121.0057,24.77648],[121.00551,24.77638],[121.00537,24.77631]],[[121.00822,24.77741],[121.00823,24.77749],[121.00824,24.77758],[121.00824,24.77764]],[[121.00814,24.77747],[121.0081,24.77743],[121.00807,24.7774],[121.00784,24.77717],[121.00782,24.77716],[121.0077,24.77708],[121.00714,24.77691],[121.00698,24.77686]],[[121.00537,24.77631],[121.00532,24.77628],[121.00514,24.77618],[121.00481,24.77592],[121.00451,24.77542],[121.00446,24.77534]],[[121.00835,24.77751],[121.00823,24.77749],[121.00814,24.77747]],[[121.00543,24.77623],[121.00557,24.77629],[121.00576,24.77638],[121.00597,24.77646],[121.00644,24.77664],[121.00695,24.77678],[121.007,24.7768]]]}},{"type":"Feature","properties":{"name":"工業東二路","base":"工業東二路","section":null,"tier":"hard","length_m":569,"district":"東區"},"geometry":{"type":"MultiLineString","coordinates":[[[121.00506,24.78115],[121.00506,24.78105]],[[121.00506,24.78105],[121.00505,24.78101],[121.00499,24.78054]],[[121.00494,24.78012],[121.00486,24.7796],[121.00486,24.77938]],[[121.00486,24.77938],[121.00487,24.77925],[121.00488,24.77921],[121.00491,24.7791],[121.00496,24.77901],[121.00507,24.77887],[121.00547,24.77855],[121.00553,24.7785]],[[121.00698,24.77686],[121.007,24.7768]],[[121.00553,24.7785],[121.0056,24.77844],[121.00681,24.77737],[121.0069,24.77715],[121.00696,24.77696],[121.00698,24.77686]],[[121.00499,24.78054],[121.00494,24.78012]]]}},{"type":"Feature","properties":{"name":"工業東五路","base":"工業東五路","section":null,"tier":"hard","length_m":95,"district":"東區"},"geometry":{"type":"MultiLineString","coordinates":[[[121.00822,24.77457],[121.00817,24.77451],[121.00796,24.77419],[121.00786,24.77399],[121.00782,24.77392],[121.00776,24.77383]]]}},{"type":"Feature","properties":{"name":"工業東六路","base":"工業東六路","section":null,"tier":"hard","length_m":143,"district":"東區"},"geometry":{"type":"MultiLineString","coordinates":[[[121.01064,24.77536],[121.01058,24.77539],[121.00936,24.77591]]]}},{"type":"Feature","properties":{"name":"工業東四路","base":"工業東四路","section":null,"tier":"hard","length_m":604,"district":"東區"},"geometry":{"type":"MultiLineString","coordinates":[[[121.00543,24.77623],[121.00549,24.77614],[121.00571,24.77582],[121.00601,24.77554],[121.00621,24.77539],[121.00645,24.77526],[121.0076,24.77483],[121.00814,24.77461],[121.00822,24.77457],[121.0083,24.77454],[121.00958,24.77409],[121.00964,24.77407],[121.00969,24.77402],[121.00979,24.77391],[121.00992,24.77374],[121.00993,24.77365],[121.00957,24.77337]]]}},{"type":"Feature","properties":{"name":"平和街","base":"平和街","section":null,"tier":"hard","length_m":162,"district":"北區"},"geometry":{"type":"MultiLineString","coordinates":[[[120.96762,24.80418],[120.96724,24.80467],[120.96671,24.80538]]]}},{"type":"Feature","properties":{"name":"府後橋","base":"府後橋","section":null,"tier":"hard","length_m":19,"district":"東區"},"geometry":{"type":"MultiLineString","coordinates":[[[120.96992,24.80762],[120.97007,24.80772]]]}},{"type":"Feature","properties":{"name":"府後街","base":"府後街","section":null,"tier":"hard","length_m":673,"district":"東區"},"geometry":{"type":"MultiLineString","coordinates":[[[120.97022,24.80662],[120.97027,24.80656],[120.97062,24.80609],[120.97067,24.80603],[120.9708,24.80588],[120.97081,24.80585],[120.97079,24.80576],[120.97068,24.80537],[120.97047,24.80459],[120.97044,24.80447]],[[120.96884,24.80842],[120.96837,24.80903],[120.96832,24.80908],[120.96789,24.80964]],[[120.97022,24.80662],[120.97016,24.8067],[120.96987,24.80707],[120.96986,24.80709],[120.96984,24.80711],[120.96981,24.80715],[120.96972,24.80727],[120.9696,24.80742],[120.96957,24.80747],[120.96911,24.80807],[120.96885,24.8084],[120.96884,24.80842]]]}},{"type":"Feature","properties":{"name":"府院橋","base":"府院橋","section":null,"tier":"hard","length_m":16,"district":"東區"},"geometry":{"type":"MultiLineString","coordinates":[[[120.96915,24.80862],[120.96928,24.8087]]]}},{"type":"Feature","properties":{"name":"廣州街","base":"廣州街","section":null,"tier":"hard","length_m":254,"district":"北區"},"geometry":{"type":"MultiLineString","coordinates":[[[120.96044,24.80569],[120.9601,24.80479],[120.96001,24.80455],[120.95964,24.80352]]]}},{"type":"Feature","properties":{"name":"延平路一段214巷","base":"延平路一段214巷","section":null,"tier":"hard","length_m":613,"lane":true,"district":"北區"},"geometry":{"type":"MultiLineString","coordinates":[[[120.95417,24.80521],[120.95371,24.80536],[120.95262,24.80571],[120.952,24.80591],[120.95191,24.80593],[120.95178,24.80597]],[[120.95178,24.80597],[120.95173,24.80598],[120.95147,24.80606],[120.95112,24.80615],[120.95107,24.80618],[120.95059,24.80641],[120.95052,24.80645],[120.95042,24.80648],[120.9494,24.80685],[120.94929,24.80696]],[[120.95474,24.80503],[120.95417,24.80521]],[[120.95417,24.80521],[120.95416,24.80503]]]}},{"type":"Feature","properties":{"name":"延平路一段（香山區）","base":"延平路（香山區）","section":"一段","tier":"medium","length_m":1901,"district":"香山區"},"geometry":{"type":"MultiLineString","coordinates":[[[120.96042,24.80328],[120.95964,24.80352],[120.95955,24.80355],[120.95832,24.80393],[120.9581,24.80399],[120.9578,24.80408],[120.95708,24.8043],[120.95696,24.80434],[120.95675,24.8044],[120.95647,24.80449],[120.95624,24.80455],[120.95558,24.80476]],[[120.96207,24.8024],[120.96151,24.80284],[120.96125,24.80305],[120.961,24.80313],[120.96053,24.80327],[120.96042,24.80328]],[[120.94856,24.80506],[120.94834,24.80506],[120.94764,24.80506],[120.94659,24.80505],[120.94621,24.80505],[120.94602,24.80506],[120.94574,24.80506],[120.94505,24.80506],[120.94499,24.80506],[120.94456,24.80506],[120.94419,24.80506],[120.94387,24.80507]],[[120.95474,24.80503],[120.95416,24.80503],[120.95412,24.80503],[120.95369,24.80503],[120.95297,24.80504],[120.95276,24.80504],[120.95172,24.80504],[120.95117,24.80504],[120.9511,24.80505],[120.951,24.80504],[120.95092,24.80504],[120.95087,24.80504],[120.95001,24.80505],[120.94882,24.80505],[120.94856,24.80506]],[[120.95558,24.80476],[120.95548,24.80479]],[[120.95548,24.80479],[120.9554,24.80482],[120.95474,24.80503]]]}},{"type":"Feature","properties":{"name":"延平路三段158巷","base":"延平路三段158巷","section":null,"tier":"hard","length_m":108,"lane":true,"district":"北區"},"geometry":{"type":"MultiLineString","coordinates":[[[120.92834,24.82966],[120.92882,24.82951],[120.92938,24.82956]]]}},{"type":"Feature","properties":{"name":"延平路三段（北區）","base":"延平路（北區）","section":"三段","tier":"medium","length_m":1894,"district":"北區"},"geometry":{"type":"MultiLineString","coordinates":[[[120.92766,24.82722],[120.92779,24.82769],[120.92798,24.82864],[120.92799,24.82867],[120.92805,24.82887],[120.92816,24.82918],[120.92827,24.82947],[120.92834,24.82966],[120.9284,24.82981],[120.92861,24.83036],[120.9288,24.83092],[120.92902,24.83155],[120.92918,24.83212],[120.92936,24.83271],[120.9294,24.83284],[120.9295,24.83315],[120.92972,24.83399],[120.92988,24.83457],[120.93011,24.83491],[120.93015,24.83496],[120.93048,24.83542],[120.9306,24.8356],[120.93087,24.83601],[120.93106,24.8363],[120.93137,24.83675],[120.93159,24.83706],[120.93193,24.83757],[120.93204,24.83772],[120.93228,24.83803],[120.93252,24.83827],[120.93276,24.83847],[120.93285,24.83855],[120.93313,24.83875],[120.93346,24.83896],[120.93388,24.83917]],[[120.92766,24.82722],[120.92754,24.82719]],[[120.93491,24.83964],[120.93563,24.83999],[120.93603,24.84021],[120.93707,24.84083]],[[120.93388,24.83917],[120.93404,24.83926]],[[120.93404,24.83926],[120.93406,24.83926],[120.9344,24.83942],[120.93484,24.83961],[120.93491,24.83964]]]}},{"type":"Feature","properties":{"name":"延平路二段（北區）","base":"延平路（北區）","section":"二段","tier":"easy","length_m":391,"district":"北區"},"geometry":{"type":"MultiLineString","coordinates":[[[120.92754,24.82719],[120.92755,24.82698],[120.92754,24.82678],[120.9275,24.82655],[120.92746,24.82636],[120.92739,24.82605],[120.92729,24.82566],[120.92724,24.82549]],[[120.92736,24.82546],[120.92739,24.82564],[120.92747,24.82602],[120.92751,24.82618],[120.92757,24.82645],[120.92763,24.82668],[120.92766,24.82699],[120.92766,24.82712],[120.92766,24.82722]]]}},{"type":"Feature","properties":{"name":"延平路二段（香山區2）","base":"延平路（香山區2）","section":"二段","tier":"medium","length_m":1223,"district":"香山區"},"geometry":{"type":"MultiLineString","coordinates":[[[120.92707,24.82122],[120.9271,24.82145],[120.92713,24.82159],[120.92713,24.82175],[120.92715,24.82218],[120.92717,24.82249],[120.92719,24.82277],[120.92723,24.82334],[120.92731,24.82444],[120.92732,24.82477],[120.92735,24.82513],[120.92735,24.82523]],[[120.92888,24.81492],[120.9289,24.81547],[120.92892,24.81582],[120.92898,24.81661],[120.92903,24.81755],[120.929,24.81804]],[[120.929,24.81804],[120.92901,24.81836],[120.929,24.81886],[120.92898,24.81913],[120.92892,24.81931],[120.92887,24.81944],[120.92884,24.81949],[120.92863,24.81975],[120.92845,24.81993],[120.92805,24.82023],[120.92789,24.82034],[120.92785,24.82037],[120.92735,24.82084],[120.92707,24.82122]]]}},{"type":"Feature","properties":{"name":"延平路二段（香山區3）","base":"延平路（香山區3）","section":"二段","tier":"easy","length_m":446,"district":"香山區"},"geometry":{"type":"MultiLineString","coordinates":[[[120.92723,24.82526],[120.92722,24.82509],[120.92721,24.82479],[120.9272,24.82446],[120.92715,24.82374],[120.92714,24.82334],[120.9271,24.8227],[120.92708,24.82248],[120.92705,24.82209],[120.92702,24.82159],[120.92697,24.82126]]]}},{"type":"Feature","properties":{"name":"延平路二段（香山區）","base":"延平路（香山區）","section":"二段","tier":"medium","length_m":3850,"district":"香山區"},"geometry":{"type":"MultiLineString","coordinates":[[[120.92598,24.80408],[120.92543,24.80414],[120.92532,24.80416],[120.92426,24.80429],[120.92399,24.80436],[120.92377,24.80445],[120.92353,24.80458],[120.92341,24.80467],[120.92328,24.80477],[120.92311,24.80491],[120.92308,24.80493],[120.923,24.805],[120.9227,24.80527],[120.92261,24.80536],[120.9225,24.80546],[120.92203,24.80589],[120.92186,24.80606],[120.92173,24.80622],[120.92164,24.80641],[120.92162,24.80646],[120.92159,24.80661],[120.92157,24.80674],[120.92158,24.80707],[120.92164,24.80732],[120.92172,24.80752],[120.92189,24.80774],[120.92199,24.80783],[120.92211,24.80794],[120.9227,24.80851],[120.92356,24.80929]],[[120.92625,24.8041],[120.92598,24.80408]],[[120.92356,24.80929],[120.92421,24.80988],[120.92542,24.81097],[120.92652,24.81197],[120.92756,24.81291],[120.92799,24.8133],[120.92848,24.81374],[120.9287,24.81398],[120.92876,24.81412],[120.92881,24.81426],[120.92885,24.81443],[120.92887,24.81474]],[[120.94387,24.80507],[120.94326,24.80506],[120.94259,24.80506],[120.94236,24.80506],[120.9419,24.80506],[120.94161,24.80506],[120.94127,24.80505],[120.94109,24.80505],[120.94031,24.80505],[120.93962,24.80507],[120.93925,24.80508],[120.93898,24.8051],[120.93861,24.80517],[120.93805,24.80534],[120.9376,24.80555],[120.93731,24.80573],[120.93718,24.80581],[120.93709,24.80587],[120.937,24.80595],[120.93652,24.80634],[120.9358,24.80694],[120.93556,24.80714],[120.93528,24.80737],[120.9352,24.80744],[120.93472,24.80781],[120.93449,24.808],[120.93442,24.80805],[120.93431,24.80812],[120.93423,24.80816],[120.93407,24.80825],[120.93383,24.80831],[120.93365,24.80831],[120.93341,24.80827],[120.93324,24.80819],[120.93299,24.80802],[120.93273,24.80778],[120.93268,24.80774],[120.93213,24.80721],[120.93212,24.8072],[120.93195,24.80704],[120.93182,24.80692],[120.93174,24.80685],[120.9317,24.80682],[120.9316,24.80675],[120.93143,24.80668],[120.93125,24.80665],[120.93082,24.80659],[120.93047,24.80656],[120.93031,24.80655],[120.93012,24.80652],[120.92985,24.80649],[120.92966,24.80644],[120.92945,24.80636],[120.92921,24.80623],[120.92918,24.80621],[120.92891,24.80601],[120.92863,24.80577],[120.92749,24.80472],[120.92722,24.80449],[120.92701,24.80435],[120.92669,24.80422],[120.92641,24.80414],[120.92625,24.8041]]]}},{"type":"Feature","properties":{"name":"延濱路","base":"延濱路","section":null,"tier":"hard","length_m":286,"district":"北區"},"geometry":{"type":"MultiLineString","coordinates":[[[120.93011,24.83491],[120.92911,24.83535],[120.92899,24.83542],[120.92847,24.83566],[120.92833,24.83572],[120.92824,24.83577],[120.92758,24.83607]]]}},{"type":"Feature","properties":{"name":"建中一路","base":"建中一路","section":null,"tier":"hard","length_m":273,"district":"東區"},"geometry":{"type":"MultiLineString","coordinates":[[[120.99206,24.80155],[120.99212,24.80152],[120.99244,24.80138],[120.99248,24.80136]],[[120.99248,24.80136],[120.99256,24.80132],[120.99307,24.80106],[120.99317,24.80102],[120.99345,24.80088],[120.99365,24.80078],[120.9937,24.80075],[120.99377,24.80072],[120.99439,24.80041],[120.99443,24.80038]]]}},{"type":"Feature","properties":{"name":"建中路","base":"建中路","section":null,"tier":"hard","length_m":619,"district":"東區"},"geometry":{"type":"MultiLineString","coordinates":[[[120.99356,24.79888],[120.99361,24.79897],[120.99365,24.79902],[120.99384,24.79934],[120.99408,24.79972]],[[120.99408,24.79972],[120.99424,24.80002]],[[120.99443,24.80038],[120.99447,24.80044],[120.99482,24.80103],[120.9954,24.80202],[120.99542,24.80206]],[[120.99542,24.80206],[120.99546,24.80213],[120.996,24.80306],[120.99626,24.8035],[120.99628,24.80353],[120.99632,24.8036],[120.99637,24.8037],[120.99643,24.8038]],[[120.99424,24.80002],[120.99428,24.8001],[120.99438,24.80029],[120.99443,24.80038]]]}},{"type":"Feature","properties":{"name":"建功一路","base":"建功一路","section":null,"tier":"medium","length_m":1152,"district":"東區"},"geometry":{"type":"MultiLineString","coordinates":[[[120.99836,24.79643],[120.99835,24.79648],[120.99829,24.7967],[120.99824,24.79687],[120.99818,24.79709],[120.9981,24.79737],[120.99804,24.7976]],[[120.99716,24.80062],[120.99714,24.80066],[120.99706,24.80094],[120.99705,24.80098],[120.99704,24.80103],[120.99702,24.80109],[120.99696,24.80129],[120.99684,24.80138],[120.99666,24.80146],[120.99655,24.80152],[120.99585,24.80185],[120.99548,24.80203],[120.99542,24.80206]],[[120.99723,24.80038],[120.99716,24.80062]],[[120.99542,24.80206],[120.99537,24.80208],[120.99475,24.80239],[120.99446,24.80253],[120.99431,24.8026],[120.99418,24.80267],[120.99376,24.80287],[120.99353,24.80299],[120.99347,24.80302]],[[120.99347,24.80302],[120.9934,24.80304],[120.99308,24.80316],[120.99301,24.80319]],[[120.99301,24.80319],[120.99294,24.80322],[120.9929,24.80324],[120.99213,24.80353],[120.99182,24.80364],[120.99172,24.80368]],[[120.99804,24.7976],[120.99803,24.79763],[120.99799,24.79777],[120.99793,24.79795],[120.99788,24.79811],[120.99785,24.7982],[120.99774,24.79857],[120.99771,24.79866],[120.9977,24.7987],[120.99759,24.79904],[120.99751,24.79935],[120.99743,24.79969],[120.99741,24.79975],[120.99735,24.79999],[120.99724,24.80034],[120.99723,24.80038]]]}},{"type":"Feature","properties":{"name":"建功二路","base":"建功二路","section":null,"tier":"hard","length_m":878,"district":"東區"},"geometry":{"type":"MultiLineString","coordinates":[[[121.00353,24.79999],[121.00351,24.79994],[121.00337,24.79943],[121.00336,24.79941],[121.00335,24.79938],[121.00331,24.79925],[121.00325,24.79904],[121.00324,24.79901],[121.0032,24.79885],[121.00317,24.79877],[121.00314,24.79866],[121.00309,24.79847],[121.00306,24.79838],[121.00299,24.79819],[121.00295,24.79807],[121.00288,24.79794],[121.00286,24.7979],[121.00271,24.79767],[121.00265,24.79759],[121.00258,24.7975],[121.0024,24.79723],[121.00226,24.79699],[121.0022,24.79687],[121.00214,24.79676],[121.00212,24.7967],[121.00206,24.7965]],[[121.00206,24.7965],[121.00218,24.79664],[121.00225,24.79672],[121.00228,24.79684],[121.00235,24.79695],[121.00247,24.79716],[121.00248,24.79718],[121.00256,24.79728],[121.00267,24.79744],[121.00274,24.79754],[121.00279,24.79761],[121.00287,24.79772],[121.00295,24.79783],[121.00305,24.79804],[121.00316,24.79835],[121.00324,24.79863],[121.00328,24.79874],[121.0033,24.79882],[121.00335,24.79899],[121.00336,24.79902],[121.00346,24.79934],[121.00347,24.7994],[121.00362,24.79989],[121.00363,24.79993]],[[121.00206,24.7965],[121.00205,24.79613]]]}},{"type":"Feature","properties":{"name":"建功路","base":"建功路","section":null,"tier":"medium","length_m":463,"district":"東區"},"geometry":{"type":"MultiLineString","coordinates":[[[120.99793,24.79604],[120.99798,24.79609],[120.99812,24.79622],[120.99836,24.79643]],[[120.99836,24.79643],[120.99843,24.79645],[120.99904,24.79658],[120.99932,24.79665],[120.99956,24.79671],[120.99979,24.79676],[120.99988,24.79678],[121.00021,24.79686],[121.00049,24.79692],[121.00062,24.79693],[121.00103,24.79696],[121.00134,24.79696],[121.00153,24.79696],[121.00169,24.79688],[121.00185,24.79674],[121.00193,24.79665],[121.00206,24.7965]]]}},{"type":"Feature","properties":{"name":"建新路","base":"建新路","section":null,"tier":"hard","length_m":733,"district":"東區"},"geometry":{"type":"MultiLineString","coordinates":[[[121.00168,24.80088],[121.00164,24.80084],[121.00132,24.80044],[121.0011,24.80017],[121.00092,24.79995],[121.00053,24.79948],[121.00036,24.79927],[120.99978,24.79912],[120.99907,24.79897],[120.99857,24.79886],[120.9978,24.79869],[120.99771,24.79866],[120.99766,24.79864],[120.99738,24.79851],[120.99731,24.79848],[120.99713,24.7984],[120.99666,24.79819],[120.99637,24.79805],[120.99609,24.79791],[120.99605,24.79787],[120.99588,24.79766],[120.99586,24.79763]],[[120.99586,24.79763],[120.99579,24.79755]]]}},{"type":"Feature","properties":{"name":"建美路","base":"建美路","section":null,"tier":"hard","length_m":275,"district":"東區"},"geometry":{"type":"MultiLineString","coordinates":[[[120.99847,24.80282],[120.9984,24.80272],[120.99832,24.80259],[120.99827,24.80251],[120.99825,24.80248],[120.99812,24.8023],[120.99726,24.80085],[120.99714,24.80066]]]}},{"type":"Feature","properties":{"name":"建興街","base":"建興街","section":null,"tier":"hard","length_m":109,"district":"北區"},"geometry":{"type":"MultiLineString","coordinates":[[[120.96728,24.8083],[120.96722,24.80827],[120.96661,24.80788],[120.9664,24.80774]]]}},{"type":"Feature","properties":{"name":"建華街","base":"建華街","section":null,"tier":"hard","length_m":271,"district":"東區"},"geometry":{"type":"MultiLineString","coordinates":[[[120.97655,24.79435],[120.9762,24.79422],[120.97576,24.79406],[120.97553,24.79398],[120.97531,24.7939],[120.97522,24.79387],[120.97486,24.79373],[120.9747,24.79368],[120.97406,24.79344]]]}},{"type":"Feature","properties":{"name":"彩虹路","base":"彩虹路","section":null,"tier":"medium","length_m":782,"district":"香山區"},"geometry":{"type":"MultiLineString","coordinates":[[[120.91701,24.80112],[120.91698,24.80084],[120.91695,24.80061],[120.91696,24.79983],[120.91699,24.79952],[120.91705,24.79932],[120.91721,24.79892],[120.91741,24.79846],[120.91745,24.79823],[120.91748,24.79799],[120.91748,24.79654],[120.91743,24.79631],[120.9174,24.79616],[120.91738,24.79611],[120.91726,24.79567],[120.91726,24.7956],[120.91726,24.79545],[120.91737,24.7952]],[[120.91714,24.80178],[120.91709,24.80152],[120.91701,24.80112]],[[120.91723,24.80209],[120.91714,24.80178]]]}},{"type":"Feature","properties":{"name":"後湖橋","base":"後湖橋","section":null,"tier":"medium","length_m":21,"district":"北區"},"geometry":{"type":"MultiLineString","coordinates":[[[120.96291,24.82099],[120.96306,24.82112]]]}},{"type":"Feature","properties":{"name":"復興路","base":"復興路","section":null,"tier":"hard","length_m":300,"district":"東區"},"geometry":{"type":"MultiLineString","coordinates":[[[120.96962,24.80208],[120.96929,24.80252],[120.96912,24.80274],[120.96902,24.80287],[120.96874,24.80323],[120.96801,24.80416]],[[120.96969,24.80194],[120.96962,24.80208]]]}},{"type":"Feature","properties":{"name":"德成街","base":"德成街","section":null,"tier":"hard","length_m":299,"district":"北區"},"geometry":{"type":"MultiLineString","coordinates":[[[120.96276,24.79934],[120.96318,24.79961],[120.96367,24.79992],[120.96398,24.80013],[120.96406,24.80021],[120.96422,24.80038],[120.96437,24.80057]],[[120.96437,24.80057],[120.96486,24.80119]]]}},{"type":"Feature","properties":{"name":"德高街","base":"德高街","section":null,"tier":"hard","length_m":145,"district":"東區"},"geometry":{"type":"MultiLineString","coordinates":[[[120.96484,24.79954],[120.96514,24.79993],[120.9652,24.8],[120.96567,24.8006]]]}},{"type":"Feature","properties":{"name":"志平路","base":"志平路","section":null,"tier":"hard","length_m":1074,"district":"東區"},"geometry":{"type":"MultiLineString","coordinates":[[[120.96804,24.76678],[120.96928,24.76668],[120.96935,24.76667],[120.96932,24.76638],[120.96931,24.76617],[120.96928,24.76596],[120.96926,24.76577],[120.96919,24.76556],[120.96914,24.76536],[120.96906,24.76513],[120.969,24.76494],[120.96893,24.76472],[120.96882,24.76454],[120.96789,24.76462]],[[120.96906,24.76513],[120.96794,24.76522]],[[120.96803,24.76647],[120.96932,24.76638]],[[120.968,24.76606],[120.96928,24.76596]],[[120.96797,24.76564],[120.96919,24.76556]],[[120.9679,24.76481],[120.96893,24.76472]]]}},{"type":"Feature","properties":{"name":"忠信路","base":"忠信路","section":null,"tier":"hard","length_m":170,"district":"北區"},"geometry":{"type":"MultiLineString","coordinates":[[[120.92571,24.84201],[120.92625,24.84286],[120.92634,24.84298],[120.92658,24.84332]]]}},{"type":"Feature","properties":{"name":"忠孝路","base":"忠孝路","section":null,"tier":"medium","length_m":1794,"district":"東區"},"geometry":{"type":"MultiLineString","coordinates":[[[120.98313,24.80223],[120.98318,24.80239]],[[120.99281,24.80555],[120.99278,24.80548]],[[120.98318,24.80239],[120.9832,24.80243],[120.98337,24.80289],[120.98359,24.80345],[120.98368,24.80367],[120.9837,24.80369],[120.98378,24.80376],[120.98389,24.80383],[120.98468,24.80434],[120.98475,24.80439],[120.98476,24.80439],[120.98499,24.80454],[120.98589,24.80509],[120.98655,24.8055],[120.98666,24.80558]],[[120.98972,24.80026],[120.98968,24.80017]],[[120.99269,24.80533],[120.99267,24.8053],[120.99262,24.80519]],[[120.99278,24.80548],[120.99273,24.8054]],[[120.98666,24.80558],[120.98677,24.80558],[120.98707,24.80561],[120.98719,24.80562],[120.98742,24.80563],[120.98829,24.8057]],[[120.99022,24.8011],[120.99002,24.80078],[120.98997,24.8007],[120.98973,24.80032],[120.98972,24.80026]],[[120.99172,24.80368],[120.99169,24.80364],[120.99146,24.80323],[120.99145,24.80321]],[[120.98829,24.8057],[120.98905,24.80526],[120.98951,24.80496],[120.98978,24.8048],[120.98991,24.80471],[120.99,24.80465],[120.99133,24.80391],[120.99164,24.80373],[120.99172,24.80368]],[[120.9914,24.80313],[120.99117,24.80273],[120.99116,24.80271],[120.99111,24.80263],[120.99085,24.80219],[120.99046,24.80153],[120.99035,24.80135],[120.99025,24.80117],[120.99022,24.8011]],[[120.99145,24.80321],[120.9914,24.80313]],[[120.99262,24.80519],[120.99255,24.80507]],[[120.99255,24.80507],[120.99222,24.80451],[120.99216,24.80442],[120.99178,24.80378],[120.99172,24.80368]],[[120.99273,24.8054],[120.99269,24.80533]]]}},{"type":"Feature","properties":{"name":"惠民街","base":"惠民街","section":null,"tier":"hard","length_m":403,"district":"東區"},"geometry":{"type":"MultiLineString","coordinates":[[[121.0109,24.78327],[121.01076,24.78357],[121.01063,24.78385],[121.01048,24.78415],[121.01035,24.78445],[121.00996,24.78529],[121.00977,24.78565],[121.00964,24.78596],[121.00944,24.78629],[121.00932,24.78643],[121.00918,24.78651]]]}},{"type":"Feature","properties":{"name":"惠民街84巷","base":"惠民街84巷","section":null,"tier":"hard","length_m":82,"lane":true,"district":"東區"},"geometry":{"type":"MultiLineString","coordinates":[[[121.00974,24.78385],[121.01048,24.78415]]]}},{"type":"Feature","properties":{"name":"惠民街94巷","base":"惠民街94巷","section":null,"tier":"hard","length_m":82,"lane":true,"district":"東區"},"geometry":{"type":"MultiLineString","coordinates":[[[121.01,24.7833],[121.01076,24.78357]]]}},{"type":"Feature","properties":{"name":"愛國路","base":"愛國路","section":null,"tier":"hard","length_m":241,"district":"北區"},"geometry":{"type":"MultiLineString","coordinates":[[[120.92916,24.84065],[120.92938,24.84107],[120.92974,24.84175],[120.9302,24.8426]]]}},{"type":"Feature","properties":{"name":"愛文街","base":"愛文街","section":null,"tier":"hard","length_m":455,"district":"北區"},"geometry":{"type":"MultiLineString","coordinates":[[[120.96503,24.8083],[120.96486,24.80835],[120.96475,24.80841],[120.96456,24.80855],[120.96442,24.80864],[120.9641,24.80869],[120.96397,24.80871],[120.96379,24.80873],[120.96376,24.80873],[120.9632,24.80876],[120.96297,24.80884],[120.96275,24.80888],[120.96212,24.80897],[120.9617,24.80904],[120.9612,24.80933],[120.96084,24.80954]]]}},{"type":"Feature","properties":{"name":"愛民街","base":"愛民街","section":null,"tier":"hard","length_m":287,"district":"東區"},"geometry":{"type":"MultiLineString","coordinates":[[[121.00977,24.78565],[121.00942,24.78552],[121.00905,24.78538],[121.00868,24.78524],[121.00836,24.78513],[121.00801,24.78499],[121.0075,24.7848],[121.00757,24.78445]]]}},{"type":"Feature","properties":{"name":"慈濟路（東區2）","base":"慈濟路（東區2）","section":null,"tier":"hard","length_m":443,"district":"東區"},"geometry":{"type":"MultiLineString","coordinates":[[[121.01344,24.79763],[121.01355,24.79759],[121.01489,24.7972],[121.0152,24.79708],[121.01538,24.79697],[121.01552,24.79685],[121.01561,24.79677],[121.016,24.79632],[121.01615,24.79604],[121.01619,24.79581],[121.0162,24.79559],[121.01618,24.79521],[121.01617,24.79512]]]}},{"type":"Feature","properties":{"name":"慈濟路（東區）","base":"慈濟路（東區）","section":null,"tier":"hard","length_m":775,"district":"東區"},"geometry":{"type":"MultiLineString","coordinates":[[[121.01557,24.79317],[121.01517,24.79246],[121.01513,24.7924],[121.0151,24.79234],[121.01489,24.79198],[121.01487,24.79194],[121.01484,24.79189],[121.01417,24.79068],[121.01411,24.7906],[121.01408,24.79055],[121.01361,24.78973],[121.01358,24.78967],[121.01353,24.78959],[121.01303,24.7887],[121.01297,24.78859]],[[121.01616,24.79488],[121.01615,24.7948],[121.0161,24.79453],[121.01597,24.79383],[121.01561,24.79323],[121.01557,24.79317]]]}},{"type":"Feature","properties":{"name":"慈祥路","base":"慈祥路","section":null,"tier":"hard","length_m":571,"district":"東區"},"geometry":{"type":"MultiLineString","coordinates":[[[121.0094,24.79447],[121.00928,24.79429],[121.0089,24.79356],[121.00887,24.79351],[121.00884,24.79345],[121.00846,24.79265],[121.00843,24.7926],[121.00839,24.79253],[121.00826,24.79227],[121.00822,24.79217],[121.0082,24.79213],[121.00814,24.79198],[121.0081,24.7919]],[[121.0094,24.79447],[121.00972,24.79493],[121.00992,24.79526],[121.01065,24.79642],[121.01066,24.79644],[121.01067,24.79646]]]}},{"type":"Feature","properties":{"name":"慈雲路地下道","base":"慈雲路地下道","section":null,"tier":"medium","length_m":856,"district":"東區"},"geometry":{"type":"MultiLineString","coordinates":[[[121.01014,24.79678],[121.01073,24.79655],[121.01098,24.79645]],[[121.01668,24.79497],[121.01617,24.79501],[121.01593,24.79504]],[[121.01098,24.79645],[121.01075,24.79658],[121.01022,24.79688]],[[121.01593,24.79504],[121.01616,24.79496],[121.0165,24.7949],[121.01663,24.79487]],[[121.01098,24.79645],[121.01132,24.79633],[121.01168,24.79621],[121.01228,24.79603],[121.01297,24.79583],[121.01426,24.79548]],[[121.01426,24.79548],[121.01506,24.79524],[121.01547,24.79514],[121.01593,24.79504]]]}},{"type":"Feature","properties":{"name":"慈雲路（東區2）","base":"慈雲路（東區2）","section":null,"tier":"medium","length_m":1303,"district":"東區"},"geometry":{"type":"MultiLineString","coordinates":[[[121.01339,24.79831],[121.01334,24.79766],[121.01321,24.79636]],[[121.01164,24.79032],[121.01148,24.79007],[121.0113,24.78966],[121.01129,24.78964],[121.01129,24.78964]],[[121.01129,24.78964],[121.0112,24.78946],[121.01097,24.78899],[121.01096,24.78897],[121.01094,24.78892],[121.01071,24.78852],[121.01038,24.78808],[121.01012,24.78777],[121.01003,24.78768],[121.0099,24.78759],[121.00976,24.78756],[121.00967,24.78757],[121.00954,24.78759]],[[121.01317,24.79593],[121.01315,24.79568],[121.01313,24.7955],[121.01312,24.79535]],[[121.013,24.79415],[121.01298,24.79404],[121.01213,24.79166],[121.0121,24.79158],[121.01207,24.79151],[121.01173,24.79058],[121.01164,24.79032]],[[121.01312,24.79535],[121.01302,24.79423],[121.013,24.79415]],[[121.01321,24.79636],[121.01319,24.79609],[121.01317,24.79593]]]}},{"type":"Feature","properties":{"name":"慈雲路（東區）","base":"慈雲路（東區）","section":null,"tier":"medium","length_m":1299,"district":"東區"},"geometry":{"type":"MultiLineString","coordinates":[[[121.00997,24.78727],[121.01001,24.78731],[121.01012,24.78745],[121.01037,24.78779],[121.01087,24.78841],[121.0111,24.78887],[121.01111,24.78891],[121.01113,24.78894],[121.01115,24.78899],[121.01143,24.78954]],[[121.01329,24.79564],[121.0133,24.79589]],[[121.01143,24.78954],[121.01168,24.7901],[121.01175,24.79026]],[[121.01175,24.79026],[121.01184,24.7905],[121.01205,24.79106],[121.01219,24.79144],[121.01221,24.79151],[121.01224,24.79159],[121.01271,24.79284],[121.01283,24.79317],[121.01315,24.79402],[121.01318,24.79412]],[[121.01318,24.79412],[121.01318,24.79418],[121.01318,24.79421],[121.01325,24.79521],[121.01327,24.79546],[121.01327,24.79548],[121.01329,24.79564]],[[121.0133,24.79589],[121.01331,24.79601],[121.01331,24.79608],[121.01332,24.79632],[121.01336,24.79688],[121.01338,24.79707],[121.01344,24.79763],[121.0135,24.7983]]]}},{"type":"Feature","properties":{"name":"成功橋","base":"成功橋","section":null,"tier":"medium","length_m":17,"district":"東區"},"geometry":{"type":"MultiLineString","coordinates":[[[120.97064,24.80691],[120.97051,24.80682]]]}},{"type":"Feature","properties":{"name":"成功路","base":"成功路","section":null,"tier":"medium","length_m":1664,"district":"北區"},"geometry":{"type":"MultiLineString","coordinates":[[[120.94856,24.80506],[120.94854,24.80621],[120.94854,24.80634]],[[120.95412,24.8134],[120.95426,24.81352],[120.9544,24.81365],[120.95508,24.81425],[120.95553,24.81465],[120.95571,24.81483],[120.95602,24.81512],[120.95607,24.81517],[120.95613,24.81522],[120.95707,24.81606],[120.95734,24.81636],[120.95737,24.81645]],[[120.9501,24.80791],[120.95024,24.8082],[120.95042,24.80858],[120.95101,24.80988],[120.95119,24.81025],[120.9513,24.81048],[120.95151,24.81086],[120.95182,24.81123],[120.95194,24.81137],[120.95205,24.81151],[120.95217,24.81164],[120.95246,24.81192],[120.95299,24.81244],[120.95326,24.81267],[120.95343,24.81283],[120.95387,24.81321],[120.95412,24.8134]],[[120.94886,24.80676],[120.94906,24.80686],[120.94929,24.80696],[120.94952,24.8071],[120.94958,24.80714],[120.94975,24.80728],[120.94988,24.80746],[120.94999,24.80768],[120.95006,24.80782],[120.9501,24.80791]],[[120.94854,24.80634],[120.94864,24.80648],[120.94872,24.80658],[120.94886,24.80676]],[[120.94886,24.80676],[120.94875,24.80672],[120.94864,24.80661],[120.94859,24.80652],[120.94854,24.80634]]]}},{"type":"Feature","properties":{"name":"成功路192巷","base":"成功路192巷","section":null,"tier":"hard","length_m":1302,"lane":true,"district":"北區"},"geometry":{"type":"MultiLineString","coordinates":[[[120.9455,24.81374],[120.94558,24.8137],[120.94566,24.81363],[120.94578,24.81344],[120.94592,24.81326],[120.94608,24.81305],[120.94617,24.81296],[120.94627,24.81289],[120.94652,24.81277],[120.94685,24.81268],[120.94733,24.81251],[120.9478,24.81235],[120.948,24.81225],[120.94817,24.81219],[120.94832,24.81214],[120.94837,24.81213],[120.9485,24.81209],[120.9486,24.81207],[120.94883,24.81199],[120.94894,24.81193],[120.94934,24.81173],[120.94937,24.81174],[120.94941,24.81175],[120.94961,24.81203],[120.94969,24.81218],[120.94975,24.81222],[120.94996,24.81229],[120.95003,24.8123],[120.95021,24.81229],[120.95056,24.81223],[120.95077,24.81215],[120.95085,24.81212],[120.95094,24.81213],[120.95102,24.81217],[120.95108,24.81223],[120.95114,24.81226],[120.95118,24.81229],[120.95129,24.81234],[120.95144,24.81236],[120.95159,24.81236],[120.95179,24.81238],[120.95191,24.8124],[120.95237,24.81257],[120.95241,24.81259],[120.95296,24.81276],[120.95324,24.81292],[120.95329,24.81293],[120.95333,24.81292],[120.95343,24.81283]],[[120.94328,24.8111],[120.94361,24.81146],[120.94385,24.81172],[120.94416,24.81204],[120.94474,24.81267],[120.94507,24.81309],[120.94528,24.8134],[120.9455,24.81374]]]}},{"type":"Feature","properties":{"name":"成德一街","base":"成德一街","section":null,"tier":"hard","length_m":1194,"district":"北區"},"geometry":{"type":"MultiLineString","coordinates":[[[120.95845,24.79408],[120.95822,24.79354],[120.95805,24.79321],[120.95769,24.79268],[120.95763,24.79262],[120.95757,24.79257],[120.95746,24.79232],[120.95744,24.79227],[120.95744,24.79223],[120.95744,24.79214],[120.95745,24.79198],[120.95746,24.79162],[120.95744,24.79136],[120.95712,24.79085],[120.95707,24.7907],[120.95709,24.79042],[120.95709,24.79024],[120.95704,24.79007],[120.9568,24.78992],[120.95661,24.78958],[120.95681,24.78913],[120.95683,24.78888],[120.95665,24.78859],[120.95664,24.78843],[120.95669,24.78832],[120.9568,24.78815],[120.95685,24.788],[120.95688,24.7879],[120.95688,24.7878],[120.95618,24.78669],[120.95609,24.78653],[120.95601,24.78637],[120.95592,24.78614],[120.95584,24.7858],[120.95579,24.78546],[120.95577,24.78518],[120.95579,24.78495],[120.95584,24.78479],[120.95592,24.78469],[120.95601,24.7846],[120.95607,24.78457],[120.95609,24.78455]],[[120.95651,24.78985],[120.9568,24.78992]]]}},{"type":"Feature","properties":{"name":"成德二街（北區2）","base":"成德二街（北區2）","section":null,"tier":"hard","length_m":172,"district":"北區"},"geometry":{"type":"MultiLineString","coordinates":[[[120.95805,24.79321],[120.9574,24.79347]],[[120.9574,24.79347],[120.95744,24.79356],[120.95748,24.79363],[120.95757,24.79383],[120.95779,24.7943]]]}},{"type":"Feature","properties":{"name":"成德二街（北區）","base":"成德二街（北區）","section":null,"tier":"hard","length_m":424,"district":"北區"},"geometry":{"type":"MultiLineString","coordinates":[[[120.95757,24.79257],[120.95709,24.79275]],[[120.95661,24.78958],[120.95651,24.78985],[120.95649,24.7899],[120.95635,24.79017],[120.95632,24.79042],[120.95633,24.79056],[120.95638,24.79072],[120.95644,24.79082],[120.95652,24.79126],[120.95656,24.79133],[120.95662,24.79148],[120.95667,24.79166],[120.9567,24.79177],[120.95679,24.79213],[120.95684,24.79226],[120.95692,24.7924],[120.95705,24.79265],[120.95709,24.79275]]]}},{"type":"Feature","properties":{"name":"成德路","base":"成德路","section":null,"tier":"medium","length_m":625,"district":"北區"},"geometry":{"type":"MultiLineString","coordinates":[[[120.9606,24.79349],[120.95991,24.79364],[120.95955,24.79373],[120.95852,24.79406],[120.95845,24.79408],[120.95801,24.79423],[120.95779,24.7943],[120.95765,24.79434],[120.95723,24.79451],[120.95684,24.79471],[120.95644,24.79494]],[[120.95644,24.79494],[120.95625,24.79508],[120.95616,24.79519],[120.9561,24.79531],[120.95602,24.79555]],[[120.95559,24.79494],[120.95583,24.79503],[120.95604,24.79504],[120.95624,24.79503],[120.95644,24.79494]]]}},{"type":"Feature","properties":{"name":"振興一街","base":"振興一街","section":null,"tier":"hard","length_m":553,"district":"東區"},"geometry":{"type":"MultiLineString","coordinates":[[[120.95952,24.7962],[120.95955,24.79581],[120.95956,24.79571],[120.9596,24.7955],[120.9597,24.7952],[120.95978,24.79509],[120.95986,24.79498],[120.95995,24.7949],[120.96006,24.79482],[120.96048,24.79456],[120.96103,24.79424],[120.96119,24.79448]],[[120.96252,24.79322],[120.96236,24.79397],[120.9623,24.79428],[120.96221,24.79434],[120.96196,24.79439],[120.9616,24.79442],[120.96119,24.79448]]]}},{"type":"Feature","properties":{"name":"振興橋","base":"振興橋","section":null,"tier":"medium","length_m":27,"district":"東區"},"geometry":{"type":"MultiLineString","coordinates":[[[120.96377,24.79174],[120.96397,24.79158]]]}},{"type":"Feature","properties":{"name":"振興路（北區）","base":"振興路（北區）","section":null,"tier":"hard","length_m":13,"district":"北區"},"geometry":{"type":"MultiLineString","coordinates":[[[120.96074,24.79663],[120.96072,24.79675]]]}},{"type":"Feature","properties":{"name":"振興路（東區）","base":"振興路（東區）","section":null,"tier":"hard","length_m":476,"district":"東區"},"geometry":{"type":"MultiLineString","coordinates":[[[120.96313,24.79338],[120.9629,24.79425],[120.96289,24.79431]],[[120.96289,24.79431],[120.96276,24.79465],[120.96264,24.7948],[120.96234,24.79487],[120.96202,24.79492],[120.96124,24.79499]],[[120.96124,24.79499],[120.96085,24.79509],[120.96075,24.79522],[120.96068,24.79536],[120.96069,24.79559],[120.96072,24.79617]]]}},{"type":"Feature","properties":{"name":"振興陸橋","base":"振興陸橋","section":null,"tier":"medium","length_m":385,"district":"北區"},"geometry":{"type":"MultiLineString","coordinates":[[[120.96305,24.79802],[120.96362,24.79728],[120.96373,24.79708],[120.96406,24.79635],[120.96501,24.79507]]]}},{"type":"Feature","properties":{"name":"文化街","base":"文化街","section":null,"tier":"hard","length_m":545,"district":"東區"},"geometry":{"type":"MultiLineString","coordinates":[[[120.97082,24.80441],[120.97085,24.80451],[120.97098,24.80496],[120.97119,24.80569],[120.97121,24.80576],[120.97122,24.80585],[120.97122,24.80589],[120.97121,24.80611],[120.97117,24.80635],[120.9711,24.80651],[120.9708,24.80693],[120.97076,24.80698]],[[120.97076,24.80698],[120.97072,24.80704],[120.9707,24.80706],[120.97043,24.80741],[120.97015,24.80777],[120.97012,24.80781],[120.97006,24.80788],[120.96988,24.80811],[120.96957,24.80851],[120.96939,24.80874],[120.96938,24.80876]]]}},{"type":"Feature","properties":{"name":"文昌街","base":"文昌街","section":null,"tier":"hard","length_m":315,"district":"東區"},"geometry":{"type":"MultiLineString","coordinates":[[[120.97012,24.80405],[120.97002,24.80399],[120.96942,24.80365],[120.96874,24.80323],[120.96847,24.80307],[120.96809,24.80284],[120.96752,24.80249]]]}},{"type":"Feature","properties":{"name":"文雅街（北區2）","base":"文雅街（北區2）","section":null,"tier":"hard","length_m":110,"district":"北區"},"geometry":{"type":"MultiLineString","coordinates":[[[120.95707,24.81131],[120.95711,24.81127],[120.95716,24.8112],[120.95747,24.81097],[120.95758,24.81087],[120.95777,24.81071],[120.95776,24.8106]]]}},{"type":"Feature","properties":{"name":"文雅街（北區）","base":"文雅街（北區）","section":null,"tier":"hard","length_m":317,"district":"北區"},"geometry":{"type":"MultiLineString","coordinates":[[[120.95692,24.8114],[120.95688,24.81144],[120.95676,24.81157],[120.95651,24.8117],[120.95624,24.81178],[120.9559,24.81191],[120.9557,24.81197],[120.95545,24.81205],[120.95531,24.81214],[120.95513,24.81227],[120.95506,24.81239],[120.95482,24.81261],[120.95459,24.81279],[120.95433,24.81289]]]}},{"type":"Feature","properties":{"name":"新光路","base":"新光路","section":null,"tier":"hard","length_m":475,"district":"東區"},"geometry":{"type":"MultiLineString","coordinates":[[[120.98795,24.80081],[120.98797,24.80085],[120.9882,24.80128],[120.98842,24.80169],[120.98849,24.80182],[120.98858,24.80199],[120.98863,24.80208],[120.98865,24.80213],[120.98867,24.80216],[120.98868,24.80218],[120.98888,24.80255],[120.9889,24.80259],[120.98898,24.80274],[120.98912,24.803],[120.98927,24.80329],[120.98949,24.80367],[120.98968,24.80406],[120.98971,24.80411],[120.99,24.80465]]]}},{"type":"Feature","properties":{"name":"新安路（東區2）","base":"新安路（東區2）","section":null,"tier":"medium","length_m":157,"district":"東區"},"geometry":{"type":"MultiLineString","coordinates":[[[120.9918,24.78486],[120.99189,24.78486],[120.99222,24.78487],[120.99235,24.78486],[120.99248,24.78482],[120.99258,24.78477],[120.99308,24.78433],[120.99312,24.7843]]]}},{"type":"Feature","properties":{"name":"新安路（東區）","base":"新安路（東區）","section":null,"tier":"medium","length_m":3049,"district":"東區"},"geometry":{"type":"MultiLineString","coordinates":[[[120.99737,24.78294],[120.99725,24.78298],[120.99723,24.78299],[120.99704,24.78308],[120.99681,24.78322],[120.99676,24.78326],[120.99669,24.7833]],[[121.00317,24.78159],[121.0028,24.78165],[121.00202,24.78183],[121.00185,24.78187],[121.00175,24.78189]],[[121.00389,24.78131],[121.0043,24.78122]],[[121.00506,24.78105],[121.00512,24.78103],[121.00631,24.78064],[121.00633,24.78063],[121.00639,24.78061]],[[121.0065,24.7807],[121.00643,24.78072]],[[120.99733,24.78284],[120.99744,24.78281],[120.99761,24.78277],[120.99848,24.78255],[120.99858,24.78253]],[[121.00506,24.78115],[121.00499,24.78117],[121.00389,24.78144]],[[120.99328,24.7843],[120.99319,24.78436]],[[120.99321,24.78422],[120.99326,24.78418],[120.99352,24.78396],[120.99369,24.78381],[120.99382,24.78374],[120.99393,24.7837],[120.99403,24.78368],[120.99422,24.78366],[120.99457,24.78367],[120.99462,24.78368],[120.99466,24.78368],[120.99496,24.7837],[120.99531,24.78372],[120.99553,24.78372],[120.99568,24.78371],[120.99583,24.78368],[120.99594,24.78364],[120.99606,24.78359],[120.99648,24.78331],[120.9965,24.78329],[120.99655,24.78326],[120.99662,24.78321]],[[120.99319,24.78436],[120.99316,24.78439],[120.99273,24.78477],[120.99264,24.78484],[120.99254,24.78489],[120.99243,24.78494],[120.99235,24.78495],[120.99222,24.78495],[120.99189,24.78494],[120.9918,24.78493]],[[121.00175,24.78189],[121.00169,24.78191],[121.00036,24.78222],[120.99873,24.7826],[120.99861,24.78263]],[[120.99861,24.78263],[120.99851,24.78265],[120.99768,24.78286],[120.99747,24.78291],[120.99737,24.78294]],[[121.00647,24.7806],[121.0066,24.78062]],[[120.99669,24.7833],[120.99662,24.78334],[120.99661,24.78335],[120.99646,24.78345],[120.99639,24.78349],[120.99606,24.78368],[120.99588,24.78376],[120.99577,24.7838],[120.99562,24.78382],[120.99545,24.78382],[120.99511,24.78381],[120.99496,24.7838],[120.99478,24.78379],[120.99466,24.78379],[120.99461,24.78378],[120.99428,24.78377],[120.99413,24.78377],[120.99406,24.78378],[120.99391,24.78382],[120.99382,24.78386],[120.99373,24.78392],[120.99359,24.78402],[120.99334,24.78425],[120.99328,24.7843]],[[120.99662,24.78321],[120.9967,24.78317],[120.99719,24.7829],[120.99722,24.78289],[120.99733,24.78284]],[[121.00316,24.78147],[121.00389,24.78131]],[[121.00389,24.78144],[121.00317,24.78159]],[[121.00172,24.78179],[121.00182,24.78177],[121.00283,24.78154],[121.00316,24.78147]],[[120.99858,24.78253],[120.99871,24.7825],[121.00099,24.78196],[121.00165,24.78181],[121.00172,24.78179]],[[121.0043,24.78122],[121.00498,24.78107],[121.00506,24.78105]],[[121.0066,24.78062],[121.0065,24.7807]],[[121.0066,24.78062],[121.00667,24.78059]],[[121.00639,24.78061],[121.00647,24.7806]],[[121.00643,24.78072],[121.00637,24.78073],[121.00635,24.78074],[121.00591,24.78089],[121.00568,24.78096]],[[121.00568,24.78096],[121.00514,24.78113],[121.00506,24.78115]]]}},{"type":"Feature","properties":{"name":"新寮街","base":"新寮街","section":null,"tier":"hard","length_m":53,"district":"北區"},"geometry":{"type":"MultiLineString","coordinates":[[[120.97543,24.83033],[120.97547,24.83011],[120.97542,24.82986]]]}},{"type":"Feature","properties":{"name":"新寮街175巷","base":"新寮街175巷","section":null,"tier":"hard","length_m":1080,"lane":true,"district":"北區"},"geometry":{"type":"MultiLineString","coordinates":[[[120.98194,24.8308],[120.98125,24.83095],[120.98082,24.83112],[120.98036,24.8313],[120.97996,24.83146],[120.97901,24.83214],[120.97863,24.83244],[120.97843,24.83263],[120.97827,24.83283],[120.97821,24.83296],[120.97822,24.83319],[120.97825,24.8334],[120.9786,24.83412],[120.97863,24.83439],[120.97859,24.83459],[120.97855,24.83477],[120.9785,24.83494],[120.97843,24.83513],[120.97825,24.83544],[120.97805,24.83572],[120.97786,24.83593],[120.97765,24.83608],[120.97733,24.83626],[120.97701,24.83639],[120.9768,24.83647],[120.97658,24.8365],[120.97612,24.83654],[120.97569,24.83654],[120.97547,24.83652],[120.97543,24.8365]]]}},{"type":"Feature","properties":{"name":"新民街","base":"新民街","section":null,"tier":"hard","length_m":121,"district":"北區"},"geometry":{"type":"MultiLineString","coordinates":[[[120.96388,24.80786],[120.96368,24.80813],[120.96354,24.80831],[120.96341,24.80849],[120.96325,24.80869],[120.9632,24.80876]]]}},{"type":"Feature","properties":{"name":"新港一路","base":"新港一路","section":null,"tier":"hard","length_m":398,"district":"北區"},"geometry":{"type":"MultiLineString","coordinates":[[[120.92639,24.84617],[120.92643,24.84625]],[[120.92643,24.84625],[120.92645,24.84631],[120.92684,24.84743],[120.92689,24.84759],[120.92693,24.84768],[120.92709,24.84816],[120.92711,24.84822],[120.92712,24.84825]],[[120.92712,24.84825],[120.92714,24.84831],[120.92725,24.84862],[120.92727,24.84875],[120.92733,24.84894],[120.92734,24.84901],[120.92746,24.84924],[120.92755,24.84942],[120.92758,24.84952],[120.9276,24.84957]]]}},{"type":"Feature","properties":{"name":"新港三路","base":"新港三路","section":null,"tier":"hard","length_m":580,"district":"北區"},"geometry":{"type":"MultiLineString","coordinates":[[[120.92522,24.84681],[120.92515,24.84671],[120.92497,24.84646],[120.92486,24.84631],[120.92472,24.84609],[120.92456,24.84586],[120.92449,24.84577]],[[120.9259,24.84861],[120.92587,24.84855],[120.92559,24.8478],[120.92544,24.84739],[120.92526,24.84692],[120.92522,24.84681]],[[120.92635,24.84991],[120.92632,24.84981],[120.92591,24.84866],[120.9259,24.84861]],[[120.92515,24.84538],[120.92509,24.84542]],[[120.92509,24.84542],[120.92504,24.84545],[120.92479,24.84559],[120.92449,24.84577]]]}},{"type":"Feature","properties":{"name":"新港二路（北區2）","base":"新港二路（北區2）","section":null,"tier":"hard","length_m":155,"district":"北區"},"geometry":{"type":"MultiLineString","coordinates":[[[120.92652,24.84843],[120.92654,24.84848],[120.92665,24.84879],[120.92676,24.8491],[120.92697,24.84968],[120.927,24.84975]]]}},{"type":"Feature","properties":{"name":"新港二路（北區）","base":"新港二路（北區）","section":null,"tier":"medium","length_m":979,"district":"北區"},"geometry":{"type":"MultiLineString","coordinates":[[[120.92587,24.84653],[120.9258,24.84646]],[[120.92326,24.84283],[120.9233,24.84289]],[[120.9258,24.84646],[120.92577,24.84642],[120.9253,24.84573],[120.92516,24.84552],[120.92509,24.84542]],[[120.92509,24.84542],[120.92454,24.84468],[120.92401,24.84396],[120.92332,24.84304],[120.92323,24.84293],[120.92319,24.84287]],[[120.92515,24.84538],[120.92522,24.84549],[120.92583,24.84638],[120.92587,24.84643],[120.92587,24.84653]],[[120.9233,24.84289],[120.92338,24.843],[120.92407,24.84393],[120.9246,24.84464],[120.92515,24.84538]]]}},{"type":"Feature","properties":{"name":"新港南路","base":"新港南路","section":null,"tier":"hard","length_m":597,"district":"北區"},"geometry":{"type":"MultiLineString","coordinates":[[[120.92028,24.84633],[120.91995,24.84588],[120.91956,24.84536],[120.91954,24.84528],[120.91957,24.8452],[120.91962,24.84515],[120.92033,24.8447],[120.92038,24.84467],[120.92107,24.84422],[120.92185,24.84372],[120.92194,24.84367],[120.92206,24.84359],[120.92312,24.84291],[120.92319,24.84287]]]}},{"type":"Feature","properties":{"name":"新港四路","base":"新港四路","section":null,"tier":"hard","length_m":130,"district":"北區"},"geometry":{"type":"MultiLineString","coordinates":[[[120.9259,24.84861],[120.92598,24.84858],[120.92645,24.84845],[120.92652,24.84843]],[[120.92652,24.84843],[120.92661,24.8484],[120.92708,24.84827],[120.92712,24.84825]]]}},{"type":"Feature","properties":{"name":"新港路","base":"新港路","section":null,"tier":"hard","length_m":448,"district":"北區"},"geometry":{"type":"MultiLineString","coordinates":[[[120.927,24.84975],[120.92689,24.84977],[120.9265,24.84987],[120.92635,24.84991]],[[120.92309,24.85133],[120.92312,24.85135],[120.9232,24.85142],[120.92326,24.85144],[120.92333,24.85143],[120.92346,24.85137],[120.92368,24.85119],[120.92393,24.85104],[120.92433,24.85086],[120.92475,24.85059],[120.9252,24.8504],[120.92561,24.85015],[120.92565,24.85012]],[[120.92635,24.84991],[120.92625,24.84994],[120.92575,24.85007],[120.92565,24.85012]]]}},{"type":"Feature","properties":{"name":"新源街","base":"新源街","section":null,"tier":"hard","length_m":607,"district":"東區"},"geometry":{"type":"MultiLineString","coordinates":[[[120.99433,24.80447],[120.99431,24.80444],[120.99387,24.80369],[120.9935,24.80306],[120.99347,24.80302]],[[120.99248,24.80136],[120.99245,24.8013],[120.9921,24.80071],[120.99193,24.80041],[120.99186,24.80029],[120.99174,24.80006],[120.9917,24.8],[120.99153,24.79971],[120.9915,24.79966]],[[120.99347,24.80302],[120.99344,24.80296],[120.99326,24.80267],[120.99301,24.80224],[120.99275,24.80179],[120.99266,24.80166],[120.99252,24.80141],[120.99248,24.80136]]]}},{"type":"Feature","properties":{"name":"新甲一號橋","base":"新甲一號橋","section":null,"tier":"hard","length_m":28,"district":"東區"},"geometry":{"type":"MultiLineString","coordinates":[[[121.0212,24.79825],[121.02113,24.79801]]]}},{"type":"Feature","properties":{"name":"新科一街","base":"新科一街","section":null,"tier":"hard","length_m":128,"district":"東區"},"geometry":{"type":"MultiLineString","coordinates":[[[121.02268,24.77991],[121.02275,24.77998],[121.02278,24.78002],[121.02319,24.78055],[121.02327,24.78066],[121.02341,24.78085]]]}},{"type":"Feature","properties":{"name":"新科街","base":"新科街","section":null,"tier":"hard","length_m":156,"district":"東區"},"geometry":{"type":"MultiLineString","coordinates":[[[121.02542,24.7778],[121.02528,24.77783],[121.0251,24.77791],[121.02475,24.77806],[121.02438,24.77824],[121.02421,24.77838],[121.02412,24.77851]]]}},{"type":"Feature","properties":{"name":"新興地下道","base":"新興地下道","section":null,"tier":"hard","length_m":51,"district":"北區"},"geometry":{"type":"MultiLineString","coordinates":[[[120.96072,24.79617],[120.96074,24.79663]]]}},{"type":"Feature","properties":{"name":"新興橋","base":"新興橋","section":null,"tier":"hard","length_m":19,"district":"東區"},"geometry":{"type":"MultiLineString","coordinates":[[[120.96838,24.79319],[120.96838,24.79336]]]}},{"type":"Feature","properties":{"name":"新莊街","base":"新莊街","section":null,"tier":"hard","length_m":786,"district":"東區"},"geometry":{"type":"MultiLineString","coordinates":[[[121.01534,24.78417],[121.01594,24.78531],[121.01632,24.78595],[121.01656,24.78635],[121.01672,24.78662],[121.0169,24.78689],[121.01704,24.78712],[121.01707,24.78717],[121.01723,24.78743],[121.01756,24.78794],[121.01768,24.78812],[121.01781,24.78833],[121.01813,24.78889],[121.01832,24.78926],[121.01836,24.78934],[121.01838,24.78938],[121.01862,24.78986],[121.01892,24.79044]]]}},{"type":"Feature","properties":{"name":"新莊街206巷","base":"新莊街206巷","section":null,"tier":"hard","length_m":112,"lane":true,"district":"東區"},"geometry":{"type":"MultiLineString","coordinates":[[[121.01723,24.78743],[121.01787,24.7871],[121.0182,24.78695]]]}},{"type":"Feature","properties":{"name":"新香街","base":"新香街","section":null,"tier":"hard","length_m":1611,"district":"香山區"},"geometry":{"type":"MultiLineString","coordinates":[[[120.96073,24.77257],[120.96081,24.77273],[120.96085,24.7729],[120.96083,24.7731],[120.9608,24.77322],[120.96075,24.77341],[120.96072,24.77357],[120.96065,24.77376],[120.96056,24.7739],[120.96048,24.77403],[120.96045,24.77412],[120.9605,24.77425],[120.96055,24.77436],[120.96056,24.77443],[120.96058,24.77453],[120.96048,24.77506],[120.96043,24.77567],[120.96041,24.77587],[120.96041,24.77614],[120.96044,24.7763],[120.96051,24.77646],[120.96064,24.77662],[120.96081,24.77678],[120.96088,24.77685],[120.96139,24.77729],[120.96137,24.77739],[120.96123,24.77771],[120.96114,24.77817],[120.96104,24.77832],[120.96073,24.77847],[120.9606,24.77856],[120.95996,24.779],[120.95985,24.77907],[120.95966,24.77926],[120.95956,24.77938],[120.95951,24.77954],[120.95951,24.77964],[120.95951,24.77978]],[[120.95951,24.77978],[120.95949,24.78002],[120.95937,24.78033],[120.95937,24.78039],[120.95929,24.78097],[120.95921,24.78122],[120.95894,24.78189],[120.95865,24.78257],[120.95839,24.78311],[120.95827,24.78327],[120.95799,24.78361],[120.95757,24.78385],[120.95634,24.78445],[120.95629,24.78448],[120.95623,24.7845],[120.95609,24.78455]]]}},{"type":"Feature","properties":{"name":"明德路","base":"明德路","section":null,"tier":"hard","length_m":206,"district":"香山區"},"geometry":{"type":"MultiLineString","coordinates":[[[120.95247,24.7568],[120.95223,24.75671],[120.95211,24.75666],[120.95204,24.75662],[120.95173,24.75636],[120.95166,24.75628],[120.9515,24.75609],[120.95122,24.75576],[120.95101,24.75556]]]}},{"type":"Feature","properties":{"name":"明湖路1075巷","base":"明湖路1075巷","section":null,"tier":"hard","length_m":470,"lane":true,"district":"東區"},"geometry":{"type":"MultiLineString","coordinates":[[[120.97133,24.77286],[120.97097,24.77303],[120.97055,24.77328],[120.97033,24.77355],[120.97018,24.77383],[120.97014,24.77392],[120.97003,24.7741],[120.96992,24.77432],[120.9698,24.77454],[120.96975,24.77463],[120.96962,24.7747]],[[120.97133,24.77286],[120.97174,24.77183],[120.97176,24.77176],[120.97193,24.77122]]]}},{"type":"Feature","properties":{"name":"明湖路697巷","base":"明湖路697巷","section":null,"tier":"hard","length_m":289,"lane":true,"district":"東區"},"geometry":{"type":"MultiLineString","coordinates":[[[120.96741,24.77754],[120.968,24.77755],[120.96826,24.77756],[120.96898,24.77757],[120.96968,24.77756],[120.96971,24.77754],[120.96973,24.77708],[120.96969,24.77706]]]}},{"type":"Feature","properties":{"name":"明湖路697巷16弄","base":"明湖路697巷16弄","section":null,"tier":"hard","length_m":198,"lane":true,"district":"東區"},"geometry":{"type":"MultiLineString","coordinates":[[[120.96969,24.77706],[120.9683,24.77705],[120.96828,24.77707],[120.96826,24.77756]]]}},{"type":"Feature","properties":{"name":"明湖路755巷","base":"明湖路755巷","section":null,"tier":"hard","length_m":312,"lane":true,"district":"東區"},"geometry":{"type":"MultiLineString","coordinates":[[[120.96703,24.77469],[120.96742,24.77457],[120.96766,24.77451],[120.96773,24.7745],[120.96808,24.77454],[120.96826,24.77457],[120.96858,24.77463],[120.96875,24.77469],[120.9692,24.77514]],[[120.96962,24.7747],[120.96958,24.77472],[120.96955,24.77474],[120.96928,24.77506],[120.9692,24.77514]]]}},{"type":"Feature","properties":{"name":"明湖路（東區2）","base":"明湖路（東區2）","section":null,"tier":"medium","length_m":3914,"district":"東區"},"geometry":{"type":"MultiLineString","coordinates":[[[120.967,24.77219],[120.96705,24.77218],[120.96719,24.77219],[120.96735,24.77221],[120.96748,24.77221],[120.96754,24.77218],[120.96766,24.7721],[120.96779,24.77196],[120.96789,24.77187],[120.96806,24.77174],[120.96828,24.77162],[120.96841,24.77155],[120.96864,24.77143],[120.96886,24.77134],[120.96909,24.77128],[120.96944,24.77122],[120.96962,24.7712],[120.96985,24.77116],[120.97005,24.77113],[120.97021,24.7711],[120.97046,24.77108],[120.97071,24.77109],[120.97095,24.77111],[120.97124,24.77114],[120.97193,24.77122],[120.97212,24.77125],[120.97246,24.77122],[120.97267,24.77113],[120.97286,24.77099],[120.97307,24.77084],[120.97324,24.77069],[120.97333,24.77054],[120.9734,24.77031],[120.9735,24.77017],[120.97365,24.77008],[120.97388,24.77002],[120.97406,24.77003],[120.97437,24.77007],[120.97461,24.77009],[120.97489,24.77011],[120.97501,24.77012],[120.97528,24.77014],[120.97566,24.77015],[120.97607,24.77016],[120.97648,24.77015],[120.97677,24.77014],[120.97692,24.77012],[120.97706,24.77005],[120.97714,24.76996],[120.97719,24.76985],[120.97722,24.76914],[120.97736,24.7689],[120.97776,24.76848],[120.97791,24.76838],[120.97805,24.76828],[120.97827,24.76819],[120.97851,24.76811],[120.97876,24.76785],[120.97892,24.76767]],[[120.96725,24.77886],[120.96717,24.77854],[120.96717,24.77832],[120.96724,24.77768],[120.96725,24.77759],[120.96727,24.77753],[120.9674,24.77692],[120.9674,24.77678],[120.96726,24.77625],[120.96723,24.77602],[120.9672,24.77527],[120.96716,24.77506],[120.96707,24.77484],[120.96703,24.77469],[120.96659,24.77386],[120.96657,24.77381],[120.96641,24.77337],[120.96638,24.77328],[120.96631,24.77309],[120.96619,24.77277]],[[120.97949,24.76751],[120.98003,24.76741],[120.98021,24.76737],[120.98032,24.76732],[120.98043,24.76727],[120.98058,24.76718],[120.98067,24.76712],[120.98078,24.76705],[120.98091,24.76695],[120.98118,24.76663],[120.98127,24.76657]],[[120.98127,24.76657],[120.9814,24.76645],[120.98167,24.76629],[120.98231,24.7661],[120.98272,24.76592],[120.98279,24.76589],[120.98299,24.76583],[120.98336,24.76572],[120.98382,24.76558],[120.98399,24.76553],[120.98408,24.76551],[120.98418,24.76551],[120.98439,24.76551],[120.98463,24.76552],[120.98477,24.7655],[120.98528,24.76531],[120.98545,24.76526],[120.98559,24.76526],[120.98588,24.76526],[120.98608,24.7653],[120.9863,24.76538],[120.98641,24.76539],[120.9865,24.76536],[120.98688,24.76508],[120.987,24.76498],[120.98706,24.76493],[120.98756,24.76456],[120.98771,24.76452],[120.9879,24.76449],[120.98804,24.76446],[120.98811,24.76441],[120.98816,24.76436],[120.98819,24.76431],[120.9882,24.76421],[120.98818,24.76408],[120.9881,24.7639],[120.98798,24.76373],[120.98798,24.76366]],[[120.97892,24.76767],[120.97902,24.76762],[120.97949,24.76751]],[[120.96619,24.77277],[120.96684,24.77227],[120.9669,24.77223]],[[120.9669,24.77223],[120.967,24.77219]],[[120.96735,24.78302],[120.96726,24.78279],[120.96718,24.78261],[120.96697,24.78216],[120.96695,24.78211],[120.9669,24.78173],[120.96683,24.7812],[120.96685,24.78105],[120.96697,24.78083],[120.9672,24.78041],[120.96726,24.78036],[120.96734,24.78027],[120.96752,24.78014],[120.96766,24.78003],[120.96769,24.78],[120.96771,24.77997],[120.96773,24.77993],[120.96775,24.77988],[120.96776,24.77982],[120.96775,24.77976],[120.96773,24.77967],[120.96768,24.77957],[120.96738,24.77909],[120.9673,24.77895]],[[120.9673,24.77895],[120.96725,24.77886]]]}},{"type":"Feature","properties":{"name":"明湖路（東區3）","base":"明湖路（東區3）","section":null,"tier":"hard","length_m":420,"district":"東區"},"geometry":{"type":"MultiLineString","coordinates":[[[120.96838,24.79375],[120.96837,24.79439],[120.96839,24.79453],[120.96842,24.79462],[120.96856,24.79477],[120.96912,24.79533],[120.96943,24.79565],[120.96978,24.79601],[120.97025,24.7965]],[[120.96838,24.79336],[120.96837,24.7935],[120.96838,24.79375]]]}},{"type":"Feature","properties":{"name":"明湖路（東區）","base":"明湖路（東區）","section":null,"tier":"hard","length_m":1106,"district":"東區"},"geometry":{"type":"MultiLineString","coordinates":[[[120.96767,24.78684],[120.96772,24.78637],[120.96772,24.78614],[120.96761,24.78558],[120.9676,24.7855],[120.96757,24.7854],[120.96755,24.7851],[120.96752,24.78486],[120.96753,24.78458],[120.96755,24.78424],[120.96756,24.78377],[120.96755,24.78346]],[[120.96767,24.78684],[120.96772,24.78693],[120.96781,24.78721],[120.96785,24.78737],[120.96797,24.78777],[120.96802,24.78792],[120.96808,24.78814],[120.96809,24.78829],[120.96806,24.78842],[120.96789,24.78889],[120.96786,24.78902],[120.96786,24.78918],[120.96787,24.7892],[120.9679,24.78946],[120.96796,24.78968],[120.96803,24.78981],[120.96807,24.78988],[120.96837,24.79038],[120.96841,24.79052],[120.96844,24.79066],[120.96844,24.7912]],[[120.96844,24.7912],[120.96844,24.79127]],[[120.96844,24.79127],[120.96843,24.79145],[120.96842,24.79208],[120.96841,24.79232],[120.96838,24.79319]]]}},{"type":"Feature","properties":{"name":"景觀大道（香山區2）","base":"景觀大道（香山區2）","section":null,"tier":"medium","length_m":357,"district":"香山區"},"geometry":{"type":"MultiLineString","coordinates":[[[120.94989,24.80012],[120.94986,24.80004],[120.94937,24.79865],[120.94935,24.79856],[120.94931,24.79841]],[[120.95035,24.80148],[120.95032,24.80141],[120.95011,24.80085],[120.94992,24.80022],[120.94989,24.80012]]]}},{"type":"Feature","properties":{"name":"景觀大道（香山區）","base":"景觀大道（香山區）","section":null,"tier":"medium","length_m":346,"district":"香山區"},"geometry":{"type":"MultiLineString","coordinates":[[[120.94953,24.79853],[120.94968,24.79878],[120.94984,24.79915],[120.95012,24.79998],[120.95015,24.80006]],[[120.95015,24.80006],[120.95018,24.80015],[120.95045,24.80089],[120.95048,24.80105],[120.95045,24.80143],[120.95045,24.80149]]]}},{"type":"Feature","properties":{"name":"東光路","base":"東光路","section":null,"tier":"medium","length_m":1192,"district":"東區"},"geometry":{"type":"MultiLineString","coordinates":[[[120.98612,24.80629],[120.98609,24.80642],[120.986,24.80653],[120.98597,24.80657],[120.98549,24.80721],[120.98532,24.80742],[120.98524,24.80753],[120.98513,24.80767],[120.98511,24.80769],[120.98499,24.80785],[120.98458,24.80836],[120.9844,24.80825],[120.98457,24.80804],[120.98481,24.80773],[120.98494,24.80758],[120.98495,24.80756],[120.98506,24.80742],[120.98531,24.80711],[120.98548,24.8069],[120.98595,24.80635],[120.98612,24.80629]],[[120.98612,24.80629],[120.98625,24.80612],[120.98662,24.80563],[120.98666,24.80558]],[[120.98711,24.80108],[120.98707,24.80099]],[[120.98666,24.80558],[120.98671,24.80544],[120.98672,24.80543],[120.98677,24.80503],[120.98682,24.80446],[120.98689,24.80376],[120.98689,24.80367],[120.9869,24.80355],[120.98697,24.80287],[120.98698,24.80271],[120.98699,24.80266],[120.98703,24.80215],[120.98706,24.80169],[120.98708,24.80154],[120.98711,24.80108]]]}},{"type":"Feature","properties":{"name":"東光陸橋","base":"東光陸橋","section":null,"tier":"medium","length_m":655,"district":"東區"},"geometry":{"type":"MultiLineString","coordinates":[[[120.98612,24.80629],[120.98597,24.80646],[120.98507,24.80763],[120.9846,24.80822],[120.98389,24.80914],[120.98335,24.80984],[120.98236,24.81109]]]}},{"type":"Feature","properties":{"name":"東前街","base":"東前街","section":null,"tier":"hard","length_m":233,"district":"東區"},"geometry":{"type":"MultiLineString","coordinates":[[[120.9667,24.80356],[120.96762,24.80418],[120.96777,24.80427],[120.96843,24.8047],[120.96857,24.80479]]]}},{"type":"Feature","properties":{"name":"東勝路","base":"東勝路","section":null,"tier":"hard","length_m":304,"district":"東區"},"geometry":{"type":"MultiLineString","coordinates":[[[120.98927,24.80329],[120.98818,24.80365],[120.98785,24.80366],[120.98724,24.80366],[120.98698,24.80367],[120.98689,24.80367],[120.98678,24.80366],[120.98633,24.80365]]]}},{"type":"Feature","properties":{"name":"東勢街（東區2）","base":"東勢街（東區2）","section":null,"tier":"hard","length_m":201,"district":"東區"},"geometry":{"type":"MultiLineString","coordinates":[[[120.99426,24.80534],[120.99423,24.80538],[120.99417,24.80546],[120.99395,24.80558],[120.99385,24.80563],[120.99314,24.80599],[120.99309,24.80602]],[[120.99309,24.80602],[120.99283,24.80558],[120.99281,24.80555]]]}},{"type":"Feature","properties":{"name":"東勢街（東區）","base":"東勢街（東區）","section":null,"tier":"hard","length_m":491,"district":"東區"},"geometry":{"type":"MultiLineString","coordinates":[[[120.98818,24.80365],[120.98843,24.80379],[120.98875,24.80397],[120.9892,24.80423],[120.98955,24.80441],[120.9899,24.80458],[120.99,24.80465],[120.99028,24.80462],[120.99055,24.80472],[120.99069,24.80479],[120.99088,24.80489],[120.99099,24.80493],[120.99107,24.80496],[120.99129,24.805],[120.99136,24.805],[120.99143,24.805],[120.99162,24.80501],[120.99186,24.80502],[120.99205,24.80504],[120.99226,24.80509],[120.99246,24.80514],[120.99262,24.80519]]]}},{"type":"Feature","properties":{"name":"東南街1巷","base":"東南街1巷","section":null,"tier":"hard","length_m":235,"lane":true,"district":"東區"},"geometry":{"type":"MultiLineString","coordinates":[[[120.97262,24.8013],[120.97353,24.80185],[120.97411,24.80223]],[[120.9722,24.80103],[120.97262,24.8013]]]}},{"type":"Feature","properties":{"name":"東南街（東區2）","base":"東南街（東區2）","section":null,"tier":"hard","length_m":184,"district":"東區"},"geometry":{"type":"MultiLineString","coordinates":[[[120.97754,24.79259],[120.97688,24.79413]]]}},{"type":"Feature","properties":{"name":"東南街（東區）","base":"東南街（東區）","section":null,"tier":"hard","length_m":718,"district":"東區"},"geometry":{"type":"MultiLineString","coordinates":[[[120.97672,24.79414],[120.97655,24.79435]],[[120.9751,24.79639],[120.97471,24.79691],[120.97464,24.79701],[120.97438,24.79737],[120.97434,24.79742],[120.97374,24.79825],[120.97311,24.79913],[120.97283,24.79954]],[[120.97655,24.79435],[120.97649,24.79445],[120.97615,24.79491],[120.97587,24.79528],[120.97582,24.79535],[120.9758,24.79537],[120.97575,24.79544],[120.97574,24.79546],[120.97572,24.79548],[120.9751,24.79639]]]}},{"type":"Feature","properties":{"name":"東園街","base":"東園街","section":null,"tier":"hard","length_m":485,"district":"東區"},"geometry":{"type":"MultiLineString","coordinates":[[[120.9858,24.80309],[120.98574,24.80298],[120.98565,24.80279],[120.98552,24.80256],[120.98547,24.80247],[120.98533,24.80222],[120.98509,24.80181],[120.98505,24.80175]],[[120.9827,24.80378],[120.98313,24.80363],[120.98325,24.80358],[120.98359,24.80345],[120.98451,24.80316],[120.98565,24.80279]]]}},{"type":"Feature","properties":{"name":"東大路一段（北區）","base":"東大路（北區）","section":"一段","tier":"medium","length_m":1830,"district":"北區"},"geometry":{"type":"MultiLineString","coordinates":[[[120.97374,24.80571],[120.97374,24.80563],[120.97402,24.80525],[120.97486,24.80416]],[[120.97525,24.8043],[120.97515,24.80434],[120.97508,24.8044],[120.97503,24.80446],[120.97399,24.8058],[120.97392,24.80583]],[[120.96991,24.81088],[120.96989,24.81072],[120.97019,24.81034],[120.97045,24.81],[120.97073,24.80964],[120.97098,24.80932],[120.97123,24.80901],[120.97154,24.80861],[120.9718,24.80828],[120.97203,24.80797],[120.97211,24.80786]],[[120.97233,24.80799],[120.97224,24.80811],[120.97206,24.80836],[120.97184,24.80867],[120.97159,24.80901],[120.9713,24.80939],[120.97098,24.80981],[120.97067,24.81021],[120.9704,24.81057],[120.97015,24.81088],[120.96999,24.81093]],[[120.97211,24.80786],[120.97216,24.8078],[120.97256,24.80725],[120.97286,24.8068],[120.97368,24.80578],[120.9737,24.80576],[120.97374,24.80571]],[[120.97392,24.80583],[120.97388,24.80588],[120.97387,24.8059],[120.97365,24.80617],[120.97331,24.80659],[120.97325,24.80668],[120.97295,24.8071],[120.97278,24.80734],[120.97237,24.80792],[120.97233,24.80799]],[[120.97486,24.80416],[120.97492,24.80409]]]}},{"type":"Feature","properties":{"name":"東大路一段（東區）","base":"東大路（東區）","section":"一段","tier":"hard","length_m":514,"district":"東區"},"geometry":{"type":"MultiLineString","coordinates":[[[120.97619,24.80249],[120.97663,24.8019]],[[120.97559,24.80317],[120.97561,24.80313],[120.97598,24.80266],[120.97599,24.80265],[120.97601,24.80263],[120.97623,24.80233],[120.97651,24.80196],[120.97663,24.8019]],[[120.97663,24.8019],[120.97697,24.80143],[120.97701,24.80138]],[[120.97663,24.8019],[120.9766,24.80205],[120.97618,24.80263],[120.97611,24.80272],[120.9761,24.80273],[120.97563,24.80331]]]}},{"type":"Feature","properties":{"name":"東大路三段（北區）","base":"東大路（北區）","section":"三段","tier":"medium","length_m":3263,"district":"北區"},"geometry":{"type":"MultiLineString","coordinates":[[[120.95351,24.83242],[120.95316,24.83245],[120.95312,24.83245],[120.95258,24.83248],[120.95191,24.83256],[120.95148,24.8326],[120.95031,24.83274],[120.94905,24.83291],[120.94896,24.83292],[120.9488,24.83296],[120.94862,24.83302],[120.94833,24.83315]],[[120.95666,24.82566],[120.95644,24.82597],[120.95627,24.8262],[120.95515,24.82779],[120.95464,24.82851],[120.95452,24.82871],[120.95445,24.82892],[120.95444,24.82911],[120.95448,24.82932],[120.95457,24.82951],[120.9547,24.82965],[120.95496,24.82989],[120.95516,24.83007],[120.95531,24.83024]],[[120.94833,24.83315],[120.94815,24.83328],[120.94777,24.83357],[120.94721,24.83392],[120.94649,24.83434],[120.94625,24.83448],[120.94604,24.83466],[120.94598,24.83471],[120.94559,24.83505],[120.94553,24.8351],[120.94518,24.83538],[120.94513,24.83542],[120.94499,24.83553],[120.9446,24.83582],[120.944,24.83623],[120.94378,24.83638],[120.94335,24.83667],[120.94284,24.83701],[120.94255,24.83722],[120.94229,24.8374],[120.94219,24.83747],[120.94144,24.83794],[120.94121,24.83808],[120.94114,24.83812],[120.9404,24.83853],[120.94006,24.83872],[120.94001,24.83875],[120.93966,24.83898],[120.9396,24.83902],[120.93928,24.83925],[120.93881,24.83959],[120.93808,24.84011]],[[120.93808,24.84011],[120.93774,24.84035],[120.93756,24.84048],[120.93707,24.84083]],[[120.95531,24.83024],[120.95541,24.83033],[120.95551,24.83053],[120.95553,24.8307],[120.95552,24.83089],[120.95548,24.83105],[120.95538,24.83122],[120.95523,24.83146],[120.95509,24.83164],[120.95489,24.83184],[120.95434,24.83213],[120.95375,24.83242],[120.95351,24.83242]],[[120.95351,24.83242],[120.95378,24.83233],[120.95391,24.83226],[120.95423,24.83209],[120.95431,24.83205],[120.95484,24.83175],[120.95504,24.83157],[120.95533,24.83118],[120.95543,24.83097],[120.95545,24.83087],[120.95546,24.83076],[120.95543,24.83056],[120.95536,24.8304],[120.95531,24.83024]]]}},{"type":"Feature","properties":{"name":"東大路二段（北區）","base":"東大路（北區）","section":"二段","tier":"medium","length_m":6080,"district":"北區"},"geometry":{"type":"MultiLineString","coordinates":[[[120.96849,24.81271],[120.96783,24.81351],[120.9676,24.81377]],[[120.96423,24.81714],[120.96431,24.81706],[120.96588,24.81552],[120.96644,24.81499],[120.96679,24.81461],[120.96688,24.8145],[120.96733,24.81395],[120.96741,24.81385]],[[120.96691,24.81476],[120.96658,24.81509],[120.96617,24.8155],[120.96606,24.81561],[120.9649,24.81675],[120.96447,24.81718],[120.96434,24.81721]],[[120.96423,24.81714],[120.96423,24.81701],[120.96464,24.81661],[120.96502,24.81621],[120.96575,24.81549],[120.96674,24.81455]],[[120.96413,24.81742],[120.96413,24.81751],[120.96361,24.81804],[120.96312,24.81853],[120.96287,24.81877],[120.96266,24.81899],[120.96226,24.81935],[120.96211,24.81948],[120.96194,24.81959],[120.96152,24.81977],[120.96145,24.8198]],[[120.96145,24.8198],[120.9615,24.81975],[120.96171,24.81951],[120.96182,24.81939],[120.96204,24.81919],[120.96249,24.81873],[120.96293,24.81831],[120.96392,24.81732],[120.96404,24.81734]],[[120.96999,24.81093],[120.96988,24.81107],[120.9691,24.81199],[120.96849,24.81271]],[[120.96145,24.8198],[120.96141,24.81985],[120.96119,24.82009],[120.96103,24.82025],[120.96054,24.82075],[120.96045,24.82084],[120.95996,24.82134],[120.95968,24.82163],[120.95966,24.82164],[120.95934,24.82195],[120.95928,24.822],[120.95893,24.82234],[120.95855,24.82278],[120.95837,24.82305],[120.95818,24.82343],[120.95814,24.8235],[120.95806,24.82366],[120.95795,24.82383],[120.95786,24.82398],[120.95761,24.82436],[120.95756,24.82443],[120.95732,24.82477],[120.95724,24.82488],[120.957,24.82521],[120.95666,24.82566]],[[120.96999,24.81093],[120.96995,24.81111],[120.96919,24.81206],[120.96917,24.81208],[120.96876,24.81255],[120.96791,24.81356],[120.96781,24.81367],[120.9676,24.81377]],[[120.96752,24.81388],[120.9675,24.81404],[120.96736,24.81421],[120.96703,24.81462],[120.96691,24.81476]],[[120.96145,24.8198],[120.96151,24.81976],[120.96187,24.81947],[120.96399,24.81739],[120.96404,24.81734]],[[120.96211,24.81948],[120.962,24.81961],[120.96169,24.81993],[120.96165,24.81996]],[[120.96749,24.81377],[120.96751,24.81371],[120.96755,24.81358],[120.96769,24.81341],[120.96776,24.81333],[120.9681,24.81291],[120.96894,24.81188],[120.96898,24.81183],[120.96942,24.8113],[120.9697,24.81096],[120.96991,24.81088]],[[120.96434,24.81721],[120.96413,24.81742]],[[120.96413,24.81742],[120.96408,24.81747],[120.96186,24.8196],[120.96152,24.81977],[120.96145,24.8198]],[[120.96752,24.81388],[120.96743,24.814],[120.96737,24.81408],[120.96696,24.81457],[120.96685,24.81469],[120.96499,24.81654],[120.96442,24.81714],[120.96434,24.81721]],[[120.9676,24.81377],[120.96752,24.81388]],[[120.96741,24.81385],[120.96749,24.81377]],[[120.96749,24.81377],[120.96775,24.81346],[120.96821,24.81294],[120.96903,24.81194],[120.96979,24.81102],[120.96991,24.81088]],[[120.96674,24.81455],[120.96683,24.81444],[120.96725,24.81391],[120.96733,24.81388],[120.96741,24.81385]],[[120.96404,24.81734],[120.96423,24.81714]]]}},{"type":"Feature","properties":{"name":"東大路四段（北區）","base":"東大路（北區）","section":"四段","tier":"medium","length_m":1634,"district":"北區"},"geometry":{"type":"MultiLineString","coordinates":[[[120.93148,24.84371],[120.93139,24.84375],[120.93089,24.84401],[120.93049,24.84421],[120.9301,24.84441],[120.92983,24.84455],[120.92959,24.84467],[120.92906,24.84495],[120.9288,24.84509]],[[120.93707,24.84083],[120.93657,24.84111],[120.93645,24.84119],[120.93612,24.84136],[120.93581,24.84152],[120.9355,24.84168],[120.93422,24.84234],[120.93408,24.84242],[120.93354,24.84269],[120.93337,24.84277],[120.93318,24.84287],[120.93304,24.84294],[120.93285,24.84303],[120.93264,24.84315],[120.93191,24.8435],[120.93154,24.84368],[120.93148,24.84371]],[[120.9275,24.84571],[120.92742,24.84578],[120.92703,24.84597],[120.92665,24.84616],[120.92648,24.84623],[120.92643,24.84625]],[[120.92522,24.84681],[120.9253,24.84672],[120.92565,24.84654],[120.92574,24.84649],[120.9258,24.84646]],[[120.9288,24.84509],[120.92816,24.84539],[120.9279,24.84553],[120.92771,24.84563],[120.9275,24.84571]],[[120.9258,24.84646],[120.92587,24.84643],[120.92599,24.84637],[120.92632,24.84621],[120.92639,24.84617]],[[120.92587,24.84653],[120.92579,24.84657],[120.92571,24.84661],[120.92546,24.84674],[120.92535,24.8468],[120.92522,24.84681]],[[120.92643,24.84625],[120.92637,24.84628],[120.92604,24.84644],[120.92587,24.84653]],[[120.92639,24.84617],[120.92645,24.84614],[120.92737,24.84571],[120.9275,24.84571]]]}},{"type":"Feature","properties":{"name":"東大陸橋","base":"東大陸橋","section":null,"tier":"medium","length_m":435,"district":"東區"},"geometry":{"type":"MultiLineString","coordinates":[[[120.97374,24.80571],[120.97378,24.80566],[120.97435,24.80491],[120.97482,24.80428],[120.97555,24.80333],[120.97619,24.80249]]]}},{"type":"Feature","properties":{"name":"東大高架道（東區2）","base":"東大高架道（東區2）","section":null,"tier":"medium","length_m":1864,"district":"東區"},"geometry":{"type":"MultiLineString","coordinates":[[[120.96991,24.81088],[120.96999,24.81078],[120.97163,24.80867]],[[120.97163,24.80867],[120.97306,24.80666],[120.97467,24.80464],[120.97488,24.8044],[120.975,24.80429],[120.97538,24.80411],[120.97559,24.80404],[120.9758,24.804],[120.97678,24.80383],[120.97797,24.80361],[120.97886,24.80346],[120.98,24.80329],[120.98064,24.80308]],[[120.98064,24.80308],[120.98276,24.80239],[120.98321,24.80225],[120.9842,24.80194]]]}},{"type":"Feature","properties":{"name":"東大高架道（東區）","base":"東大高架道（東區）","section":null,"tier":"medium","length_m":1859,"district":"東區"},"geometry":{"type":"MultiLineString","coordinates":[[[120.97563,24.80411],[120.97541,24.80417],[120.97528,24.80422],[120.97503,24.80436],[120.97486,24.80452],[120.97445,24.80504],[120.97382,24.80582],[120.97314,24.80667],[120.97169,24.80871]],[[120.97169,24.80871],[120.97007,24.81083],[120.96999,24.81093]],[[120.97683,24.80389],[120.97563,24.80411]],[[120.98423,24.80202],[120.98279,24.80248],[120.98005,24.80334],[120.97971,24.80341],[120.97925,24.80348],[120.97852,24.80358],[120.97683,24.80389]]]}},{"type":"Feature","properties":{"name":"東山街","base":"東山街","section":null,"tier":"hard","length_m":578,"district":"東區"},"geometry":{"type":"MultiLineString","coordinates":[[[120.98056,24.79543],[120.98047,24.79554],[120.98043,24.79558],[120.98029,24.79575],[120.9802,24.79585],[120.97993,24.79616],[120.97969,24.79644],[120.97948,24.79673]],[[120.97815,24.7983],[120.97721,24.79946],[120.97717,24.7995],[120.9771,24.79957]],[[120.97948,24.79673],[120.97924,24.79702],[120.97902,24.79729],[120.97876,24.79758],[120.97855,24.79784],[120.97815,24.7983]]]}},{"type":"Feature","properties":{"name":"東新路","base":"東新路","section":null,"tier":"hard","length_m":222,"district":"東區"},"geometry":{"type":"MultiLineString","coordinates":[[[120.98758,24.80708],[120.98779,24.80705]],[[120.98779,24.80705],[120.98809,24.80701],[120.98842,24.80697]],[[120.98758,24.80708],[120.98731,24.80716],[120.98718,24.80728],[120.98677,24.80784],[120.98674,24.80788],[120.98672,24.80791],[120.98669,24.80794]]]}},{"type":"Feature","properties":{"name":"東明街（東區2）","base":"東明街（東區2）","section":null,"tier":"hard","length_m":156,"district":"東區"},"geometry":{"type":"MultiLineString","coordinates":[[[120.98897,24.80049],[120.98895,24.80054],[120.98893,24.8006],[120.98891,24.80067],[120.98889,24.80071],[120.98886,24.8008],[120.98883,24.80088],[120.98877,24.80105],[120.98876,24.80109],[120.98871,24.80129],[120.98867,24.80141],[120.98864,24.8015],[120.98864,24.80152],[120.98862,24.80157],[120.9886,24.80162],[120.98855,24.80173],[120.98849,24.80182]]]}},{"type":"Feature","properties":{"name":"東明街（東區3）","base":"東明街（東區3）","section":null,"tier":"hard","length_m":339,"district":"東區"},"geometry":{"type":"MultiLineString","coordinates":[[[120.98765,24.80629],[120.98783,24.80671],[120.98792,24.80692],[120.98793,24.80695],[120.98795,24.80696],[120.988,24.80697],[120.98803,24.80698],[120.98806,24.807],[120.98809,24.80701],[120.98811,24.80705],[120.98811,24.80709],[120.98809,24.80714],[120.98808,24.80721],[120.98807,24.80734],[120.98808,24.80741],[120.9881,24.80758],[120.9881,24.80761],[120.98808,24.80765],[120.98806,24.8077],[120.98804,24.80776],[120.98799,24.80848]],[[120.98765,24.80629],[120.9878,24.80621],[120.98802,24.80608],[120.98832,24.80597]]]}},{"type":"Feature","properties":{"name":"東明街（東區）","base":"東明街（東區）","section":null,"tier":"hard","length_m":457,"district":"東區"},"geometry":{"type":"MultiLineString","coordinates":[[[120.98858,24.80199],[120.98837,24.80211],[120.98834,24.80215],[120.98827,24.8023]],[[120.98823,24.80237],[120.98822,24.80238],[120.9882,24.80241],[120.98797,24.80251],[120.98783,24.80257],[120.98782,24.80261],[120.98782,24.80279],[120.98783,24.80305],[120.98783,24.80307],[120.98784,24.80314],[120.98784,24.8034],[120.98785,24.80366],[120.98787,24.80394],[120.98787,24.80397],[120.98791,24.80414],[120.988,24.80456],[120.98803,24.80465],[120.98805,24.80475],[120.98816,24.80519],[120.98829,24.8057]],[[120.98827,24.8023],[120.98823,24.80237]]]}},{"type":"Feature","properties":{"name":"東濱街","base":"東濱街","section":null,"tier":"hard","length_m":137,"district":"北區"},"geometry":{"type":"MultiLineString","coordinates":[[[120.92876,24.8335],[120.92848,24.833],[120.92814,24.8324]]]}},{"type":"Feature","properties":{"name":"東科路（東區2）","base":"東科路（東區2）","section":null,"tier":"medium","length_m":58,"district":"東區"},"geometry":{"type":"MultiLineString","coordinates":[[[121.02753,24.76951],[121.02735,24.76949]],[[121.02792,24.7695],[121.02763,24.76952],[121.02753,24.76951]]]}},{"type":"Feature","properties":{"name":"東科路（東區）","base":"東科路（東區）","section":null,"tier":"medium","length_m":66,"district":"東區"},"geometry":{"type":"MultiLineString","coordinates":[[[121.02737,24.76938],[121.02754,24.7694]],[[121.02754,24.7694],[121.02764,24.76941],[121.02802,24.76938]]]}},{"type":"Feature","properties":{"name":"東竹路","base":"東竹路","section":null,"tier":"hard","length_m":145,"district":"東區"},"geometry":{"type":"MultiLineString","coordinates":[[[120.986,24.80653],[120.98659,24.80692],[120.98718,24.80728]]]}},{"type":"Feature","properties":{"name":"東美三號橋（東區2）","base":"東美三號橋（東區2）","section":null,"tier":"hard","length_m":17,"district":"東區"},"geometry":{"type":"MultiLineString","coordinates":[[[121.00471,24.80172],[121.0046,24.80161]]]}},{"type":"Feature","properties":{"name":"東美三號橋（東區）","base":"東美三號橋（東區）","section":null,"tier":"hard","length_m":13,"district":"東區"},"geometry":{"type":"MultiLineString","coordinates":[[[121.00434,24.80148],[121.00421,24.80148]]]}},{"type":"Feature","properties":{"name":"東美路（東區2）","base":"東美路（東區2）","section":null,"tier":"hard","length_m":31,"district":"東區"},"geometry":{"type":"MultiLineString","coordinates":[[[121.0046,24.80161],[121.00456,24.80157],[121.00448,24.80152],[121.00434,24.80148]]]}},{"type":"Feature","properties":{"name":"東美路（東區）","base":"東美路（東區）","section":null,"tier":"hard","length_m":394,"district":"東區"},"geometry":{"type":"MultiLineString","coordinates":[[[121.00421,24.80148],[121.00385,24.80154],[121.00349,24.8016],[121.00237,24.80169],[121.00193,24.80174]],[[121.00073,24.80175],[121.00064,24.80163],[121.00058,24.80154],[121.00053,24.80146]],[[121.00188,24.80175],[121.00181,24.80176],[121.00126,24.80185],[121.00114,24.80185],[121.001,24.80182],[121.00081,24.80178],[121.00077,24.80177],[121.00073,24.80175]],[[121.00193,24.80174],[121.00188,24.80175]]]}},{"type":"Feature","properties":{"name":"東華路","base":"東華路","section":null,"tier":"hard","length_m":316,"district":"香山區"},"geometry":{"type":"MultiLineString","coordinates":[[[120.94569,24.79372],[120.94565,24.7938]],[[120.94565,24.7938],[120.94511,24.79498],[120.94478,24.79572],[120.9445,24.79635]]]}},{"type":"Feature","properties":{"name":"東西向快速公路南寮竹東線（東區2）","base":"東西向快速公路南寮竹東線（東區2）","section":null,"tier":"easy","length_m":11107,"district":"東區"},"geometry":{"type":"MultiLineString","coordinates":[[[120.93287,24.84572],[120.934,24.8449],[120.93504,24.84438],[120.93592,24.844],[120.93765,24.84317],[120.93805,24.84297],[120.93877,24.8426],[120.93911,24.84239],[120.93944,24.84216]],[[120.93944,24.84216],[120.93998,24.84175],[120.94066,24.84119],[120.94173,24.84028]],[[121.02016,24.80267],[121.02105,24.80208],[121.02187,24.80158],[121.02316,24.80076],[121.02431,24.80004],[121.02495,24.79971],[121.02537,24.79951],[121.02619,24.79913],[121.028,24.79838]],[[121.0,24.81736],[121.00255,24.81586],[121.00468,24.8145],[121.00694,24.813],[121.00873,24.81189],[121.00954,24.81135],[121.00996,24.81108],[121.01051,24.81071],[121.01103,24.81037],[121.01143,24.81005],[121.01198,24.80961]],[[120.94173,24.84028],[120.94191,24.84013],[120.94348,24.83882],[120.94425,24.83817],[120.94504,24.83755],[120.94671,24.83639],[120.94847,24.83529],[120.95155,24.83363],[120.95323,24.83279],[120.95491,24.83192],[120.95634,24.83118]],[[120.95634,24.83118],[120.95657,24.83107],[120.95714,24.8308],[120.95753,24.8306],[120.95806,24.83036],[120.95859,24.83014]],[[120.95859,24.83014],[120.9617,24.82907],[120.96584,24.82772],[120.96821,24.82702],[120.97036,24.82641],[120.97226,24.8259]],[[120.97562,24.82511],[120.97674,24.82485],[120.97736,24.8247],[120.97911,24.82418],[120.97934,24.82415],[120.97986,24.82401],[120.98058,24.82381],[120.98128,24.82362],[120.98317,24.8231],[120.9848,24.82268],[120.98627,24.82231],[120.98794,24.82185],[120.98907,24.82157],[120.99102,24.82103],[120.99249,24.82056],[120.99311,24.82036],[120.9936,24.82019],[120.99426,24.81995],[120.99502,24.81966],[120.99532,24.81954],[120.99561,24.81942],[120.99611,24.81921],[120.99644,24.81906],[120.99789,24.8184],[120.99895,24.81794],[121.0,24.81736]],[[121.01422,24.80753],[121.01445,24.8073],[121.01504,24.80674],[121.01538,24.80639],[121.01576,24.80604],[121.01607,24.80573],[121.01646,24.80542],[121.01695,24.80498],[121.01747,24.80455],[121.01777,24.80433],[121.01832,24.80394],[121.01865,24.8037],[121.01892,24.80351]],[[121.01892,24.80351],[121.01935,24.80322],[121.02016,24.80267]],[[121.01198,24.80961],[121.01223,24.80944],[121.01259,24.80912],[121.01288,24.80884],[121.0131,24.80862],[121.01339,24.80833],[121.01385,24.80791],[121.01422,24.80753]],[[120.97226,24.8259],[120.97359,24.82556],[120.97425,24.82541],[120.97473,24.8253]],[[120.97473,24.8253],[120.97562,24.82511]]]}},{"type":"Feature","properties":{"name":"東西向快速公路南寮竹東線（東區）","base":"東西向快速公路南寮竹東線（東區）","section":null,"tier":"easy","length_m":10373,"district":"東區"},"geometry":{"type":"MultiLineString","coordinates":[[[120.93952,24.84224],[120.93917,24.84247],[120.93866,24.84275],[120.9377,24.84324],[120.93594,24.8441],[120.93511,24.84446],[120.93405,24.84501],[120.93296,24.84579]],[[121.02181,24.80174],[121.02099,24.80226],[121.0202,24.80277],[121.01936,24.80333],[121.01898,24.80358]],[[120.99936,24.81781],[120.99791,24.81848],[120.99734,24.81876],[120.99682,24.81899],[120.99645,24.81916],[120.99595,24.81937],[120.99542,24.81959],[120.99506,24.81974],[120.99438,24.82],[120.99399,24.82015],[120.99315,24.82045],[120.99115,24.82108],[120.98948,24.82156],[120.98704,24.8222],[120.98606,24.82244],[120.98381,24.82303],[120.98219,24.82346],[120.98111,24.82375],[120.97786,24.82465],[120.97568,24.82519]],[[120.9418,24.84034],[120.94076,24.84123],[120.94038,24.84154],[120.93974,24.84208],[120.93952,24.84224]],[[120.95638,24.83126],[120.95494,24.83202],[120.95159,24.83373],[120.9485,24.83537],[120.94675,24.83647],[120.9451,24.83764],[120.94203,24.84018],[120.9418,24.84034]],[[120.95864,24.83024],[120.95715,24.83089],[120.9565,24.8312],[120.95638,24.83126]],[[120.97475,24.82539],[120.9745,24.82544],[120.97373,24.82561],[120.97229,24.82599]],[[121.014,24.8079],[121.01374,24.80816],[121.01338,24.80849],[121.013,24.80884],[121.01264,24.8092],[121.01191,24.80984],[121.01155,24.81014],[121.01119,24.81043],[121.01072,24.81076],[121.01046,24.81096],[121.01009,24.81121],[121.0097,24.81148],[121.00944,24.81163],[121.00895,24.81197],[121.00822,24.81242],[121.00595,24.81381],[121.00344,24.8154],[121.00113,24.81681],[120.99936,24.81781]],[[121.01898,24.80358],[121.01858,24.80387],[121.01804,24.80428],[121.01767,24.80457],[121.01743,24.80474],[121.01705,24.80503],[121.01665,24.80538],[121.01585,24.80612],[121.01552,24.8064],[121.01518,24.80672],[121.01487,24.80703],[121.01456,24.80733],[121.01428,24.80759]],[[120.97229,24.82599],[120.97048,24.82647],[120.96824,24.82711],[120.96587,24.82781],[120.96173,24.82916],[120.95864,24.83024]],[[121.01428,24.80759],[121.014,24.8079]],[[120.97568,24.82519],[120.97475,24.82539]]]}},{"type":"Feature","properties":{"name":"東進路","base":"東進路","section":null,"tier":"hard","length_m":258,"district":"東區"},"geometry":{"type":"MultiLineString","coordinates":[[[120.98829,24.8057],[120.98832,24.80597],[120.98841,24.80687],[120.98842,24.80697],[120.98851,24.80773],[120.98853,24.80781],[120.98858,24.80788]],[[120.98858,24.80788],[120.98866,24.80797]]]}},{"type":"Feature","properties":{"name":"東門圓環","base":"東門圓環","section":null,"tier":"medium","length_m":254,"district":"東區"},"geometry":{"type":"MultiLineString","coordinates":[[[120.97101,24.80418],[120.97099,24.80425],[120.97095,24.80431],[120.97089,24.80436],[120.97082,24.80441],[120.97066,24.80445],[120.97055,24.80446],[120.97044,24.80447],[120.97036,24.80447],[120.97026,24.80446],[120.97017,24.80441],[120.97011,24.80437],[120.97007,24.80431],[120.97005,24.80421],[120.97005,24.80416],[120.97007,24.80411],[120.97012,24.80405],[120.97019,24.804],[120.97031,24.80397],[120.97048,24.80395],[120.97068,24.80394],[120.97076,24.80395],[120.97086,24.80396],[120.97091,24.804],[120.97095,24.80404],[120.97098,24.8041],[120.97101,24.80418]]]}},{"type":"Feature","properties":{"name":"東門街（東區2）","base":"東門街（東區2）","section":null,"tier":"hard","length_m":406,"district":"東區"},"geometry":{"type":"MultiLineString","coordinates":[[[120.9661,24.80459],[120.96663,24.80446],[120.96687,24.80441],[120.96762,24.80418],[120.96801,24.80416],[120.96902,24.80417],[120.9699,24.80416],[120.96991,24.80416],[120.97005,24.80416]]]}},{"type":"Feature","properties":{"name":"東門街（東區）","base":"東門街（東區）","section":null,"tier":"medium","length_m":395,"district":"東區"},"geometry":{"type":"MultiLineString","coordinates":[[[120.97213,24.80416],[120.97153,24.80417],[120.97116,24.80418],[120.97101,24.80418]],[[120.97492,24.80409],[120.97478,24.80411]],[[120.97478,24.80411],[120.97449,24.80411],[120.97374,24.80413],[120.97353,24.80414],[120.97213,24.80416]]]}},{"type":"Feature","properties":{"name":"東香南街","base":"東香南街","section":null,"tier":"hard","length_m":1538,"district":"香山區"},"geometry":{"type":"MultiLineString","coordinates":[[[120.94992,24.76224],[120.95017,24.76245],[120.95025,24.76254],[120.95029,24.76256],[120.95034,24.76256],[120.95054,24.7625],[120.95061,24.7625],[120.95097,24.76259],[120.95109,24.76259],[120.95119,24.76256],[120.95123,24.76251],[120.95124,24.76247],[120.95123,24.76231],[120.95126,24.76229],[120.95129,24.76229],[120.95132,24.7623],[120.95143,24.76245],[120.95154,24.76253],[120.95177,24.76262],[120.95183,24.76266],[120.95189,24.76272],[120.95206,24.76277],[120.95213,24.76276],[120.95217,24.76273],[120.95219,24.76265],[120.95216,24.76245],[120.95217,24.76241],[120.9522,24.76234],[120.95235,24.76217],[120.9524,24.76215],[120.95258,24.76215],[120.95272,24.76212],[120.95296,24.76208],[120.95308,24.76208],[120.95318,24.76211],[120.95334,24.76222],[120.95345,24.76227],[120.95369,24.76236],[120.9538,24.76243],[120.95407,24.76265],[120.95427,24.76288],[120.95432,24.76292],[120.95449,24.76297],[120.95464,24.76305],[120.95473,24.76316],[120.95477,24.76322],[120.95482,24.76338],[120.95505,24.76377],[120.9551,24.76388],[120.95513,24.76401],[120.95517,24.76409],[120.95523,24.76414],[120.9554,24.76422],[120.95546,24.76427],[120.95565,24.76447],[120.95577,24.76454],[120.95589,24.76459],[120.95603,24.76461],[120.95626,24.76462],[120.95642,24.76467],[120.95651,24.7647],[120.95716,24.76459],[120.95734,24.76454],[120.95745,24.76451],[120.95753,24.76446],[120.95762,24.76428],[120.95775,24.76405],[120.95788,24.76378]],[[120.95788,24.76378],[120.95805,24.76346],[120.95809,24.76336],[120.95811,24.76327],[120.95815,24.76321],[120.9582,24.76317],[120.95847,24.76299],[120.95859,24.76291],[120.95874,24.7628],[120.95879,24.76274],[120.95888,24.76262],[120.95902,24.76249],[120.95905,24.76243],[120.95908,24.76232],[120.95906,24.76219],[120.95909,24.76199],[120.95926,24.76165],[120.95941,24.76135],[120.95948,24.7612],[120.95953,24.76101],[120.95981,24.76076],[120.95992,24.76053]]]}},{"type":"Feature","properties":{"name":"東香東街","base":"東香東街","section":null,"tier":"hard","length_m":280,"district":"香山區"},"geometry":{"type":"MultiLineString","coordinates":[[[120.95588,24.74996],[120.95603,24.74979],[120.95627,24.7495],[120.95646,24.74938],[120.95658,24.74926],[120.95671,24.74912],[120.9568,24.74902],[120.95691,24.74894],[120.95705,24.74886],[120.95712,24.74883],[120.95716,24.7488],[120.95721,24.74875],[120.95725,24.74865],[120.95727,24.74855],[120.95726,24.74841],[120.95725,24.74829],[120.95731,24.74797]]]}},{"type":"Feature","properties":{"name":"東香路一段（香山區）","base":"東香路（香山區）","section":"一段","tier":"medium","length_m":2067,"district":"香山區"},"geometry":{"type":"MultiLineString","coordinates":[[[120.96067,24.76771],[120.96069,24.76796],[120.96073,24.76818],[120.96081,24.76834],[120.96104,24.76871],[120.96107,24.76882],[120.96108,24.76893],[120.96106,24.76902],[120.96097,24.76929],[120.96094,24.76944],[120.96092,24.76972],[120.96088,24.76991],[120.9608,24.77015],[120.96079,24.77028],[120.96081,24.7705],[120.96084,24.77079],[120.96088,24.77107],[120.96084,24.77128],[120.96071,24.77154],[120.9607,24.77164],[120.9607,24.77175],[120.96072,24.7721],[120.96073,24.77257]],[[120.96073,24.77257],[120.96072,24.77273],[120.96069,24.77283],[120.96044,24.7731],[120.96012,24.77325],[120.95988,24.77332],[120.95973,24.77332],[120.95967,24.77332],[120.95943,24.77325],[120.9593,24.77323],[120.95922,24.77327],[120.95902,24.77333],[120.95891,24.77335],[120.95883,24.77333],[120.95866,24.7732],[120.95838,24.77314],[120.95831,24.77312],[120.95819,24.77301],[120.9581,24.77299],[120.95803,24.77299],[120.95797,24.77301],[120.95773,24.77316],[120.95765,24.77316],[120.95746,24.77316],[120.95733,24.77318],[120.95722,24.77325],[120.95707,24.77346],[120.95698,24.77353],[120.95674,24.77363],[120.95647,24.77374],[120.95634,24.77383],[120.95623,24.77391],[120.95617,24.774],[120.95613,24.77441],[120.956,24.77456],[120.95598,24.7746],[120.95591,24.77499],[120.95589,24.77503],[120.9558,24.77511],[120.9557,24.77514],[120.95565,24.77511],[120.95546,24.77503],[120.95512,24.77499],[120.95501,24.77496],[120.95492,24.77492],[120.95479,24.77481],[120.95445,24.77443],[120.95437,24.77436],[120.95419,24.77423],[120.95366,24.774],[120.95351,24.77389],[120.9534,24.77376],[120.95338,24.7737],[120.95307,24.77279],[120.95297,24.77266],[120.95288,24.77264],[120.95279,24.77264],[120.95255,24.77264]],[[120.96329,24.76793],[120.96315,24.76786],[120.96262,24.76756],[120.96214,24.76721],[120.96198,24.76711],[120.96178,24.76703],[120.96163,24.76701],[120.96148,24.767],[120.96124,24.76701],[120.96106,24.76706],[120.96093,24.76715],[120.96084,24.76722],[120.96076,24.76733],[120.9607,24.76744],[120.96067,24.76759],[120.96067,24.76771]]]}},{"type":"Feature","properties":{"name":"東香路二段（香山區2）","base":"東香路（香山區2）","section":"二段","tier":"medium","length_m":26,"district":"香山區"},"geometry":{"type":"MultiLineString","coordinates":[[[120.94392,24.77616],[120.9441,24.77606],[120.94414,24.77604]]]}},{"type":"Feature","properties":{"name":"東香路二段（香山區3）","base":"東香路（香山區3）","section":"二段","tier":"medium","length_m":389,"district":"香山區"},"geometry":{"type":"MultiLineString","coordinates":[[[120.94793,24.77539],[120.94801,24.77537],[120.94814,24.77533],[120.94844,24.77517]],[[120.9447,24.7758],[120.94499,24.77569],[120.9453,24.77562],[120.94571,24.77558],[120.94678,24.77552],[120.94685,24.77551],[120.94691,24.77551],[120.94743,24.7755],[120.94759,24.77548],[120.94785,24.77541],[120.94793,24.77539]]]}},{"type":"Feature","properties":{"name":"東香路二段（香山區）","base":"東香路（香山區）","section":"二段","tier":"medium","length_m":812,"district":"香山區"},"geometry":{"type":"MultiLineString","coordinates":[[[120.95255,24.77264],[120.95249,24.77262],[120.95239,24.77259],[120.9522,24.7726],[120.95205,24.77265],[120.95194,24.77273],[120.9519,24.77278],[120.95174,24.77307],[120.95165,24.77318],[120.95152,24.77328],[120.95132,24.77334],[120.95104,24.77342]],[[120.94894,24.77474],[120.94899,24.77467],[120.94912,24.77449]],[[120.95104,24.77342],[120.95086,24.77349],[120.95028,24.77364],[120.94974,24.7738],[120.94966,24.77383],[120.94961,24.77385],[120.94948,24.77393],[120.94939,24.77404],[120.94935,24.77411],[120.94922,24.77435],[120.94912,24.77449]],[[120.94966,24.77383],[120.94965,24.77388],[120.94959,24.77416],[120.94955,24.77423],[120.94943,24.77434],[120.94922,24.77445],[120.9492,24.77445],[120.94912,24.77449]],[[120.94912,24.77449],[120.94916,24.77437],[120.94929,24.77409],[120.94931,24.77407],[120.94934,24.774],[120.94945,24.77389],[120.94958,24.77381],[120.94971,24.77376],[120.95008,24.77363],[120.95017,24.77361],[120.95066,24.77348],[120.95083,24.77343],[120.95104,24.77342]]]}},{"type":"Feature","properties":{"name":"東香路（香山區）","base":"東香路（香山區）","section":null,"tier":"hard","length_m":299,"district":"香山區"},"geometry":{"type":"MultiLineString","coordinates":[[[120.95255,24.77264],[120.9526,24.77272],[120.95268,24.77288],[120.95283,24.77335],[120.95298,24.77381],[120.95301,24.77408],[120.95301,24.77456],[120.95304,24.77466],[120.95308,24.77471],[120.95314,24.77473],[120.95342,24.77477],[120.95349,24.77475]],[[120.95357,24.77471],[120.95364,24.77468]],[[120.95349,24.77475],[120.95357,24.77471]]]}},{"type":"Feature","properties":{"name":"林森路","base":"林森路","section":null,"tier":"medium","length_m":1223,"district":"東區"},"geometry":{"type":"MultiLineString","coordinates":[[[120.96293,24.79818],[120.96331,24.79842],[120.96349,24.79852],[120.96361,24.7986],[120.96383,24.79874],[120.96432,24.79908],[120.96486,24.79942],[120.96494,24.79947],[120.96535,24.79972],[120.96603,24.80016],[120.96629,24.80033],[120.9667,24.80059]],[[120.96072,24.79675],[120.96093,24.79689],[120.96115,24.79703],[120.96144,24.79722],[120.96183,24.79747],[120.96293,24.79818]],[[120.9667,24.80059],[120.96738,24.801],[120.96776,24.80126],[120.96814,24.80149],[120.96824,24.80155],[120.96854,24.80164],[120.96904,24.80178],[120.96913,24.8018],[120.96969,24.80194],[120.96986,24.80192],[120.97007,24.80189],[120.97011,24.80189],[120.97018,24.80188],[120.97039,24.80186],[120.9709,24.8018],[120.97101,24.80166]]]}},{"type":"Feature","properties":{"name":"林蔭大道一段","base":"林蔭大道","section":"一段","tier":"hard","length_m":1017,"district":"東區"},"geometry":{"type":"MultiLineString","coordinates":[[[120.95615,24.75439],[120.95628,24.75437],[120.95641,24.75438],[120.95652,24.75444],[120.95654,24.7545],[120.95652,24.75458],[120.95647,24.75467],[120.95649,24.75475],[120.95663,24.75507],[120.95681,24.75524],[120.95715,24.75535],[120.9576,24.7554],[120.95784,24.75548],[120.95807,24.75561],[120.95861,24.75626],[120.95885,24.75646],[120.95903,24.75652],[120.95928,24.75651]],[[120.95928,24.75651],[120.95967,24.7564],[120.96003,24.75609],[120.96035,24.75533],[120.96053,24.75489],[120.96068,24.75416],[120.96055,24.75343],[120.9606,24.75321],[120.96082,24.7529],[120.96118,24.75266],[120.96178,24.7525]]]}},{"type":"Feature","properties":{"name":"林蔭大道二段","base":"林蔭大道","section":"二段","tier":"hard","length_m":619,"district":"東區"},"geometry":{"type":"MultiLineString","coordinates":[[[120.96178,24.7525],[120.96211,24.75238],[120.96297,24.75196],[120.96359,24.75154],[120.96402,24.75111],[120.96541,24.74961],[120.96592,24.74881],[120.96604,24.74866]]]}},{"type":"Feature","properties":{"name":"柏川一路","base":"柏川一路","section":null,"tier":"hard","length_m":207,"district":"東區"},"geometry":{"type":"MultiLineString","coordinates":[[[120.96549,24.7677],[120.96597,24.76778],[120.96691,24.7682],[120.96737,24.7684]]]}},{"type":"Feature","properties":{"name":"柏川三路","base":"柏川三路","section":null,"tier":"hard","length_m":178,"district":"東區"},"geometry":{"type":"MultiLineString","coordinates":[[[120.96677,24.76684],[120.96652,24.76702],[120.96645,24.76715],[120.96633,24.76738]],[[120.96645,24.76715],[120.96681,24.76731],[120.96736,24.76754]]]}},{"type":"Feature","properties":{"name":"柏川二路","base":"柏川二路","section":null,"tier":"hard","length_m":222,"district":"東區"},"geometry":{"type":"MultiLineString","coordinates":[[[120.9676,24.76787],[120.96712,24.76773],[120.96663,24.76755],[120.96633,24.76738],[120.96599,24.76726],[120.96554,24.76723]]]}},{"type":"Feature","properties":{"name":"柑林橋","base":"柑林橋","section":null,"tier":"hard","length_m":16,"district":"香山區"},"geometry":{"type":"MultiLineString","coordinates":[[[120.93416,24.78111],[120.93407,24.78123]]]}},{"type":"Feature","properties":{"name":"柯湳一街","base":"柯湳一街","section":null,"tier":"hard","length_m":1215,"district":"香山區"},"geometry":{"type":"MultiLineString","coordinates":[[[120.94838,24.74892],[120.94845,24.74895],[120.94858,24.749],[120.94869,24.7491],[120.94872,24.74917],[120.94872,24.74926],[120.94867,24.74938],[120.94865,24.74952],[120.94867,24.74961],[120.94875,24.74967],[120.94881,24.74973],[120.94884,24.74983],[120.94886,24.74998],[120.94895,24.75035],[120.94902,24.75057],[120.94907,24.75069],[120.94916,24.75077],[120.94922,24.75083],[120.94934,24.75104],[120.94943,24.75127],[120.94943,24.75137],[120.94942,24.75152],[120.94941,24.7516],[120.94937,24.75179],[120.94941,24.752],[120.94947,24.75227],[120.94949,24.7524],[120.94953,24.75248],[120.94961,24.75257],[120.9498,24.75278],[120.94992,24.75295],[120.95002,24.75312],[120.95006,24.75327],[120.95009,24.75337],[120.95014,24.75346],[120.95016,24.75349],[120.95017,24.75351],[120.95026,24.75353],[120.95041,24.75353],[120.95059,24.75354],[120.95083,24.75355],[120.95102,24.75353],[120.95122,24.75349],[120.95138,24.75342],[120.95176,24.7533],[120.95191,24.75327],[120.95201,24.75324],[120.95209,24.75325],[120.95213,24.75326],[120.95223,24.75331],[120.95242,24.75341],[120.95259,24.75353],[120.95269,24.75367],[120.95282,24.75383],[120.95292,24.75392],[120.95305,24.75402],[120.95321,24.75411],[120.95344,24.75423],[120.9536,24.75434],[120.95371,24.75441],[120.95386,24.75452],[120.954,24.75467]],[[120.94722,24.74826],[120.94732,24.74818],[120.94745,24.74811],[120.94759,24.74807],[120.94773,24.74811],[120.94787,24.74821],[120.94804,24.74829],[120.94818,24.74835],[120.94834,24.74842],[120.94841,24.74849],[120.94845,24.74857],[120.94846,24.74862],[120.94841,24.74873],[120.94836,24.74879],[120.94836,24.74885],[120.94838,24.74892]]]}},{"type":"Feature","properties":{"name":"柯湳二街","base":"柯湳二街","section":null,"tier":"hard","length_m":1075,"district":"香山區"},"geometry":{"type":"MultiLineString","coordinates":[[[120.95462,24.75459],[120.95461,24.75448],[120.95462,24.75437],[120.95461,24.75431],[120.95456,24.75428],[120.95432,24.75418],[120.9541,24.75406],[120.95393,24.75394],[120.95381,24.75381],[120.95367,24.75359],[120.9535,24.75332],[120.95343,24.75318],[120.95337,24.75304],[120.95332,24.75289],[120.95329,24.75281],[120.95323,24.75272],[120.95314,24.75263],[120.95308,24.75259],[120.95296,24.75256],[120.95282,24.75254],[120.95274,24.75251],[120.95268,24.75242],[120.95265,24.75232],[120.95262,24.7522],[120.95258,24.75214],[120.95248,24.75204],[120.95237,24.75199],[120.9523,24.75191],[120.95225,24.75184],[120.95224,24.7518],[120.95225,24.75175],[120.9523,24.75169],[120.95238,24.75155],[120.95251,24.75135],[120.95274,24.75108],[120.95276,24.75104],[120.95277,24.75099],[120.95276,24.75093],[120.95269,24.75068],[120.95264,24.75066],[120.95251,24.7506],[120.9524,24.75055],[120.95229,24.75044],[120.95216,24.7503],[120.95198,24.75013],[120.95186,24.75003],[120.95177,24.74993],[120.95172,24.74986],[120.95164,24.74977],[120.95149,24.74971],[120.9512,24.74957],[120.95082,24.74937],[120.95062,24.74924],[120.95049,24.74915],[120.95036,24.74902],[120.95027,24.74894],[120.95012,24.74888],[120.94998,24.74879],[120.94984,24.74871],[120.94976,24.74868],[120.94963,24.74866],[120.94949,24.74866],[120.94934,24.74865],[120.94922,24.74865],[120.94906,24.74869],[120.94885,24.74874],[120.94871,24.74876],[120.94856,24.74875],[120.94841,24.74873]]]}},{"type":"Feature","properties":{"name":"柴橋路","base":"柴橋路","section":null,"tier":"medium","length_m":2022,"district":"香山區"},"geometry":{"type":"MultiLineString","coordinates":[[[120.95831,24.75981],[120.95849,24.75976]],[[120.95849,24.75976],[120.95881,24.75967],[120.95891,24.75966],[120.95903,24.75974],[120.95934,24.76005],[120.95939,24.7601],[120.95959,24.76032],[120.95974,24.76046],[120.9599,24.76052],[120.95992,24.76053],[120.96007,24.76056],[120.9609,24.76073],[120.96105,24.76081],[120.96133,24.76114],[120.96149,24.76135],[120.96163,24.76158],[120.96165,24.76179],[120.96159,24.76198],[120.96152,24.7622],[120.96152,24.7624],[120.96158,24.76256],[120.96169,24.76268],[120.96185,24.76279],[120.96216,24.76297],[120.96227,24.76311],[120.96234,24.76332],[120.96238,24.76352],[120.96247,24.76367],[120.96264,24.76377],[120.96287,24.76385],[120.96304,24.76395],[120.96316,24.76409],[120.96327,24.76431],[120.96345,24.76466],[120.96351,24.76477],[120.96362,24.76498],[120.9637,24.76516],[120.96372,24.76531],[120.96365,24.76549],[120.96355,24.76568],[120.96348,24.76593],[120.96345,24.76615],[120.96345,24.76647],[120.96344,24.76651],[120.96338,24.76682],[120.9633,24.76706],[120.96327,24.76723],[120.96326,24.76744],[120.96327,24.76774],[120.96329,24.76793]],[[120.96329,24.76793],[120.96338,24.76813],[120.96346,24.76825],[120.96362,24.76844],[120.96383,24.76866],[120.96409,24.76885],[120.96427,24.76898],[120.9645,24.7691],[120.96463,24.76913],[120.96489,24.76918],[120.96538,24.76924],[120.96546,24.76925],[120.96561,24.76927],[120.9662,24.76934],[120.96634,24.7694],[120.96644,24.76949],[120.96648,24.7696],[120.96644,24.76971],[120.96611,24.77005],[120.96606,24.77012],[120.96593,24.77029],[120.9658,24.77047],[120.96566,24.7707],[120.96563,24.7708],[120.96566,24.77101],[120.96576,24.77122],[120.9658,24.77139],[120.96581,24.77144],[120.96576,24.7717],[120.96576,24.77184],[120.9658,24.77202],[120.96619,24.77277]]]}},{"type":"Feature","properties":{"name":"柴橋路117巷","base":"柴橋路117巷","section":null,"tier":"hard","length_m":682,"lane":true,"district":"東區"},"geometry":{"type":"MultiLineString","coordinates":[[[120.96901,24.7637],[120.96896,24.7637],[120.96879,24.76381],[120.96821,24.7642],[120.96808,24.76426],[120.96793,24.76429],[120.96747,24.76435],[120.96737,24.76437],[120.96724,24.76441],[120.96698,24.76451],[120.96666,24.76489],[120.96649,24.76525],[120.96634,24.76541],[120.96632,24.76545],[120.96622,24.76558],[120.96585,24.76592],[120.96554,24.76615],[120.96542,24.76619],[120.96486,24.76608],[120.96478,24.76606],[120.96458,24.76588],[120.96436,24.76574],[120.96418,24.7657],[120.96368,24.76568],[120.96355,24.76568]]]}},{"type":"Feature","properties":{"name":"榮濱南路","base":"榮濱南路","section":null,"tier":"hard","length_m":918,"district":"北區"},"geometry":{"type":"MultiLineString","coordinates":[[[120.92732,24.83279],[120.92688,24.83302],[120.92619,24.83338],[120.92617,24.83348],[120.92652,24.8341],[120.92663,24.8343],[120.92697,24.83498],[120.92705,24.83515],[120.92741,24.83577],[120.92758,24.83607],[120.92797,24.83676],[120.928,24.83682],[120.92841,24.83755],[120.92871,24.83811],[120.9289,24.83845],[120.92909,24.8388],[120.92959,24.83972]]]}},{"type":"Feature","properties":{"name":"榮濱路","base":"榮濱路","section":null,"tier":"medium","length_m":753,"district":"北區"},"geometry":{"type":"MultiLineString","coordinates":[[[120.93273,24.84586],[120.93267,24.84575],[120.93219,24.84495],[120.93216,24.84489],[120.93207,24.84474],[120.93199,24.84461],[120.93181,24.8443],[120.93173,24.84417],[120.93148,24.84371],[120.93108,24.84292],[120.9308,24.84237],[120.93044,24.8415],[120.92992,24.84038],[120.92965,24.83983],[120.92959,24.83972]]]}},{"type":"Feature","properties":{"name":"樹下街（香山區2）","base":"樹下街（香山區2）","section":null,"tier":"hard","length_m":375,"district":"香山區"},"geometry":{"type":"MultiLineString","coordinates":[[[120.9332,24.79531],[120.9332,24.79537],[120.93321,24.79552],[120.93322,24.79556],[120.93327,24.79569],[120.93335,24.79598],[120.93335,24.79614],[120.93338,24.7963],[120.93365,24.79678],[120.93367,24.79683],[120.93365,24.79692],[120.93366,24.79698],[120.93379,24.79712],[120.93394,24.79726],[120.93418,24.79758],[120.9342,24.79763],[120.93424,24.79785],[120.93432,24.79803],[120.93435,24.79811],[120.93436,24.79817],[120.93437,24.79841]]]}},{"type":"Feature","properties":{"name":"樹下街（香山區）","base":"樹下街（香山區）","section":null,"tier":"hard","length_m":1145,"district":"香山區"},"geometry":{"type":"MultiLineString","coordinates":[[[120.93458,24.79945],[120.93456,24.79936],[120.93455,24.79926],[120.93453,24.79902],[120.93451,24.79881],[120.93452,24.79867],[120.9345,24.7984]],[[120.93458,24.79945],[120.93467,24.79967],[120.93508,24.79998],[120.93515,24.80004],[120.9355,24.80035]],[[120.92896,24.80273],[120.92925,24.80308],[120.92931,24.80313],[120.92938,24.80316],[120.92945,24.80318],[120.92986,24.80319],[120.92992,24.8032],[120.93008,24.80329],[120.93014,24.80331],[120.93019,24.80331],[120.93033,24.80331],[120.93046,24.80335],[120.93049,24.80337],[120.93053,24.80338],[120.9307,24.80342],[120.93086,24.80346],[120.93096,24.80349],[120.93114,24.8035],[120.93131,24.80351],[120.93146,24.80348],[120.93151,24.80347],[120.93193,24.80334],[120.93209,24.80331],[120.93226,24.80331],[120.93229,24.8033],[120.93231,24.80327],[120.93231,24.80315],[120.93234,24.80307],[120.93237,24.80305],[120.93243,24.80303],[120.9327,24.80301],[120.93286,24.80297],[120.93296,24.80295],[120.933,24.80294],[120.93316,24.80288],[120.93336,24.80278],[120.93374,24.80235],[120.93383,24.8022],[120.93388,24.80211],[120.93414,24.80179]],[[120.93414,24.80179],[120.93393,24.80149],[120.93391,24.80145],[120.93392,24.80142],[120.93394,24.80138],[120.9342,24.80123],[120.93425,24.80121],[120.93431,24.8012],[120.93436,24.80117],[120.93449,24.80108],[120.93468,24.80093],[120.93506,24.80066],[120.93517,24.80059],[120.9355,24.80035]]]}},{"type":"Feature","properties":{"name":"武昌街","base":"武昌街","section":null,"tier":"hard","length_m":272,"district":"東區"},"geometry":{"type":"MultiLineString","coordinates":[[[120.9667,24.80356],[120.96752,24.80249],[120.96768,24.80229],[120.96788,24.80203],[120.96791,24.802],[120.96824,24.80155]]]}},{"type":"Feature","properties":{"name":"武陵橋（北區2）","base":"武陵橋（北區2）","section":null,"tier":"medium","length_m":25,"district":"北區"},"geometry":{"type":"MultiLineString","coordinates":[[[120.96688,24.81915],[120.96681,24.81893]]]}},{"type":"Feature","properties":{"name":"武陵橋（北區）","base":"武陵橋（北區）","section":null,"tier":"medium","length_m":24,"district":"北區"},"geometry":{"type":"MultiLineString","coordinates":[[[120.96701,24.81887],[120.96708,24.81908]]]}},{"type":"Feature","properties":{"name":"武陵西一路","base":"武陵西一路","section":null,"tier":"hard","length_m":210,"district":"北區"},"geometry":{"type":"MultiLineString","coordinates":[[[120.96553,24.81876],[120.96455,24.81839],[120.96368,24.81806],[120.96361,24.81804]]]}},{"type":"Feature","properties":{"name":"武陵西三路","base":"武陵西三路","section":null,"tier":"hard","length_m":262,"district":"北區"},"geometry":{"type":"MultiLineString","coordinates":[[[120.96266,24.81899],[120.96271,24.81901],[120.96358,24.81934]],[[120.96358,24.81934],[120.9648,24.81977],[120.96491,24.82001]]]}},{"type":"Feature","properties":{"name":"武陵西二路","base":"武陵西二路","section":null,"tier":"hard","length_m":210,"district":"北區"},"geometry":{"type":"MultiLineString","coordinates":[[[120.96312,24.81853],[120.96318,24.81855],[120.96405,24.81887],[120.96485,24.81917],[120.96505,24.81924]]]}},{"type":"Feature","properties":{"name":"武陵西四路","base":"武陵西四路","section":null,"tier":"hard","length_m":175,"district":"北區"},"geometry":{"type":"MultiLineString","coordinates":[[[120.962,24.81961],[120.96206,24.81966],[120.9629,24.82036],[120.96259,24.82065],[120.96255,24.8207]]]}},{"type":"Feature","properties":{"name":"武陵路（北區2）","base":"武陵路（北區2）","section":null,"tier":"medium","length_m":1738,"district":"北區"},"geometry":{"type":"MultiLineString","coordinates":[[[120.96708,24.81908],[120.96717,24.81942],[120.96718,24.81945],[120.96725,24.8197],[120.96731,24.81982],[120.96741,24.81996],[120.968,24.82045],[120.96806,24.8205]],[[120.96795,24.82064],[120.96794,24.82064],[120.96787,24.82058],[120.96732,24.82012],[120.96722,24.82],[120.96714,24.81987],[120.96709,24.81975],[120.967,24.81953]],[[120.97138,24.82533],[120.97153,24.82577]],[[120.96806,24.8205],[120.9682,24.82062],[120.96872,24.82105],[120.96884,24.82116],[120.96906,24.82135],[120.9692,24.82148],[120.96931,24.82158],[120.96966,24.82188],[120.96968,24.8219],[120.96987,24.82206],[120.97004,24.82221],[120.97052,24.82263]],[[120.97095,24.82432],[120.97085,24.82402],[120.97082,24.82392],[120.97074,24.82371],[120.97065,24.82343],[120.97044,24.82294],[120.97038,24.82282],[120.97029,24.82274],[120.97027,24.82272]],[[120.96945,24.82198],[120.96885,24.82145],[120.96847,24.8211],[120.96806,24.82075],[120.96796,24.82065],[120.96795,24.82064]],[[120.97052,24.82263],[120.97054,24.82265],[120.97061,24.82274],[120.97069,24.82295],[120.97077,24.82315],[120.97084,24.82336],[120.97088,24.82348],[120.97092,24.8236],[120.97104,24.82397],[120.97112,24.82423]],[[120.97027,24.82272],[120.96995,24.82243],[120.96987,24.82236],[120.96979,24.82229],[120.96945,24.82198]],[[120.967,24.81953],[120.96699,24.81948],[120.96688,24.81915]],[[120.97112,24.82423],[120.9714,24.82506],[120.97133,24.82518]],[[120.97133,24.82518],[120.97119,24.8251],[120.97115,24.82498],[120.97095,24.82432]],[[120.97133,24.82518],[120.97138,24.82533]]]}},{"type":"Feature","properties":{"name":"武陵路（北區3）","base":"武陵路（北區3）","section":null,"tier":"medium","length_m":665,"district":"北區"},"geometry":{"type":"MultiLineString","coordinates":[[[120.96434,24.81721],[120.96445,24.8173],[120.96453,24.81737],[120.96521,24.81764],[120.96527,24.81767],[120.96626,24.81804],[120.9664,24.81812],[120.96655,24.81823],[120.96666,24.81832],[120.96676,24.81842],[120.96683,24.81851],[120.96692,24.81863],[120.96701,24.81887]],[[120.96201,24.81518],[120.96242,24.81548],[120.96326,24.81624],[120.96375,24.8167],[120.96414,24.81706],[120.96423,24.81714]],[[120.96423,24.81714],[120.96434,24.81721]]]}},{"type":"Feature","properties":{"name":"武陵路（北區）","base":"武陵路（北區）","section":null,"tier":"medium","length_m":653,"district":"北區"},"geometry":{"type":"MultiLineString","coordinates":[[[120.96404,24.81734],[120.96394,24.81725],[120.96355,24.81688],[120.96352,24.81686],[120.9634,24.81676],[120.96298,24.81641],[120.96251,24.81598]],[[120.96681,24.81893],[120.96673,24.81879],[120.96671,24.81875],[120.9666,24.8186],[120.96648,24.81848],[120.96639,24.8184],[120.96628,24.81832],[120.96618,24.81826],[120.96608,24.81821],[120.96599,24.81817],[120.96512,24.81784],[120.96506,24.81782],[120.96484,24.81774],[120.96447,24.81757],[120.96426,24.81748],[120.96413,24.81742]],[[120.96413,24.81742],[120.96404,24.81734]],[[120.96251,24.81598],[120.96212,24.81551],[120.96195,24.81527]]]}},{"type":"Feature","properties":{"name":"民主路","base":"民主路","section":null,"tier":"hard","length_m":845,"district":"東區"},"geometry":{"type":"MultiLineString","coordinates":[[[120.97689,24.81438],[120.97697,24.81426],[120.97708,24.81409],[120.97721,24.8139],[120.97741,24.81363],[120.97772,24.8132],[120.97799,24.81285],[120.97844,24.8123],[120.9785,24.81222],[120.97863,24.81205],[120.97928,24.81119],[120.97933,24.81113]],[[120.98152,24.80834],[120.98157,24.80825]],[[120.98035,24.80983],[120.98057,24.80955],[120.98129,24.80863],[120.98148,24.80838],[120.98152,24.80834]],[[120.97695,24.81451],[120.97689,24.81438]],[[120.97933,24.81113],[120.97936,24.81109],[120.97966,24.81071],[120.97987,24.81044],[120.97992,24.81037],[120.97997,24.81031],[120.98035,24.80983]]]}},{"type":"Feature","properties":{"name":"民享一街","base":"民享一街","section":null,"tier":"hard","length_m":465,"district":"東區"},"geometry":{"type":"MultiLineString","coordinates":[[[121.00927,24.78162],[121.00945,24.78209],[121.00959,24.78245],[121.00948,24.7827],[121.00933,24.78302],[121.00919,24.78331],[121.00904,24.7836],[121.0089,24.7839],[121.00875,24.78422],[121.00862,24.7845],[121.0085,24.78479],[121.00836,24.78513],[121.00819,24.7855]]]}},{"type":"Feature","properties":{"name":"民享一街24巷","base":"民享一街24巷","section":null,"tier":"hard","length_m":91,"lane":true,"district":"東區"},"geometry":{"type":"MultiLineString","coordinates":[[[121.00836,24.78299],[121.00919,24.78331]]]}},{"type":"Feature","properties":{"name":"民享一街26巷","base":"民享一街26巷","section":null,"tier":"hard","length_m":87,"lane":true,"district":"東區"},"geometry":{"type":"MultiLineString","coordinates":[[[121.00854,24.7827],[121.00933,24.78302]]]}},{"type":"Feature","properties":{"name":"民享街","base":"民享街","section":null,"tier":"hard","length_m":698,"district":"東區"},"geometry":{"type":"MultiLineString","coordinates":[[[121.00882,24.77999],[121.00905,24.78027],[121.00925,24.78053],[121.00936,24.78088]],[[121.00999,24.78248],[121.00983,24.78284],[121.00955,24.78345],[121.00928,24.78404],[121.00899,24.78464],[121.00888,24.78488]],[[121.00936,24.78088],[121.00947,24.78118],[121.00959,24.78149],[121.00973,24.78183],[121.00999,24.78248]],[[121.00888,24.78488],[121.00868,24.78524],[121.00841,24.78572]]]}},{"type":"Feature","properties":{"name":"民享街136巷","base":"民享街136巷","section":null,"tier":"hard","length_m":124,"lane":true,"district":"東區"},"geometry":{"type":"MultiLineString","coordinates":[[[121.00959,24.78149],[121.00927,24.78162],[121.00904,24.7817],[121.00862,24.78147],[121.0085,24.7814]]]}},{"type":"Feature","properties":{"name":"民享街146巷","base":"民享街146巷","section":null,"tier":"hard","length_m":92,"lane":true,"district":"東區"},"geometry":{"type":"MultiLineString","coordinates":[[[121.00947,24.78118],[121.00862,24.78147]]]}},{"type":"Feature","properties":{"name":"民富街","base":"民富街","section":null,"tier":"hard","length_m":1555,"district":"北區"},"geometry":{"type":"MultiLineString","coordinates":[[[120.95862,24.80623],[120.95916,24.80658],[120.95951,24.80681],[120.9596,24.80686],[120.9601,24.80718],[120.9603,24.80731],[120.96099,24.80775],[120.96111,24.80783],[120.96122,24.8079],[120.96173,24.80822],[120.96239,24.80865],[120.96275,24.80888],[120.96296,24.80901],[120.96307,24.80908],[120.96359,24.80941],[120.96365,24.80945],[120.96371,24.80949],[120.96415,24.80977],[120.96473,24.81014],[120.96514,24.81041],[120.96549,24.81063]],[[120.95607,24.80037],[120.9564,24.80074],[120.95673,24.80114],[120.95688,24.80153],[120.95709,24.80209],[120.95733,24.80276],[120.95752,24.80331],[120.95759,24.80349],[120.9578,24.80408],[120.95807,24.80481],[120.95862,24.80623]]]}},{"type":"Feature","properties":{"name":"民族路","base":"民族路","section":null,"tier":"medium","length_m":1563,"district":"東區"},"geometry":{"type":"MultiLineString","coordinates":[[[120.98035,24.80983],[120.97984,24.80951],[120.97936,24.80921],[120.97908,24.80903],[120.97883,24.80888],[120.97828,24.80855]],[[120.97213,24.80416],[120.97196,24.80352],[120.97184,24.80307],[120.97176,24.80274],[120.97174,24.80267]],[[120.97374,24.80571],[120.97369,24.80568],[120.97348,24.80555],[120.97291,24.80518],[120.97266,24.80501],[120.97231,24.80477],[120.97226,24.8046],[120.97213,24.80416]],[[120.97174,24.80267],[120.97168,24.8026],[120.97164,24.80258],[120.97158,24.80257],[120.97148,24.80257],[120.97142,24.80262]],[[120.97165,24.80223],[120.97171,24.80254],[120.97174,24.80267]],[[120.97828,24.80855],[120.9779,24.8083],[120.97743,24.80801],[120.977,24.80774],[120.97664,24.80752],[120.97588,24.80704]],[[120.97392,24.80583],[120.97374,24.80571]],[[120.97588,24.80704],[120.97563,24.80689],[120.97534,24.80671],[120.97511,24.80657],[120.97504,24.80652],[120.97459,24.80624],[120.97398,24.80587],[120.97392,24.80583]],[[120.98236,24.81109],[120.98226,24.81103],[120.98186,24.81079],[120.98135,24.81047],[120.98035,24.80983]]]}},{"type":"Feature","properties":{"name":"民有一街","base":"民有一街","section":null,"tier":"hard","length_m":177,"district":"東區"},"geometry":{"type":"MultiLineString","coordinates":[[[121.0116,24.7831],[121.01058,24.78271],[121.00999,24.78248]]]}},{"type":"Feature","properties":{"name":"民有二街","base":"民有二街","section":null,"tier":"hard","length_m":298,"district":"東區"},"geometry":{"type":"MultiLineString","coordinates":[[[121.01109,24.78032],[121.01074,24.78043],[121.0097,24.78077],[121.00936,24.78088]],[[121.00936,24.78088],[121.00877,24.78107],[121.00868,24.78113],[121.00857,24.78123],[121.00848,24.78132],[121.0085,24.7814]]]}},{"type":"Feature","properties":{"name":"民有二街10巷","base":"民有二街10巷","section":null,"tier":"hard","length_m":111,"lane":true,"district":"東區"},"geometry":{"type":"MultiLineString","coordinates":[[[121.0111,24.78137],[121.01098,24.78107],[121.01086,24.78075],[121.01074,24.78043]]]}},{"type":"Feature","properties":{"name":"民有二街10巷5弄","base":"民有二街10巷5弄","section":null,"tier":"hard","length_m":110,"lane":true,"district":"東區"},"geometry":{"type":"MultiLineString","coordinates":[[[121.00984,24.78109],[121.01086,24.78075]]]}},{"type":"Feature","properties":{"name":"民有二街10巷7弄","base":"民有二街10巷7弄","section":null,"tier":"hard","length_m":109,"lane":true,"district":"東區"},"geometry":{"type":"MultiLineString","coordinates":[[[121.00997,24.78142],[121.01098,24.78107]]]}},{"type":"Feature","properties":{"name":"民有二街42巷","base":"民有二街42巷","section":null,"tier":"hard","length_m":110,"lane":true,"district":"東區"},"geometry":{"type":"MultiLineString","coordinates":[[[121.0097,24.78077],[121.00984,24.78109],[121.00997,24.78142],[121.01008,24.7817]]]}},{"type":"Feature","properties":{"name":"民有街","base":"民有街","section":null,"tier":"hard","length_m":301,"district":"東區"},"geometry":{"type":"MultiLineString","coordinates":[[[121.0087,24.78241],[121.00912,24.78257],[121.00948,24.7827],[121.00983,24.78284],[121.01015,24.78297],[121.0109,24.78327],[121.01126,24.7834],[121.01144,24.78347]]]}},{"type":"Feature","properties":{"name":"民有街22巷","base":"民有街22巷","section":null,"tier":"hard","length_m":145,"lane":true,"district":"東區"},"geometry":{"type":"MultiLineString","coordinates":[[[121.01015,24.78297],[121.01,24.7833],[121.00988,24.78357],[121.00974,24.78385],[121.0096,24.78417]]]}},{"type":"Feature","properties":{"name":"民權橋","base":"民權橋","section":null,"tier":"hard","length_m":22,"district":"東區"},"geometry":{"type":"MultiLineString","coordinates":[[[120.97495,24.80824],[120.97482,24.8084]]]}},{"type":"Feature","properties":{"name":"民權路（東區2）","base":"民權路（東區2）","section":null,"tier":"hard","length_m":753,"district":"東區"},"geometry":{"type":"MultiLineString","coordinates":[[[120.97482,24.8084],[120.97479,24.80844],[120.97477,24.80846],[120.97446,24.80887]],[[120.97446,24.80887],[120.97392,24.80954],[120.97369,24.80984],[120.97354,24.81003],[120.97344,24.81015],[120.97341,24.8102],[120.97326,24.81038],[120.9731,24.81059],[120.97279,24.81097],[120.97275,24.81102],[120.97256,24.81127],[120.97248,24.81138],[120.97228,24.81164],[120.97189,24.81213]],[[120.97189,24.81213],[120.97169,24.81239],[120.97113,24.8131],[120.97097,24.81331],[120.97072,24.81364],[120.9708,24.81394],[120.97081,24.81397]]]}},{"type":"Feature","properties":{"name":"民權路（東區）","base":"民權路（東區）","section":null,"tier":"hard","length_m":383,"district":"東區"},"geometry":{"type":"MultiLineString","coordinates":[[[120.97718,24.80548],[120.97705,24.80553],[120.97702,24.80557],[120.97667,24.80604],[120.97622,24.80661],[120.97588,24.80704]],[[120.97588,24.80704],[120.97561,24.80739],[120.97545,24.80759],[120.97529,24.80779],[120.97521,24.8079],[120.97504,24.80812],[120.97502,24.80814],[120.975,24.80817],[120.97495,24.80824]]]}},{"type":"Feature","properties":{"name":"民治街","base":"民治街","section":null,"tier":"hard","length_m":316,"district":"東區"},"geometry":{"type":"MultiLineString","coordinates":[[[121.00799,24.78357],[121.0089,24.7839],[121.00928,24.78404],[121.0096,24.78417],[121.01,24.78432],[121.01035,24.78445],[121.01075,24.7846],[121.01089,24.78465]]]}},{"type":"Feature","properties":{"name":"民生路","base":"民生路","section":null,"tier":"medium","length_m":1055,"district":"東區"},"geometry":{"type":"MultiLineString","coordinates":[[[120.97953,24.80696],[120.97948,24.80704]],[[120.97828,24.80855],[120.97787,24.80908],[120.97782,24.80914],[120.97777,24.80919],[120.97763,24.80938],[120.9776,24.80942],[120.97758,24.80945],[120.97727,24.80983]],[[120.97432,24.81364],[120.97434,24.81376],[120.97433,24.8139],[120.97432,24.81413],[120.97427,24.81422]],[[120.97727,24.80983],[120.97688,24.81034],[120.97644,24.8109],[120.97629,24.8111],[120.97584,24.81168],[120.97566,24.8119],[120.97539,24.81224],[120.97511,24.8126],[120.97444,24.81348],[120.97432,24.81364]],[[120.97427,24.81422],[120.97426,24.81433]],[[120.97948,24.80704],[120.97944,24.80709],[120.97924,24.80732],[120.97909,24.8075],[120.9785,24.80827],[120.97828,24.80855]],[[120.97427,24.81422],[120.97423,24.81412],[120.97425,24.8139],[120.97426,24.81376],[120.97432,24.81364]]]}},{"type":"Feature","properties":{"name":"水仙路","base":"水仙路","section":null,"tier":"medium","length_m":178,"district":"東區"},"geometry":{"type":"MultiLineString","coordinates":[[[121.02644,24.75762],[121.02624,24.75767],[121.0261,24.75768],[121.02591,24.75765],[121.02561,24.7576],[121.02544,24.75755],[121.02533,24.75752],[121.0251,24.75738],[121.02481,24.75721]]]}},{"type":"Feature","properties":{"name":"水利大橋","base":"水利大橋","section":null,"tier":"medium","length_m":65,"district":"北區"},"geometry":{"type":"MultiLineString","coordinates":[[[120.98194,24.8308],[120.9822,24.83133]]]}},{"type":"Feature","properties":{"name":"水利路","base":"水利路","section":null,"tier":"hard","length_m":714,"district":"東區"},"geometry":{"type":"MultiLineString","coordinates":[[[121.00867,24.80696],[121.00851,24.80689],[121.00839,24.80682],[121.0083,24.80675],[121.00824,24.8067],[121.00818,24.80661],[121.00812,24.80652],[121.00784,24.80605],[121.00704,24.80517],[121.00696,24.80509],[121.00669,24.80465],[121.00637,24.80415],[121.00631,24.80406],[121.00605,24.80363],[121.00566,24.80299],[121.00546,24.80262],[121.00526,24.80235],[121.00504,24.80203],[121.00488,24.80187],[121.00471,24.80172]]]}},{"type":"Feature","properties":{"name":"水利路46巷","base":"水利路46巷","section":null,"tier":"hard","length_m":105,"lane":true,"district":"東區"},"geometry":{"type":"MultiLineString","coordinates":[[[121.01353,24.80069],[121.01373,24.80071],[121.0139,24.80081]],[[121.0139,24.80081],[121.01393,24.80093],[121.01369,24.80084],[121.01359,24.8008],[121.01353,24.80069]]]}},{"type":"Feature","properties":{"name":"水源橋","base":"水源橋","section":null,"tier":"hard","length_m":28,"district":"東區"},"geometry":{"type":"MultiLineString","coordinates":[[[120.99659,24.80618],[120.99678,24.80636]]]}},{"type":"Feature","properties":{"name":"水源街","base":"水源街","section":null,"tier":"hard","length_m":1197,"district":"東區"},"geometry":{"type":"MultiLineString","coordinates":[[[120.99393,24.80479],[120.99399,24.80487]],[[120.99393,24.80479],[120.99388,24.80469]],[[120.99405,24.80497],[120.99407,24.80501],[120.99415,24.80516],[120.99426,24.80534],[120.99435,24.80538],[120.99463,24.80554],[120.99471,24.80558],[120.99485,24.80569],[120.99497,24.80582],[120.9951,24.80594],[120.99517,24.80599],[120.99524,24.80602],[120.99535,24.80603],[120.99546,24.80601],[120.99598,24.80589],[120.99607,24.80588],[120.99616,24.80589],[120.9963,24.80593],[120.99639,24.80596],[120.99649,24.80606],[120.99659,24.80618]],[[120.99399,24.80487],[120.99405,24.80497]],[[120.99094,24.79973],[120.99091,24.79968],[120.99076,24.79946],[120.99075,24.79944],[120.99064,24.79926],[120.99061,24.79922],[120.9905,24.79904],[120.99037,24.79882],[120.99029,24.79868],[120.99016,24.79839],[120.98999,24.79815],[120.98994,24.79807]],[[120.99104,24.79981],[120.99099,24.79977],[120.99094,24.79973]],[[120.99301,24.80319],[120.99298,24.80315],[120.99218,24.80176],[120.9921,24.80161],[120.99206,24.80155]],[[120.99388,24.80469],[120.99386,24.80466],[120.99372,24.80441]],[[120.99147,24.80055],[120.99141,24.80044],[120.99138,24.80039],[120.9913,24.80025],[120.99107,24.79986],[120.99104,24.79981]],[[120.99206,24.80155],[120.99202,24.80149],[120.99183,24.80115],[120.9918,24.80111],[120.99171,24.80095],[120.99151,24.80062],[120.99147,24.80055]],[[120.99372,24.80441],[120.99338,24.80385],[120.99304,24.80325],[120.99301,24.80319]]]}},{"type":"Feature","properties":{"name":"水田街","base":"水田街","section":null,"tier":"medium","length_m":798,"district":"北區"},"geometry":{"type":"MultiLineString","coordinates":[[[120.96595,24.81296],[120.96593,24.81308],[120.96598,24.81331],[120.9661,24.81358],[120.96612,24.81362],[120.96646,24.81413],[120.96661,24.81434],[120.96672,24.81452],[120.96674,24.81455]],[[120.96521,24.81099],[120.96536,24.81146],[120.96545,24.81174],[120.96552,24.81189],[120.96553,24.81191],[120.96555,24.81197],[120.96576,24.81242],[120.96586,24.81262],[120.96589,24.81277],[120.96595,24.81296]],[[120.96691,24.81476],[120.96695,24.81479],[120.96757,24.81531],[120.96789,24.81557],[120.96799,24.81566],[120.96869,24.81624],[120.96874,24.81628],[120.9689,24.81641],[120.9691,24.81657],[120.96939,24.81682]],[[120.96674,24.81455],[120.96679,24.81461],[120.96685,24.81469],[120.96691,24.81476]]]}},{"type":"Feature","properties":{"name":"江山街","base":"江山街","section":null,"tier":"hard","length_m":157,"district":"北區"},"geometry":{"type":"MultiLineString","coordinates":[[[120.96362,24.80459],[120.96409,24.8049],[120.96423,24.80498],[120.9643,24.80503],[120.96442,24.80511],[120.96489,24.80541]]]}},{"type":"Feature","properties":{"name":"海口橋","base":"海口橋","section":null,"tier":"hard","length_m":22,"district":"香山區"},"geometry":{"type":"MultiLineString","coordinates":[[[120.92613,24.81493],[120.92613,24.81473]]]}},{"type":"Feature","properties":{"name":"海埔一街","base":"海埔一街","section":null,"tier":"hard","length_m":291,"district":"香山區"},"geometry":{"type":"MultiLineString","coordinates":[[[120.92838,24.81753],[120.92837,24.81715],[120.92837,24.81709],[120.92833,24.81662],[120.92829,24.81627],[120.92824,24.81577],[120.9282,24.81536],[120.92821,24.81514],[120.9282,24.81492]]]}},{"type":"Feature","properties":{"name":"海埔三街","base":"海埔三街","section":null,"tier":"hard","length_m":380,"district":"香山區"},"geometry":{"type":"MultiLineString","coordinates":[[[120.92737,24.81832],[120.92738,24.81755],[120.92738,24.81735],[120.92731,24.81716],[120.92722,24.8169],[120.92715,24.81662],[120.92716,24.81616],[120.92716,24.81578],[120.92716,24.81548],[120.92717,24.81493]]]}},{"type":"Feature","properties":{"name":"海埔二街","base":"海埔二街","section":null,"tier":"hard","length_m":365,"district":"香山區"},"geometry":{"type":"MultiLineString","coordinates":[[[120.92788,24.8182],[120.92785,24.81753],[120.92783,24.81721],[120.92776,24.81688],[120.92771,24.81661],[120.9277,24.81616],[120.9277,24.81578],[120.92768,24.81493]]]}},{"type":"Feature","properties":{"name":"海埔五街","base":"海埔五街","section":null,"tier":"hard","length_m":396,"district":"香山區"},"geometry":{"type":"MultiLineString","coordinates":[[[120.92685,24.81841],[120.9267,24.81808],[120.92658,24.81779],[120.92651,24.81753],[120.92649,24.81744],[120.92641,24.81711],[120.9264,24.81707],[120.92634,24.81673],[120.92632,24.81662],[120.92629,24.81633],[120.92623,24.81588],[120.9262,24.81569],[120.92615,24.81529],[120.92613,24.81493]]]}},{"type":"Feature","properties":{"name":"海埔路183巷","base":"海埔路183巷","section":null,"tier":"hard","length_m":1701,"lane":true,"district":"香山區"},"geometry":{"type":"MultiLineString","coordinates":[[[120.91822,24.82041],[120.91678,24.81585],[120.91541,24.8117],[120.9153,24.81137],[120.9151,24.81113],[120.91492,24.811],[120.9144,24.81081],[120.91435,24.81079]],[[120.91226,24.81013],[120.91166,24.80996],[120.91149,24.80992],[120.91142,24.8099],[120.91095,24.80978],[120.91076,24.80976],[120.91036,24.8098],[120.91002,24.80988],[120.9098,24.80996],[120.90954,24.81007]],[[120.90954,24.81007],[120.90948,24.81012],[120.90936,24.81023]],[[120.91435,24.81079],[120.91301,24.81037],[120.91226,24.81013]]]}},{"type":"Feature","properties":{"name":"海埔路310巷","base":"海埔路310巷","section":null,"tier":"hard","length_m":526,"lane":true,"district":"香山區"},"geometry":{"type":"MultiLineString","coordinates":[[[120.91958,24.82497],[120.91959,24.82492],[120.91957,24.82478],[120.91822,24.82041]]]}},{"type":"Feature","properties":{"name":"海埔路（香山區2）","base":"海埔路（香山區2）","section":null,"tier":"hard","length_m":1055,"district":"香山區"},"geometry":{"type":"MultiLineString","coordinates":[[[120.91898,24.82022],[120.9193,24.82013],[120.91979,24.82001],[120.92022,24.81989],[120.92057,24.81979],[120.92159,24.81952],[120.92254,24.81927],[120.92332,24.81907],[120.92409,24.81887],[120.92438,24.81881]],[[120.91885,24.82025],[120.91898,24.82022]],[[120.92737,24.81832],[120.92775,24.81823]],[[120.92775,24.81823],[120.92788,24.8182],[120.92841,24.81812],[120.929,24.81804]],[[120.92438,24.81881],[120.92449,24.8188],[120.92685,24.81841],[120.92694,24.81839],[120.92737,24.81832]]]}},{"type":"Feature","properties":{"name":"海埔路（香山區）","base":"海埔路（香山區）","section":null,"tier":"hard","length_m":816,"district":"香山區"},"geometry":{"type":"MultiLineString","coordinates":[[[120.91045,24.82244],[120.91048,24.82244],[120.91107,24.82228],[120.9114,24.8222],[120.91162,24.82214],[120.91202,24.82203],[120.91242,24.82193],[120.91299,24.82178],[120.91319,24.82173],[120.91393,24.82153],[120.91425,24.82145],[120.91447,24.82139],[120.9152,24.8212],[120.91565,24.82107],[120.91646,24.82087],[120.91666,24.82082],[120.91733,24.82065],[120.91766,24.82056],[120.91822,24.82041]]]}},{"type":"Feature","properties":{"name":"海山港一街","base":"海山港一街","section":null,"tier":"hard","length_m":227,"district":"香山區"},"geometry":{"type":"MultiLineString","coordinates":[[[120.90534,24.76363],[120.90526,24.76369],[120.90471,24.76408],[120.90409,24.76453],[120.90357,24.76489]]]}},{"type":"Feature","properties":{"name":"海山港七街","base":"海山港七街","section":null,"tier":"hard","length_m":188,"district":"香山區"},"geometry":{"type":"MultiLineString","coordinates":[[[120.90446,24.76214],[120.90371,24.7627],[120.90301,24.7632]]]}},{"type":"Feature","properties":{"name":"海山港三街","base":"海山港三街","section":null,"tier":"hard","length_m":171,"district":"香山區"},"geometry":{"type":"MultiLineString","coordinates":[[[120.90374,24.7641],[120.90437,24.76363],[120.90507,24.76315]]]}},{"type":"Feature","properties":{"name":"海山港九街","base":"海山港九街","section":null,"tier":"hard","length_m":68,"district":"香山區"},"geometry":{"type":"MultiLineString","coordinates":[[[120.90302,24.76425],[120.90355,24.76388]]]}},{"type":"Feature","properties":{"name":"海山港二路","base":"海山港二路","section":null,"tier":"hard","length_m":258,"district":"香山區"},"geometry":{"type":"MultiLineString","coordinates":[[[120.90412,24.76159],[120.90446,24.76214],[120.90474,24.76261],[120.90507,24.76315],[120.90528,24.76352],[120.90534,24.76363]]]}},{"type":"Feature","properties":{"name":"海山港五街","base":"海山港五街","section":null,"tier":"hard","length_m":181,"district":"香山區"},"geometry":{"type":"MultiLineString","coordinates":[[[120.90333,24.76362],[120.90401,24.76311],[120.90474,24.76261]]]}},{"type":"Feature","properties":{"name":"海山港八街","base":"海山港八街","section":null,"tier":"hard","length_m":184,"district":"香山區"},"geometry":{"type":"MultiLineString","coordinates":[[[120.90301,24.7632],[120.90333,24.76362],[120.90355,24.76388],[120.90374,24.7641],[120.90409,24.76453]]]}},{"type":"Feature","properties":{"name":"海山港六街","base":"海山港六街","section":null,"tier":"hard","length_m":184,"district":"香山區"},"geometry":{"type":"MultiLineString","coordinates":[[[120.90471,24.76408],[120.90437,24.76363],[120.90401,24.76311],[120.90371,24.7627]]]}},{"type":"Feature","properties":{"name":"海山港十街","base":"海山港十街","section":null,"tier":"hard","length_m":90,"district":"香山區"},"geometry":{"type":"MultiLineString","coordinates":[[[120.90357,24.76489],[120.90302,24.76425]]]}},{"type":"Feature","properties":{"name":"海山港橋","base":"海山港橋","section":null,"tier":"hard","length_m":60,"district":"香山區"},"geometry":{"type":"MultiLineString","coordinates":[[[120.90534,24.76363],[120.9057,24.76406]]]}},{"type":"Feature","properties":{"name":"海山港路","base":"海山港路","section":null,"tier":"hard","length_m":1540,"district":"香山區"},"geometry":{"type":"MultiLineString","coordinates":[[[120.90651,24.7636],[120.9067,24.76358],[120.90763,24.76335],[120.90765,24.76335],[120.90841,24.76315],[120.90852,24.76313],[120.90858,24.76311]],[[120.90874,24.76305],[120.9087,24.76313],[120.90864,24.76317]],[[120.91282,24.76209],[120.91272,24.76215],[120.91267,24.76217],[120.91258,24.76221],[120.91249,24.76225],[120.9124,24.76228],[120.9123,24.7623],[120.91222,24.76232],[120.91216,24.76233],[120.91207,24.76235],[120.91197,24.76236],[120.91163,24.76242],[120.9116,24.76242],[120.91056,24.76264],[120.90883,24.76301]],[[120.9057,24.76406],[120.90543,24.76425],[120.90498,24.76456],[120.90397,24.76525],[120.90153,24.76695]],[[120.9057,24.76406],[120.90587,24.76394],[120.90618,24.76373],[120.90628,24.76368],[120.90639,24.76363],[120.90651,24.7636]],[[120.90864,24.76317],[120.90857,24.76319],[120.90769,24.76344],[120.90764,24.76345],[120.9069,24.76362],[120.9067,24.76364],[120.90661,24.76364],[120.90651,24.7636]],[[120.90883,24.76301],[120.90874,24.76305]],[[120.91293,24.76206],[120.91282,24.76209]],[[120.90858,24.76311],[120.90865,24.76307],[120.90874,24.76305]]]}},{"type":"Feature","properties":{"name":"海山罟橋","base":"海山罟橋","section":null,"tier":"hard","length_m":20,"district":"香山區"},"geometry":{"type":"MultiLineString","coordinates":[[[120.90651,24.7636],[120.90642,24.76344]]]}},{"type":"Feature","properties":{"name":"海山街","base":"海山街","section":null,"tier":"hard","length_m":116,"district":"香山區"},"geometry":{"type":"MultiLineString","coordinates":[[[120.90762,24.76047],[120.90873,24.7602]]]}},{"type":"Feature","properties":{"name":"海水川橋（香山區2）","base":"海水川橋（香山區2）","section":null,"tier":"easy","length_m":30,"district":"香山區"},"geometry":{"type":"MultiLineString","coordinates":[[[120.9128,24.76182],[120.91293,24.76206]]]}},{"type":"Feature","properties":{"name":"海水川橋（香山區）","base":"海水川橋（香山區）","section":null,"tier":"easy","length_m":28,"district":"香山區"},"geometry":{"type":"MultiLineString","coordinates":[[[120.91282,24.76209],[120.91269,24.76187]]]}},{"type":"Feature","properties":{"name":"海濱路","base":"海濱路","section":null,"tier":"hard","length_m":2878,"district":"北區"},"geometry":{"type":"MultiLineString","coordinates":[[[120.92452,24.84164],[120.92332,24.8404],[120.92311,24.84014],[120.92276,24.83942],[120.92237,24.83863],[120.92233,24.83856],[120.92169,24.83728],[120.92066,24.83525],[120.92061,24.8351]],[[120.9275,24.84571],[120.92663,24.84446],[120.92605,24.8436],[120.92507,24.84235],[120.92476,24.84196],[120.92458,24.84173]],[[120.92061,24.8351],[120.92035,24.8351],[120.92025,24.83509],[120.92016,24.83507],[120.92006,24.83505],[120.91976,24.83489],[120.9197,24.83486],[120.91967,24.83485],[120.91905,24.83459],[120.91899,24.83456],[120.91883,24.83449],[120.9183,24.83422],[120.91777,24.83395],[120.91742,24.83377]],[[120.92061,24.8351],[120.92026,24.83425],[120.92024,24.8342],[120.91997,24.8331],[120.91985,24.83258],[120.91982,24.83248],[120.91979,24.83226],[120.91975,24.83201],[120.91968,24.83146],[120.91976,24.82982],[120.91976,24.82955],[120.91954,24.82795],[120.91942,24.82672],[120.91943,24.82646],[120.91949,24.82587],[120.91958,24.82497]],[[120.92458,24.84173],[120.92452,24.84164]]]}},{"type":"Feature","properties":{"name":"浸樹街","base":"浸樹街","section":null,"tier":"hard","length_m":348,"district":"香山區"},"geometry":{"type":"MultiLineString","coordinates":[[[120.92707,24.79901],[120.92719,24.79946],[120.92729,24.79986]],[[120.92729,24.79986],[120.92735,24.8004],[120.92748,24.80084],[120.92778,24.8018],[120.92776,24.80206]]]}},{"type":"Feature","properties":{"name":"浸水北街80巷（香山區2）","base":"浸水北街80巷（香山區2）","section":null,"tier":"hard","length_m":192,"lane":true,"district":"香山區"},"geometry":{"type":"MultiLineString","coordinates":[[[120.92434,24.80176],[120.92455,24.80205],[120.92475,24.80231],[120.92511,24.80278],[120.92517,24.8029]],[[120.92455,24.80205],[120.92447,24.80201],[120.92438,24.80201],[120.92427,24.80201],[120.92417,24.80204]]]}},{"type":"Feature","properties":{"name":"浸水北街80巷（香山區）","base":"浸水北街80巷（香山區）","section":null,"tier":"hard","length_m":49,"lane":true,"district":"香山區"},"geometry":{"type":"MultiLineString","coordinates":[[[120.92536,24.8037],[120.92543,24.80414]]]}},{"type":"Feature","properties":{"name":"浸水北街（香山區2）","base":"浸水北街（香山區2）","section":null,"tier":"hard","length_m":828,"district":"香山區"},"geometry":{"type":"MultiLineString","coordinates":[[[120.91832,24.80536],[120.91791,24.80481],[120.91782,24.80461],[120.91777,24.80437],[120.91775,24.80367],[120.91773,24.80351],[120.91752,24.80291],[120.91729,24.8023],[120.91723,24.80209]],[[120.91723,24.80209],[120.91729,24.80208],[120.91748,24.802],[120.9177,24.8019],[120.91796,24.80175],[120.91821,24.80156],[120.91846,24.80144],[120.91871,24.80135],[120.91897,24.80128],[120.91919,24.80125],[120.91971,24.80124]],[[120.92039,24.80147],[120.92024,24.80135],[120.91996,24.80126],[120.91971,24.80124]],[[120.91971,24.80124],[120.91985,24.80118],[120.92029,24.80086],[120.92038,24.80071]]]}},{"type":"Feature","properties":{"name":"浸水北街（香山區）","base":"浸水北街（香山區）","section":null,"tier":"hard","length_m":750,"district":"香山區"},"geometry":{"type":"MultiLineString","coordinates":[[[120.92452,24.7995],[120.92454,24.79983],[120.92455,24.80007],[120.92456,24.80032],[120.92463,24.80056],[120.9247,24.80083],[120.92467,24.80099],[120.92462,24.80114],[120.9246,24.80123],[120.92436,24.80171],[120.92434,24.80176]],[[120.92434,24.80176],[120.92419,24.80201],[120.92417,24.80204],[120.92413,24.8021],[120.92382,24.80247],[120.92343,24.80277],[120.92285,24.8031],[120.9224,24.80331],[120.92205,24.80338],[120.92149,24.8035],[120.9213,24.8036],[120.92098,24.80377],[120.9207,24.80396],[120.92058,24.80413],[120.92056,24.80423]]]}},{"type":"Feature","properties":{"name":"浸水南街","base":"浸水南街","section":null,"tier":"hard","length_m":544,"district":"香山區"},"geometry":{"type":"MultiLineString","coordinates":[[[120.92488,24.79525],[120.92534,24.79583]],[[120.92452,24.7995],[120.9245,24.79942],[120.92446,24.79915],[120.92443,24.79897],[120.92437,24.7987],[120.92433,24.79857],[120.92421,24.79827],[120.92413,24.79806],[120.92403,24.7978],[120.92402,24.79763],[120.92403,24.79743],[120.92407,24.79727],[120.92426,24.79696],[120.92432,24.79684],[120.92436,24.79676],[120.92441,24.79669],[120.92483,24.7964],[120.92488,24.79636],[120.925,24.79624],[120.92511,24.79612],[120.92513,24.79609],[120.92524,24.79592],[120.92534,24.79583]]]}},{"type":"Feature","properties":{"name":"浸水橋（香山區2）","base":"浸水橋（香山區2）","section":null,"tier":"easy","length_m":538,"district":"香山區"},"geometry":{"type":"MultiLineString","coordinates":[[[120.92055,24.80188],[120.92047,24.80229],[120.92036,24.80268],[120.92025,24.80309],[120.92002,24.80361],[120.91948,24.80471],[120.91857,24.80635]]]}},{"type":"Feature","properties":{"name":"浸水橋（香山區3）","base":"浸水橋（香山區3）","section":null,"tier":"easy","length_m":531,"district":"香山區"},"geometry":{"type":"MultiLineString","coordinates":[[[120.92065,24.80189],[120.92047,24.80271],[120.92035,24.80312],[120.91869,24.8063]]]}},{"type":"Feature","properties":{"name":"浸水橋（香山區4）","base":"浸水橋（香山區4）","section":null,"tier":"easy","length_m":553,"district":"香山區"},"geometry":{"type":"MultiLineString","coordinates":[[[120.91831,24.80643],[120.91923,24.80474],[120.91974,24.80376],[120.91984,24.80355],[120.92008,24.80302],[120.92023,24.80261],[120.92031,24.80221],[120.92037,24.80185]]]}},{"type":"Feature","properties":{"name":"浸水橋（香山區）","base":"浸水橋（香山區）","section":null,"tier":"easy","length_m":546,"district":"香山區"},"geometry":{"type":"MultiLineString","coordinates":[[[120.9184,24.8064],[120.91931,24.80474],[120.91994,24.80357],[120.92016,24.80306],[120.92029,24.80264],[120.92038,24.80225],[120.92045,24.80188]]]}},{"type":"Feature","properties":{"name":"浸水街","base":"浸水街","section":null,"tier":"hard","length_m":1468,"district":"香山區"},"geometry":{"type":"MultiLineString","coordinates":[[[120.93775,24.79645],[120.93727,24.79693],[120.93709,24.79714],[120.93693,24.79737],[120.93674,24.7977],[120.9367,24.79781],[120.93668,24.79785],[120.93658,24.79809],[120.93656,24.79813],[120.93652,24.79818],[120.93648,24.7982],[120.93629,24.79834],[120.93599,24.79854],[120.93587,24.79853],[120.93555,24.79842],[120.93541,24.79839],[120.93517,24.79836],[120.93506,24.79837],[120.9345,24.7984]],[[120.9345,24.7984],[120.93437,24.79841],[120.93383,24.79844],[120.93355,24.79846],[120.93323,24.79848]],[[120.92707,24.79901],[120.92635,24.79914],[120.9255,24.7993]],[[120.93323,24.79848],[120.93209,24.79853],[120.93147,24.79857],[120.93109,24.7986],[120.93085,24.79861],[120.93025,24.79865],[120.93004,24.79868],[120.92977,24.79871],[120.92905,24.79878],[120.92757,24.79895],[120.92707,24.79901]],[[120.9255,24.7993],[120.92505,24.79939],[120.92452,24.7995]]]}},{"type":"Feature","properties":{"name":"浸水街406巷","base":"浸水街406巷","section":null,"tier":"hard","length_m":144,"lane":true,"district":"香山區"},"geometry":{"type":"MultiLineString","coordinates":[[[120.92776,24.80206],[120.92823,24.8023],[120.92872,24.80251],[120.92891,24.80267],[120.92896,24.80273]]]}},{"type":"Feature","properties":{"name":"深井一路","base":"深井一路","section":null,"tier":"medium","length_m":2323,"district":"香山區"},"geometry":{"type":"MultiLineString","coordinates":[[[120.93546,24.71269],[120.93616,24.71198],[120.93625,24.71184],[120.93667,24.7112],[120.93731,24.71072],[120.93814,24.70991],[120.93816,24.70989],[120.9388,24.70932],[120.93888,24.70926],[120.93939,24.70908],[120.94025,24.70888],[120.94043,24.70884],[120.94059,24.70877],[120.9415,24.70806],[120.94192,24.70783],[120.94242,24.70769],[120.94265,24.70768],[120.94329,24.70775],[120.94453,24.70787],[120.94482,24.708],[120.94529,24.70833],[120.94537,24.70854],[120.94534,24.70909],[120.94545,24.7095],[120.94563,24.70982],[120.94571,24.70989],[120.94583,24.70991],[120.94616,24.70984],[120.9464,24.70981],[120.94665,24.70988],[120.94688,24.71],[120.9471,24.71021],[120.94727,24.71037],[120.9475,24.71046],[120.94779,24.71051],[120.94802,24.7106],[120.94822,24.71073],[120.94833,24.71084],[120.9484,24.71099],[120.94848,24.71113],[120.94859,24.71123],[120.94884,24.71135],[120.94911,24.71144],[120.9493,24.71147],[120.94948,24.71154],[120.94995,24.71174],[120.95031,24.71194],[120.95053,24.7121],[120.95071,24.7123],[120.95082,24.71255],[120.95087,24.7128],[120.95085,24.71305],[120.95081,24.71332],[120.9507,24.714],[120.95068,24.71413],[120.9506,24.71427],[120.9505,24.71439],[120.95042,24.71451],[120.9504,24.71466],[120.95041,24.71482],[120.95044,24.71494]]]}},{"type":"Feature","properties":{"name":"深井路","base":"深井路","section":null,"tier":"medium","length_m":1045,"district":"香山區"},"geometry":{"type":"MultiLineString","coordinates":[[[120.93546,24.71269],[120.93551,24.71278],[120.93555,24.71288],[120.9356,24.71295],[120.93565,24.71308],[120.93573,24.71322],[120.93591,24.71357],[120.93598,24.71375],[120.93602,24.7139],[120.93605,24.71397],[120.93606,24.71406],[120.93607,24.7142],[120.93606,24.7144],[120.93605,24.71457],[120.93608,24.71466],[120.93615,24.71474],[120.93625,24.7148],[120.93636,24.71484],[120.93649,24.71491],[120.93668,24.71509],[120.93677,24.71518],[120.9372,24.71556],[120.93756,24.71591],[120.93765,24.71603],[120.93808,24.71643],[120.93826,24.71652],[120.93846,24.71661],[120.93853,24.71669],[120.93855,24.71676],[120.9385,24.71699],[120.93841,24.71733],[120.93834,24.7175],[120.93827,24.71768],[120.93809,24.71803],[120.93805,24.71815],[120.93804,24.71823],[120.93805,24.71831],[120.93808,24.71839],[120.93813,24.71846],[120.93818,24.71853],[120.93824,24.7186],[120.93831,24.71866],[120.93859,24.71901],[120.93862,24.71908],[120.93863,24.71916],[120.93862,24.71925],[120.93855,24.71941],[120.93848,24.71964],[120.93848,24.71972],[120.93848,24.7198],[120.9385,24.71988],[120.93853,24.71995],[120.93857,24.72002],[120.93862,24.72009],[120.93884,24.72042],[120.93897,24.72055]]]}},{"type":"Feature","properties":{"name":"清碑橋","base":"清碑橋","section":null,"tier":"hard","length_m":37,"district":"香山區"},"geometry":{"type":"MultiLineString","coordinates":[[[120.92473,24.79495],[120.92488,24.79525]]]}},{"type":"Feature","properties":{"name":"港北一街","base":"港北一街","section":null,"tier":"hard","length_m":202,"district":"北區"},"geometry":{"type":"MultiLineString","coordinates":[[[120.92778,24.83189],[120.92746,24.83106],[120.92737,24.83062],[120.9274,24.83013]]]}},{"type":"Feature","properties":{"name":"港北三街","base":"港北三街","section":null,"tier":"hard","length_m":180,"district":"北區"},"geometry":{"type":"MultiLineString","coordinates":[[[120.92842,24.83172],[120.92831,24.8314],[120.92812,24.83086],[120.92802,24.83049],[120.92792,24.83017]]]}},{"type":"Feature","properties":{"name":"港北二街","base":"港北二街","section":null,"tier":"hard","length_m":131,"district":"北區"},"geometry":{"type":"MultiLineString","coordinates":[[[120.92778,24.83189],[120.92824,24.83177],[120.92842,24.83172],[120.92902,24.83155]]]}},{"type":"Feature","properties":{"name":"港北八街","base":"港北八街","section":null,"tier":"hard","length_m":125,"district":"北區"},"geometry":{"type":"MultiLineString","coordinates":[[[120.92668,24.8301],[120.9274,24.83013],[120.92792,24.83017]]]}},{"type":"Feature","properties":{"name":"港北六街","base":"港北六街","section":null,"tier":"hard","length_m":143,"district":"北區"},"geometry":{"type":"MultiLineString","coordinates":[[[120.92675,24.83117],[120.92746,24.83106],[120.92772,24.83098],[120.92778,24.83096],[120.92812,24.83086]]]}},{"type":"Feature","properties":{"name":"港北橋（北區）","base":"港北橋（北區）","section":null,"tier":"easy","length_m":26,"district":"北區"},"geometry":{"type":"MultiLineString","coordinates":[[[120.92735,24.82523],[120.92736,24.82546]]]}},{"type":"Feature","properties":{"name":"港北橋（香山區）","base":"港北橋（香山區）","section":null,"tier":"easy","length_m":26,"district":"香山區"},"geometry":{"type":"MultiLineString","coordinates":[[[120.92724,24.82549],[120.92723,24.8254],[120.92723,24.82526]]]}},{"type":"Feature","properties":{"name":"港北路","base":"港北路","section":null,"tier":"hard","length_m":203,"district":"北區"},"geometry":{"type":"MultiLineString","coordinates":[[[120.92918,24.83212],[120.92841,24.83234],[120.92814,24.8324],[120.92771,24.83259],[120.92743,24.83275],[120.92732,24.83279]]]}},{"type":"Feature","properties":{"name":"港南一街","base":"港南一街","section":null,"tier":"hard","length_m":520,"district":"香山區"},"geometry":{"type":"MultiLineString","coordinates":[[[120.92888,24.81492],[120.9282,24.81492],[120.92768,24.81493],[120.92717,24.81493],[120.92666,24.81492],[120.92613,24.81493],[120.92418,24.81494],[120.92394,24.81492],[120.92373,24.8149]]]}},{"type":"Feature","properties":{"name":"港南三街","base":"港南三街","section":null,"tier":"hard","length_m":268,"district":"香山區"},"geometry":{"type":"MultiLineString","coordinates":[[[120.92898,24.81661],[120.92833,24.81662],[120.92803,24.81662],[120.92771,24.81661],[120.92715,24.81662],[120.92688,24.81662],[120.92634,24.81673]]]}},{"type":"Feature","properties":{"name":"港南二街","base":"港南二街","section":null,"tier":"hard","length_m":272,"district":"香山區"},"geometry":{"type":"MultiLineString","coordinates":[[[120.92892,24.81582],[120.92861,24.8158],[120.92824,24.81577],[120.9277,24.81578],[120.92716,24.81578],[120.92681,24.81581],[120.92623,24.81588]]]}},{"type":"Feature","properties":{"name":"港南五街","base":"港南五街","section":null,"tier":"hard","length_m":252,"district":"香山區"},"geometry":{"type":"MultiLineString","coordinates":[[[120.92903,24.81755],[120.92838,24.81753],[120.92785,24.81753],[120.92738,24.81755],[120.92722,24.81756],[120.92707,24.8176],[120.92682,24.8177],[120.92658,24.81779]]]}},{"type":"Feature","properties":{"name":"港南橋","base":"港南橋","section":null,"tier":"medium","length_m":20,"district":"香山區"},"geometry":{"type":"MultiLineString","coordinates":[[[120.92887,24.81474],[120.92888,24.81492]]]}},{"type":"Feature","properties":{"name":"港清一街","base":"港清一街","section":null,"tier":"hard","length_m":125,"district":"北區"},"geometry":{"type":"MultiLineString","coordinates":[[[120.92856,24.82843],[120.92875,24.82904],[120.9288,24.82918],[120.92876,24.82931],[120.92882,24.82951]]]}},{"type":"Feature","properties":{"name":"港清三街","base":"港清三街","section":null,"tier":"hard","length_m":137,"district":"北區"},"geometry":{"type":"MultiLineString","coordinates":[[[120.92967,24.82876],[120.92997,24.82996]]]}},{"type":"Feature","properties":{"name":"港清二街","base":"港清二街","section":null,"tier":"hard","length_m":169,"district":"北區"},"geometry":{"type":"MultiLineString","coordinates":[[[120.92915,24.82861],[120.92938,24.82956],[120.92956,24.83008]]]}},{"type":"Feature","properties":{"name":"港清街","base":"港清街","section":null,"tier":"hard","length_m":485,"district":"北區"},"geometry":{"type":"MultiLineString","coordinates":[[[120.92836,24.82851],[120.92856,24.82843],[120.92915,24.82861],[120.92967,24.82876],[120.93021,24.82893],[120.93037,24.82982],[120.92997,24.82996],[120.92956,24.83008],[120.92925,24.83018],[120.92861,24.83036]]]}},{"type":"Feature","properties":{"name":"湖濱一路","base":"湖濱一路","section":null,"tier":"hard","length_m":354,"district":"東區"},"geometry":{"type":"MultiLineString","coordinates":[[[121.01184,24.77762],[121.01192,24.77817],[121.01195,24.77822],[121.01199,24.77824],[121.01208,24.77824],[121.0122,24.77823],[121.01361,24.77809],[121.0138,24.77807],[121.01397,24.77805],[121.01406,24.77801],[121.0141,24.77798],[121.0141,24.7779],[121.01404,24.7774]]]}},{"type":"Feature","properties":{"name":"湖濱三路","base":"湖濱三路","section":null,"tier":"hard","length_m":439,"district":"東區"},"geometry":{"type":"MultiLineString","coordinates":[[[121.01096,24.77704],[121.01218,24.77693],[121.0125,24.7769],[121.01464,24.7767]],[[121.01464,24.7767],[121.01514,24.77666],[121.01529,24.77664]]]}},{"type":"Feature","properties":{"name":"湖濱二路","base":"湖濱二路","section":null,"tier":"hard","length_m":409,"district":"東區"},"geometry":{"type":"MultiLineString","coordinates":[[[121.01404,24.7774],[121.01257,24.77755],[121.01184,24.77762],[121.01095,24.77767]],[[121.01497,24.77727],[121.01489,24.77729],[121.01478,24.77732]],[[121.01478,24.77732],[121.01404,24.7774]]]}},{"type":"Feature","properties":{"name":"湳中街","base":"湳中街","section":null,"tier":"hard","length_m":416,"district":"北區"},"geometry":{"type":"MultiLineString","coordinates":[[[120.96709,24.81948],[120.96718,24.81945]],[[120.96709,24.81948],[120.967,24.81953]],[[120.967,24.81953],[120.96697,24.81955],[120.96644,24.82],[120.96603,24.82035],[120.96561,24.82069],[120.9652,24.82104],[120.9648,24.82137],[120.96425,24.82184],[120.96421,24.82187],[120.96412,24.82194]]]}},{"type":"Feature","properties":{"name":"湳雅橋（北區2）","base":"湳雅橋（北區2）","section":null,"tier":"hard","length_m":22,"district":"北區"},"geometry":{"type":"MultiLineString","coordinates":[[[120.97872,24.82422],[120.97864,24.82404]]]}},{"type":"Feature","properties":{"name":"湳雅橋（北區）","base":"湳雅橋（北區）","section":null,"tier":"medium","length_m":17,"district":"北區"},"geometry":{"type":"MultiLineString","coordinates":[[[120.96952,24.81692],[120.96939,24.81682]]]}},{"type":"Feature","properties":{"name":"湳雅橋（東區）","base":"湳雅橋（東區）","section":null,"tier":"hard","length_m":24,"district":"東區"},"geometry":{"type":"MultiLineString","coordinates":[[[120.97875,24.82399],[120.97883,24.82416],[120.97884,24.82419]]]}},{"type":"Feature","properties":{"name":"湳雅街（北區2）","base":"湳雅街（北區2）","section":null,"tier":"medium","length_m":1104,"district":"北區"},"geometry":{"type":"MultiLineString","coordinates":[[[120.97777,24.82339],[120.97731,24.82318],[120.97703,24.82306],[120.97694,24.82301],[120.97688,24.82297],[120.97674,24.82285],[120.97645,24.82262],[120.97583,24.82211],[120.97542,24.82178]],[[120.97068,24.81789],[120.97062,24.81784],[120.9699,24.81723]],[[120.97542,24.82178],[120.97525,24.82164],[120.97504,24.82147],[120.97451,24.82104],[120.97412,24.82072],[120.97406,24.82067],[120.97389,24.82052],[120.97386,24.8205],[120.97363,24.82032],[120.97357,24.82027],[120.97316,24.81993],[120.97282,24.81965],[120.9727,24.81955],[120.9724,24.81931],[120.97191,24.81891],[120.97189,24.81889],[120.97172,24.81875],[120.97142,24.8185]],[[120.9699,24.81723],[120.96975,24.81711],[120.96952,24.81692]],[[120.97142,24.8185],[120.97091,24.81808],[120.97075,24.81795],[120.97068,24.81789]]]}},{"type":"Feature","properties":{"name":"湳雅街（北區3）","base":"湳雅街（北區3）","section":null,"tier":"hard","length_m":745,"district":"北區"},"geometry":{"type":"MultiLineString","coordinates":[[[120.98194,24.8308],[120.98185,24.83075],[120.98166,24.83036]],[[120.98175,24.83034],[120.98186,24.83056],[120.98194,24.83071],[120.98194,24.8308]],[[120.98166,24.83036],[120.9816,24.83034],[120.98105,24.82919],[120.98101,24.82882]],[[120.98101,24.82882],[120.9811,24.82891],[120.98127,24.82908],[120.98161,24.82983],[120.98171,24.83005],[120.9818,24.83027],[120.98175,24.83034]],[[120.98002,24.82673],[120.98088,24.82856],[120.98101,24.82882]]]}},{"type":"Feature","properties":{"name":"湳雅街（北區）","base":"湳雅街（北區）","section":null,"tier":"hard","length_m":281,"district":"北區"},"geometry":{"type":"MultiLineString","coordinates":[[[120.97858,24.8238],[120.97848,24.82369],[120.97836,24.82362],[120.97812,24.82352]],[[120.97812,24.82352],[120.97832,24.82355],[120.97852,24.82365]],[[120.97845,24.82377],[120.97842,24.82373],[120.9782,24.82361],[120.97812,24.82352]],[[120.97812,24.82352],[120.97793,24.82345]],[[120.97859,24.82393],[120.97845,24.82377]],[[120.9787,24.8239],[120.97875,24.82399]],[[120.97852,24.82365],[120.9787,24.8239]],[[120.97864,24.82404],[120.9786,24.82396],[120.97859,24.82393]],[[120.97864,24.82393],[120.97858,24.8238]],[[120.97858,24.8238],[120.97876,24.82386]]]}},{"type":"Feature","properties":{"name":"湳雅街（東區）","base":"湳雅街（東區）","section":null,"tier":"hard","length_m":25,"district":"東區"},"geometry":{"type":"MultiLineString","coordinates":[[[120.97896,24.82416],[120.97884,24.82419],[120.97872,24.82422]]]}},{"type":"Feature","properties":{"name":"溪埔橋（東區2）","base":"溪埔橋（東區2）","section":null,"tier":"medium","length_m":43,"district":"東區"},"geometry":{"type":"MultiLineString","coordinates":[[[120.99102,24.81387],[120.99068,24.81363]]]}},{"type":"Feature","properties":{"name":"溪埔橋（東區）","base":"溪埔橋（東區）","section":null,"tier":"medium","length_m":44,"district":"東區"},"geometry":{"type":"MultiLineString","coordinates":[[[120.99072,24.81357],[120.99106,24.81382]]]}},{"type":"Feature","properties":{"name":"溪埔路","base":"溪埔路","section":null,"tier":"medium","length_m":1390,"district":"東區"},"geometry":{"type":"MultiLineString","coordinates":[[[120.9928,24.82042],[120.99308,24.82028],[120.99321,24.8202],[120.99324,24.82012],[120.99323,24.82005],[120.99314,24.81989],[120.99233,24.81868],[120.99222,24.81841]],[[120.99341,24.82003],[120.99334,24.82024]],[[120.99341,24.82003],[120.99351,24.82011],[120.99367,24.82013]],[[120.99222,24.81841],[120.99206,24.81821],[120.99183,24.81798],[120.99155,24.81777],[120.99127,24.8176],[120.99101,24.81748],[120.99073,24.81739],[120.99036,24.81732],[120.98999,24.81729],[120.9896,24.81726],[120.98906,24.81725],[120.98852,24.81722],[120.98779,24.81719],[120.98745,24.81718],[120.98686,24.81717],[120.98628,24.81714],[120.98571,24.81708],[120.98518,24.81696],[120.9847,24.8168],[120.98447,24.81673],[120.98436,24.81668]],[[120.99222,24.81841],[120.99227,24.81844],[120.99245,24.81864],[120.99341,24.82003]]]}},{"type":"Feature","properties":{"name":"溪州路","base":"溪州路","section":null,"tier":"hard","length_m":666,"district":"東區"},"geometry":{"type":"MultiLineString","coordinates":[[[120.99822,24.80757],[120.9982,24.8076],[120.99818,24.80763],[120.99812,24.80768],[120.99802,24.80779],[120.99776,24.80802],[120.99764,24.80812],[120.99749,24.8082],[120.99691,24.80842],[120.99686,24.80845],[120.99684,24.80851],[120.99685,24.80862],[120.99684,24.80866],[120.99682,24.8087],[120.99669,24.80883],[120.99667,24.80886],[120.99666,24.80889],[120.99666,24.80892],[120.99667,24.80896],[120.99675,24.80909],[120.99677,24.80916],[120.99678,24.80919],[120.99678,24.80921],[120.99677,24.80925],[120.9967,24.80935],[120.99664,24.80943],[120.9966,24.8096],[120.99656,24.80975],[120.99655,24.80977],[120.99653,24.80979],[120.99637,24.80988],[120.9963,24.80991],[120.99624,24.80996],[120.99619,24.81002],[120.99611,24.81014],[120.9961,24.81017],[120.99609,24.8102],[120.9961,24.81024],[120.99611,24.8103],[120.99611,24.81037],[120.9961,24.81043],[120.99608,24.8105],[120.99605,24.81056],[120.99596,24.81072],[120.99583,24.81092],[120.99582,24.81098],[120.99573,24.81169],[120.9957,24.8119],[120.99569,24.81196],[120.99568,24.81199],[120.9955,24.81247]]]}},{"type":"Feature","properties":{"name":"溪濱橋（東區2）","base":"溪濱橋（東區2）","section":null,"tier":"medium","length_m":593,"district":"東區"},"geometry":{"type":"MultiLineString","coordinates":[[[120.96551,24.78201],[120.96547,24.78217],[120.96531,24.78244],[120.96506,24.7827],[120.96177,24.78464],[120.9614,24.78485],[120.96112,24.78499],[120.96085,24.78509]]]}},{"type":"Feature","properties":{"name":"溪濱橋（東區）","base":"溪濱橋（東區）","section":null,"tier":"medium","length_m":581,"district":"東區"},"geometry":{"type":"MultiLineString","coordinates":[[[120.96082,24.78502],[120.96112,24.7849],[120.96141,24.78476],[120.96376,24.78338],[120.96499,24.78263],[120.96524,24.78238],[120.96536,24.78213],[120.9654,24.782]]]}},{"type":"Feature","properties":{"name":"演藝路","base":"演藝路","section":null,"tier":"hard","length_m":367,"district":"北區"},"geometry":{"type":"MultiLineString","coordinates":[[[120.96824,24.80985],[120.96793,24.81032],[120.96791,24.81035],[120.9678,24.81056],[120.9677,24.81081],[120.96763,24.81096],[120.9676,24.8111],[120.96757,24.8113],[120.96757,24.81139],[120.96757,24.81145],[120.9676,24.81176],[120.96772,24.81231],[120.96807,24.81285],[120.9681,24.81291]]]}},{"type":"Feature","properties":{"name":"澤藩路","base":"澤藩路","section":null,"tier":"hard","length_m":1122,"district":"東區"},"geometry":{"type":"MultiLineString","coordinates":[[[120.96679,24.76656],[120.96803,24.76647]],[[120.96677,24.76614],[120.968,24.76606]],[[120.96672,24.76572],[120.96797,24.76564]],[[120.96697,24.76488],[120.9679,24.76481]],[[120.96695,24.76683],[120.96698,24.76688],[120.96713,24.76696],[120.96755,24.76712]],[[120.96789,24.76462],[120.96708,24.76471],[120.96697,24.76488],[120.96682,24.76511],[120.96681,24.76513],[120.96672,24.76532],[120.9667,24.76537],[120.9667,24.76555],[120.96672,24.76572],[120.96673,24.76579],[120.96675,24.76597],[120.96675,24.76599],[120.96677,24.76614],[120.96678,24.76636],[120.96679,24.76642],[120.96679,24.76656],[120.96677,24.76684],[120.96695,24.76683],[120.96804,24.76678]],[[120.96794,24.76522],[120.96672,24.76532]]]}},{"type":"Feature","properties":{"name":"無名橋","base":"無名橋","section":null,"tier":"hard","length_m":44,"district":"香山區"},"geometry":{"type":"MultiLineString","coordinates":[[[120.91189,24.73285],[120.91152,24.73264]]]}},{"type":"Feature","properties":{"name":"牛埔北路37巷","base":"牛埔北路37巷","section":null,"tier":"hard","length_m":160,"lane":true,"district":"香山區"},"geometry":{"type":"MultiLineString","coordinates":[[[120.94184,24.79812],[120.94115,24.79784],[120.9404,24.79752]]]}},{"type":"Feature","properties":{"name":"牛埔北路（香山區2）","base":"牛埔北路（香山區2）","section":null,"tier":"medium","length_m":561,"district":"香山區"},"geometry":{"type":"MultiLineString","coordinates":[[[120.94063,24.80104],[120.94052,24.80123],[120.94028,24.80184],[120.94013,24.80211],[120.93997,24.80241],[120.93995,24.80245],[120.93986,24.8026],[120.93978,24.80275],[120.93973,24.80281],[120.93965,24.80293],[120.9396,24.80301],[120.93952,24.80311],[120.93941,24.80324],[120.93912,24.80358],[120.9391,24.80361],[120.93882,24.80395],[120.9387,24.8041],[120.93852,24.80431],[120.93848,24.80437],[120.93838,24.8045],[120.93832,24.80457],[120.93794,24.80509],[120.93793,24.80516],[120.93795,24.80524],[120.93805,24.80534]]]}},{"type":"Feature","properties":{"name":"牛埔北路（香山區）","base":"牛埔北路（香山區）","section":null,"tier":"medium","length_m":415,"district":"香山區"},"geometry":{"type":"MultiLineString","coordinates":[[[120.94218,24.79715],[120.94196,24.79777],[120.94184,24.79812],[120.94182,24.7982],[120.94175,24.79839],[120.94157,24.79892],[120.94156,24.79896],[120.94106,24.80052],[120.94095,24.80071]]]}},{"type":"Feature","properties":{"name":"牛埔南路","base":"牛埔南路","section":null,"tier":"medium","length_m":2098,"district":"香山區"},"geometry":{"type":"MultiLineString","coordinates":[[[120.93236,24.79221],[120.93191,24.79197],[120.93166,24.79184]],[[120.93236,24.79221],[120.93241,24.79271],[120.93246,24.79384]],[[120.94088,24.79612],[120.94102,24.79601],[120.94117,24.79589],[120.94129,24.79575],[120.94134,24.79562],[120.94149,24.79524]],[[120.93166,24.79184],[120.93148,24.7916],[120.93101,24.79087],[120.93083,24.79053],[120.93003,24.78907],[120.9299,24.78884]],[[120.9299,24.78884],[120.92994,24.78871]],[[120.93246,24.79384],[120.93253,24.79442],[120.93255,24.79454],[120.93257,24.79468],[120.93266,24.79487],[120.9328,24.79506],[120.93295,24.79519],[120.9332,24.79531],[120.93364,24.79549],[120.93481,24.79598],[120.93533,24.79619],[120.93546,24.79623],[120.93614,24.79644],[120.9365,24.79652],[120.93663,24.79653],[120.93775,24.79645]],[[120.9424,24.79251],[120.94244,24.79244]],[[120.94149,24.79524],[120.94166,24.79468],[120.94196,24.79377]],[[120.94196,24.79377],[120.9424,24.79251]],[[120.93775,24.79645],[120.93819,24.79641],[120.93831,24.7964],[120.93904,24.79635],[120.93967,24.79628],[120.94,24.79626],[120.94003,24.79626],[120.94029,24.79623],[120.94075,24.79615],[120.94088,24.79612]]]}},{"type":"Feature","properties":{"name":"牛埔南路142巷8弄","base":"牛埔南路142巷8弄","section":null,"tier":"hard","length_m":72,"lane":true,"district":"香山區"},"geometry":{"type":"MultiLineString","coordinates":[[[120.9404,24.79752],[120.93975,24.79725]]]}},{"type":"Feature","properties":{"name":"牛埔東路","base":"牛埔東路","section":null,"tier":"medium","length_m":2114,"district":"香山區"},"geometry":{"type":"MultiLineString","coordinates":[[[120.95155,24.79966],[120.9514,24.79961],[120.95124,24.79953],[120.95118,24.7995],[120.95071,24.79926],[120.95065,24.79923],[120.95035,24.79907],[120.95006,24.79891],[120.94988,24.79878],[120.94953,24.79853]],[[120.94931,24.79841],[120.94919,24.79833],[120.94889,24.79816],[120.94872,24.79808],[120.94826,24.79783],[120.94803,24.79774],[120.94717,24.7974],[120.94711,24.79737],[120.94682,24.79726],[120.94561,24.79678],[120.94536,24.79667]],[[120.94953,24.79853],[120.94931,24.79841]],[[120.94536,24.79667],[120.94486,24.79649],[120.9445,24.79635]],[[120.9445,24.79635],[120.94398,24.79614],[120.94384,24.79609],[120.94313,24.79581]],[[120.94149,24.79524],[120.94104,24.79509],[120.93565,24.79331],[120.93519,24.79316],[120.93428,24.79285],[120.93258,24.79228],[120.93236,24.79221]],[[120.94313,24.79581],[120.94269,24.79565],[120.94255,24.7956],[120.94206,24.79542],[120.94149,24.79524]]]}},{"type":"Feature","properties":{"name":"牛埔東路192巷","base":"牛埔東路192巷","section":null,"tier":"hard","length_m":94,"lane":true,"district":"香山區"},"geometry":{"type":"MultiLineString","coordinates":[[[120.94536,24.79667],[120.94502,24.79746]]]}},{"type":"Feature","properties":{"name":"牛埔東路67巷","base":"牛埔東路67巷","section":null,"tier":"hard","length_m":227,"lane":true,"district":"香山區"},"geometry":{"type":"MultiLineString","coordinates":[[[120.94919,24.79833],[120.9491,24.79808],[120.94871,24.79695],[120.9486,24.79664],[120.94852,24.79638]]]}},{"type":"Feature","properties":{"name":"牛埔橋","base":"牛埔橋","section":null,"tier":"medium","length_m":49,"district":"香山區"},"geometry":{"type":"MultiLineString","coordinates":[[[120.94095,24.80071],[120.94063,24.80104]]]}},{"type":"Feature","properties":{"name":"牛埔路","base":"牛埔路","section":null,"tier":"medium","length_m":1773,"district":"香山區"},"geometry":{"type":"MultiLineString","coordinates":[[[120.95155,24.79966],[120.95151,24.79968],[120.9512,24.79978],[120.95073,24.79992],[120.95062,24.79995],[120.95037,24.80001],[120.95025,24.80004],[120.95015,24.80006],[120.94989,24.80012],[120.94981,24.80013],[120.9495,24.80018],[120.94916,24.80018],[120.94894,24.80016],[120.94831,24.8001],[120.9479,24.80006],[120.94773,24.80005],[120.94661,24.79994],[120.94598,24.79983],[120.94565,24.79974],[120.94544,24.79948],[120.94479,24.79871],[120.9446,24.79844]],[[120.95351,24.79916],[120.95336,24.7992]],[[120.94218,24.79715],[120.94214,24.79709],[120.94174,24.79657],[120.94171,24.79655],[120.94169,24.79653],[120.94154,24.79645],[120.94113,24.79624],[120.94088,24.79612]],[[120.95336,24.7992],[120.95287,24.79934],[120.95278,24.79936],[120.95235,24.79947],[120.95184,24.7996],[120.95155,24.79966]],[[120.95625,24.79791],[120.95558,24.79833],[120.95529,24.79852],[120.9551,24.79864],[120.95492,24.79873],[120.95472,24.79881],[120.95456,24.79885],[120.95427,24.79895],[120.95392,24.79904],[120.95351,24.79916]],[[120.9446,24.79844],[120.94441,24.79821],[120.94427,24.79809],[120.94404,24.79798],[120.94365,24.79783],[120.94331,24.7977],[120.94319,24.79765],[120.9431,24.79762],[120.94308,24.79761],[120.94306,24.7976],[120.94263,24.79743],[120.94241,24.79735],[120.94229,24.79725],[120.94218,24.79715]]]}},{"type":"Feature","properties":{"name":"牛埔路323巷","base":"牛埔路323巷","section":null,"tier":"hard","length_m":117,"lane":true,"district":"香山區"},"geometry":{"type":"MultiLineString","coordinates":[[[120.94502,24.79746],[120.94491,24.79771],[120.9446,24.79844]]]}},{"type":"Feature","properties":{"name":"獅頭橋","base":"獅頭橋","section":null,"tier":"hard","length_m":23,"district":"香山區"},"geometry":{"type":"MultiLineString","coordinates":[[[120.94434,24.77622],[120.94411,24.77619]]]}},{"type":"Feature","properties":{"name":"玄奘路","base":"玄奘路","section":null,"tier":"hard","length_m":2509,"district":"香山區"},"geometry":{"type":"MultiLineString","coordinates":[[[120.94746,24.75814],[120.94797,24.75863],[120.94862,24.75913],[120.94868,24.75924],[120.94874,24.75945],[120.94881,24.75956],[120.94887,24.75962],[120.94917,24.75977],[120.94928,24.75986],[120.94932,24.75992],[120.94967,24.76076],[120.94969,24.76091],[120.9496,24.7613],[120.94962,24.76147],[120.94992,24.76224],[120.95014,24.76288],[120.95022,24.76299],[120.95052,24.76325],[120.95061,24.76336],[120.95065,24.76351],[120.95065,24.76368],[120.95065,24.76373],[120.95063,24.76387],[120.9504,24.76443],[120.95033,24.76469],[120.95031,24.76475],[120.95027,24.76477],[120.95012,24.76481],[120.95003,24.76481],[120.94956,24.76475],[120.94943,24.76475],[120.94934,24.76479],[120.94896,24.76499],[120.94875,24.76507],[120.94844,24.7652],[120.94827,24.76529],[120.9482,24.76534],[120.94819,24.76535],[120.94789,24.76572],[120.94756,24.76591],[120.94745,24.76599],[120.94743,24.76599],[120.9472,24.76623],[120.94711,24.76632],[120.94703,24.76649],[120.94701,24.7666],[120.94703,24.76679],[120.94707,24.76698],[120.94741,24.76765],[120.94748,24.76782],[120.94752,24.76803],[120.94752,24.76816],[120.94748,24.76835],[120.94733,24.76875],[120.9473,24.76913],[120.9473,24.76915],[120.94731,24.76928],[120.94729,24.76949],[120.94729,24.76959],[120.94722,24.76975],[120.94715,24.76989],[120.94704,24.77001],[120.94696,24.77008],[120.94687,24.77012],[120.94645,24.77023],[120.94637,24.77027],[120.94628,24.77038],[120.94608,24.77072],[120.94598,24.77084],[120.94587,24.77093],[120.94556,24.77106],[120.94545,24.77116],[120.94497,24.77205],[120.94488,24.77222],[120.94482,24.77239],[120.94481,24.77242],[120.94478,24.77249]],[[120.94419,24.77477],[120.94414,24.77491],[120.94413,24.77492],[120.94407,24.7751],[120.94398,24.77549],[120.94397,24.77583],[120.94395,24.77593],[120.94395,24.77597],[120.94392,24.77616]],[[120.94488,24.77411],[120.94485,24.77415],[120.9448,24.77418],[120.94449,24.77423],[120.94439,24.77428],[120.94434,24.77436],[120.94424,24.77465],[120.94419,24.77477]],[[120.94476,24.77257],[120.94471,24.77271],[120.94467,24.77288],[120.94469,24.77312],[120.94485,24.77379],[120.94489,24.77404],[120.94488,24.77411]],[[120.94478,24.77249],[120.94476,24.77257]]]}},{"type":"Feature","properties":{"name":"瑞光街","base":"瑞光街","section":null,"tier":"hard","length_m":579,"district":"香山區"},"geometry":{"type":"MultiLineString","coordinates":[[[120.9275,24.79188],[120.92724,24.79217],[120.927,24.79245],[120.92676,24.79271],[120.92644,24.79296],[120.92637,24.793],[120.9261,24.79315],[120.92584,24.79327],[120.92567,24.79337],[120.92562,24.7934],[120.9253,24.79353],[120.92456,24.79385],[120.92379,24.79409],[120.92374,24.79411],[120.92359,24.79418],[120.92343,24.79431],[120.92327,24.79446],[120.92321,24.79451],[120.92284,24.79475]]]}},{"type":"Feature","properties":{"name":"瑞光街151巷","base":"瑞光街151巷","section":null,"tier":"hard","length_m":129,"lane":true,"district":"香山區"},"geometry":{"type":"MultiLineString","coordinates":[[[120.92309,24.79311],[120.92333,24.79362],[120.92334,24.79364],[120.92359,24.79418]]]}},{"type":"Feature","properties":{"name":"瑞麟路","base":"瑞麟路","section":null,"tier":"hard","length_m":1173,"district":"東區"},"geometry":{"type":"MultiLineString","coordinates":[[[120.96702,24.76797],[120.96622,24.76762],[120.96597,24.76751],[120.96552,24.76745],[120.96415,24.76733]],[[120.96407,24.76776],[120.96547,24.76788]],[[120.96542,24.76831],[120.96401,24.76819]],[[120.96554,24.76723],[120.96435,24.76713],[120.96416,24.76727],[120.96415,24.76733],[120.96414,24.76735],[120.9641,24.76755],[120.96407,24.76776],[120.96407,24.76778],[120.96403,24.76797],[120.96401,24.76819],[120.96401,24.76822],[120.96401,24.76831],[120.96412,24.76845],[120.96443,24.76869],[120.96531,24.76876],[120.96537,24.76869],[120.9654,24.76852],[120.96542,24.76835],[120.96542,24.76831],[120.96544,24.7681],[120.96547,24.76788],[120.96549,24.7677],[120.96552,24.76745],[120.96554,24.76723]]]}},{"type":"Feature","properties":{"name":"環北路（東區2）","base":"環北路（東區2）","section":null,"tier":"medium","length_m":50,"district":"東區"},"geometry":{"type":"MultiLineString","coordinates":[[[120.98799,24.7682],[120.98848,24.76823]]]}},{"type":"Feature","properties":{"name":"環北路（東區）","base":"環北路（東區）","section":null,"tier":"medium","length_m":685,"district":"東區"},"geometry":{"type":"MultiLineString","coordinates":[[[120.98127,24.76657],[120.98229,24.76715],[120.98252,24.76721],[120.98263,24.76722],[120.98278,24.76723],[120.98446,24.76736],[120.98494,24.76739],[120.98589,24.7674],[120.9861,24.7674],[120.98617,24.7674],[120.98636,24.76741],[120.98662,24.76745],[120.98686,24.76751],[120.98735,24.76775],[120.98768,24.76799]]]}},{"type":"Feature","properties":{"name":"環城南路","base":"環城南路","section":null,"tier":"hard","length_m":540,"district":"東區"},"geometry":{"type":"MultiLineString","coordinates":[[[120.96082,24.7529],[120.96059,24.7527],[120.96048,24.75239],[120.96051,24.75203],[120.96066,24.7518],[120.96112,24.75138],[120.96157,24.75119],[120.96186,24.75108],[120.96204,24.7509],[120.96235,24.75076],[120.96282,24.75059],[120.96312,24.75057],[120.96333,24.75063],[120.96357,24.75077],[120.96372,24.75089],[120.96402,24.75111]]]}},{"type":"Feature","properties":{"name":"環湖橋","base":"環湖橋","section":null,"tier":"hard","length_m":38,"district":"東區"},"geometry":{"type":"MultiLineString","coordinates":[[[120.97588,24.77217],[120.97558,24.77237]]]}},{"type":"Feature","properties":{"name":"環湖道路（東區2）","base":"環湖道路（東區2）","section":null,"tier":"hard","length_m":1038,"district":"東區"},"geometry":{"type":"MultiLineString","coordinates":[[[120.96984,24.77579],[120.96998,24.77594],[120.97011,24.77604],[120.97029,24.7761],[120.97036,24.77612],[120.97048,24.77615],[120.97072,24.77617],[120.97088,24.77617]],[[120.97373,24.77456],[120.97374,24.77455],[120.97397,24.77436],[120.9753,24.77368],[120.97568,24.77363],[120.97605,24.77352],[120.97638,24.77328],[120.97672,24.77288],[120.9768,24.77273],[120.97683,24.7725],[120.97684,24.77223],[120.97675,24.77207],[120.97659,24.77197],[120.97636,24.77196],[120.97609,24.77205],[120.97588,24.77217]],[[120.97088,24.77617],[120.97095,24.77612],[120.97126,24.77605],[120.97205,24.77584],[120.97252,24.77582]],[[120.97252,24.77582],[120.97274,24.77577]],[[120.97274,24.77577],[120.97295,24.77559],[120.97315,24.77539],[120.97328,24.77526],[120.97341,24.77502],[120.97356,24.77473]],[[120.97356,24.77473],[120.97373,24.77456]]]}},{"type":"Feature","properties":{"name":"環湖道路（東區3）","base":"環湖道路（東區3）","section":null,"tier":"hard","length_m":49,"district":"東區"},"geometry":{"type":"MultiLineString","coordinates":[[[120.9692,24.77514],[120.96953,24.77546]]]}},{"type":"Feature","properties":{"name":"環湖道路（東區）","base":"環湖道路（東區）","section":null,"tier":"hard","length_m":454,"district":"東區"},"geometry":{"type":"MultiLineString","coordinates":[[[120.97558,24.77237],[120.97527,24.77252],[120.9748,24.77251],[120.9742,24.77248],[120.97359,24.77281],[120.97288,24.7731],[120.97235,24.77309],[120.97201,24.77304],[120.97195,24.77303],[120.97163,24.77295],[120.97133,24.77286]]]}},{"type":"Feature","properties":{"name":"田美一街","base":"田美一街","section":null,"tier":"hard","length_m":315,"district":"東區"},"geometry":{"type":"MultiLineString","coordinates":[[[120.97557,24.81477],[120.97423,24.81468],[120.97362,24.81464]],[[120.97356,24.81463],[120.97246,24.81456]],[[120.97362,24.81464],[120.97356,24.81463]]]}},{"type":"Feature","properties":{"name":"田美三街","base":"田美三街","section":null,"tier":"hard","length_m":424,"district":"東區"},"geometry":{"type":"MultiLineString","coordinates":[[[120.97707,24.81825],[120.97689,24.81783],[120.97672,24.81745],[120.97672,24.81737],[120.97673,24.81708]],[[120.97682,24.81606],[120.97683,24.81598],[120.97687,24.8155],[120.97691,24.81502],[120.97693,24.81477],[120.97695,24.81457],[120.97695,24.81451]],[[120.97673,24.81708],[120.97678,24.81659],[120.9768,24.81626],[120.97681,24.81614]],[[120.97681,24.81614],[120.97682,24.81606]]]}},{"type":"Feature","properties":{"name":"田美二街","base":"田美二街","section":null,"tier":"hard","length_m":316,"district":"東區"},"geometry":{"type":"MultiLineString","coordinates":[[[120.9742,24.81501],[120.97438,24.81502],[120.97555,24.81512]],[[120.97243,24.81489],[120.97354,24.81497]],[[120.9736,24.81497],[120.97373,24.81498],[120.9742,24.81501]],[[120.97354,24.81497],[120.9736,24.81497]]]}},{"type":"Feature","properties":{"name":"白地橋","base":"白地橋","section":null,"tier":"medium","length_m":475,"district":"北區"},"geometry":{"type":"MultiLineString","coordinates":[[[120.94773,24.84319],[120.94737,24.84327],[120.94522,24.8437],[120.94368,24.84399],[120.94347,24.84401],[120.94312,24.84404]]]}},{"type":"Feature","properties":{"name":"研新一路","base":"研新一路","section":null,"tier":"hard","length_m":795,"district":"東區"},"geometry":{"type":"MultiLineString","coordinates":[[[120.99292,24.77492],[120.99285,24.77486],[120.99232,24.77438],[120.99214,24.77428],[120.99194,24.77419],[120.99174,24.77416],[120.99155,24.77415],[120.99132,24.7742],[120.99111,24.77429],[120.99059,24.77464],[120.99024,24.77487],[120.98922,24.77565],[120.98915,24.7757],[120.98909,24.77576],[120.98778,24.77698],[120.98773,24.77702],[120.98757,24.77718],[120.98754,24.77721],[120.9873,24.77742],[120.98695,24.77775],[120.9869,24.7778]]]}},{"type":"Feature","properties":{"name":"研新三路","base":"研新三路","section":null,"tier":"hard","length_m":984,"district":"東區"},"geometry":{"type":"MultiLineString","coordinates":[[[120.99053,24.78066],[120.99053,24.78059],[120.99052,24.78044]],[[120.98773,24.77702],[120.98778,24.77708],[120.98848,24.77775],[120.98912,24.77839],[120.9892,24.77847],[120.98923,24.7785],[120.98948,24.77876],[120.98968,24.77897],[120.98975,24.77904]],[[120.99052,24.78044],[120.99048,24.78027],[120.99041,24.78009],[120.99031,24.77995],[120.98997,24.77955],[120.98964,24.77919],[120.9896,24.77915],[120.98954,24.77909],[120.98911,24.77865],[120.98906,24.7786],[120.98899,24.77854],[120.9887,24.77828],[120.98833,24.7779],[120.98762,24.77724],[120.98757,24.77718]],[[120.98975,24.77904],[120.98979,24.77909],[120.99045,24.77985],[120.99054,24.78005],[120.99055,24.78016],[120.99055,24.78028],[120.99052,24.78044]]]}},{"type":"Feature","properties":{"name":"研新二路","base":"研新二路","section":null,"tier":"hard","length_m":82,"district":"東區"},"geometry":{"type":"MultiLineString","coordinates":[[[120.99226,24.77987],[120.99226,24.77965],[120.99214,24.77945],[120.99199,24.77919]]]}},{"type":"Feature","properties":{"name":"研新四路","base":"研新四路","section":null,"tier":"hard","length_m":980,"district":"東區"},"geometry":{"type":"MultiLineString","coordinates":[[[120.98466,24.77599],[120.98478,24.77605],[120.98524,24.77623],[120.98575,24.77668],[120.98578,24.77671],[120.98684,24.77774],[120.9869,24.7778]],[[120.99053,24.78066],[120.99061,24.78066],[120.99084,24.78066],[120.99193,24.78065],[120.99201,24.78065],[120.99209,24.78066]],[[120.9869,24.7778],[120.98696,24.77786],[120.9883,24.77913],[120.98838,24.77921],[120.98882,24.77966],[120.98897,24.77985],[120.98923,24.78033],[120.98933,24.78049],[120.9895,24.78061],[120.9897,24.78066],[120.99046,24.78066],[120.99053,24.78066]]]}},{"type":"Feature","properties":{"name":"研發二路","base":"研發二路","section":null,"tier":"hard","length_m":864,"district":"東區"},"geometry":{"type":"MultiLineString","coordinates":[[[121.00163,24.77711],[121.00168,24.77717],[121.00199,24.77756],[121.00204,24.77769],[121.00205,24.77777],[121.00206,24.77786],[121.00205,24.77808],[121.00201,24.77987],[121.00198,24.78001],[121.00195,24.78007],[121.00191,24.7801],[121.00179,24.78017],[121.00164,24.78027],[121.00097,24.78063],[121.00081,24.78071],[121.00063,24.78075],[121.00027,24.78078],[120.99857,24.78094],[120.99845,24.78095],[120.99836,24.78096],[120.9973,24.78106],[120.99722,24.78107],[120.99711,24.78105]],[[121.00157,24.77704],[121.00163,24.77711]]]}},{"type":"Feature","properties":{"name":"研發五路","base":"研發五路","section":null,"tier":"hard","length_m":251,"district":"東區"},"geometry":{"type":"MultiLineString","coordinates":[[[120.99501,24.77826],[120.99507,24.77832],[120.99666,24.7799],[120.99668,24.77993]]]}},{"type":"Feature","properties":{"name":"研發六路","base":"研發六路","section":null,"tier":"hard","length_m":520,"district":"東區"},"geometry":{"type":"MultiLineString","coordinates":[[[120.99662,24.78321],[120.99669,24.7833]],[[120.99335,24.77975],[120.99339,24.77979],[120.99418,24.78059],[120.99497,24.78136],[120.99503,24.78142],[120.9951,24.78148],[120.9959,24.78226],[120.99598,24.78236],[120.99606,24.78246],[120.99631,24.78279],[120.99655,24.78311],[120.99658,24.78316],[120.99662,24.78321]]]}},{"type":"Feature","properties":{"name":"研發四路","base":"研發四路","section":null,"tier":"hard","length_m":435,"district":"東區"},"geometry":{"type":"MultiLineString","coordinates":[[[120.9959,24.77627],[120.99596,24.77632],[120.996,24.77636],[120.99605,24.77641],[120.99648,24.77684],[120.99654,24.7769],[120.99661,24.77696],[120.99747,24.77781],[120.9982,24.77852],[120.99825,24.77857],[120.99832,24.77864],[120.99869,24.77901],[120.99875,24.77907],[120.99882,24.77914]]]}},{"type":"Feature","properties":{"name":"磐石路","base":"磐石路","section":null,"tier":"hard","length_m":368,"district":"北區"},"geometry":{"type":"MultiLineString","coordinates":[[[120.95819,24.80781],[120.9581,24.80789],[120.95771,24.80825],[120.95721,24.80865],[120.95704,24.80878],[120.95692,24.80888],[120.95664,24.80913],[120.95661,24.80916],[120.95655,24.80921],[120.95649,24.80926],[120.95629,24.80944],[120.95622,24.8095],[120.95568,24.80996],[120.95565,24.80999],[120.95554,24.81008]]]}},{"type":"Feature","properties":{"name":"祥園街","base":"祥園街","section":null,"tier":"medium","length_m":422,"district":"香山區"},"geometry":{"type":"MultiLineString","coordinates":[[[120.94175,24.79839],[120.94215,24.79854],[120.94221,24.79856],[120.94254,24.79871],[120.94282,24.79881],[120.94338,24.79903],[120.9438,24.79917],[120.94412,24.79927],[120.94442,24.79936],[120.94527,24.79962],[120.9453,24.79963],[120.94531,24.79963],[120.94565,24.79974]]]}},{"type":"Feature","properties":{"name":"福樹橋","base":"福樹橋","section":null,"tier":"hard","length_m":71,"district":"香山區"},"geometry":{"type":"MultiLineString","coordinates":[[[120.93561,24.80488],[120.93516,24.80439]]]}},{"type":"Feature","properties":{"name":"福樹街（香山區2）","base":"福樹街（香山區2）","section":null,"tier":"hard","length_m":257,"district":"香山區"},"geometry":{"type":"MultiLineString","coordinates":[[[120.93516,24.80439],[120.93453,24.80367],[120.93425,24.80346],[120.93395,24.80327],[120.93391,24.80324],[120.93372,24.80312],[120.93336,24.80278]]]}},{"type":"Feature","properties":{"name":"福樹街（香山區）","base":"福樹街（香山區）","section":null,"tier":"hard","length_m":187,"district":"香山區"},"geometry":{"type":"MultiLineString","coordinates":[[[120.93652,24.80634],[120.93628,24.80591],[120.93588,24.80518],[120.93576,24.80504],[120.93561,24.80488]]]}},{"type":"Feature","properties":{"name":"科學園路","base":"科學園路","section":null,"tier":"hard","length_m":1518,"district":"東區"},"geometry":{"type":"MultiLineString","coordinates":[[[121.01071,24.77938],[121.01078,24.77956],[121.01083,24.77967],[121.01096,24.77999],[121.01109,24.78032]],[[121.01112,24.78376],[121.01126,24.7834]],[[121.01032,24.78695],[121.0102,24.78691],[121.00995,24.78667],[121.0099,24.7866],[121.00989,24.78647],[121.01005,24.78612],[121.01037,24.78544]],[[121.01134,24.78363],[121.01132,24.78368],[121.01116,24.78406],[121.01104,24.78433],[121.01089,24.78465],[121.01086,24.78473],[121.01073,24.78499],[121.01049,24.78549]],[[121.00995,24.78667],[121.0096,24.78693],[121.00947,24.7868],[121.00989,24.78647]],[[121.00943,24.78705],[121.0096,24.78693]],[[121.0116,24.7831],[121.01144,24.78347],[121.01134,24.78363]],[[121.01129,24.78086],[121.01135,24.78101],[121.01144,24.78126],[121.0117,24.78186],[121.01174,24.78203],[121.01176,24.78212],[121.01178,24.78219],[121.01178,24.78261],[121.01173,24.78278],[121.0116,24.7831]],[[121.01109,24.78032],[121.01129,24.78086]],[[121.01037,24.78544],[121.01075,24.7846],[121.01101,24.784],[121.01112,24.78376],[121.01134,24.78363]],[[121.01049,24.78549],[121.0103,24.7859],[121.01017,24.78617],[121.01002,24.78651],[121.01003,24.78662],[121.01011,24.78672],[121.01024,24.78683],[121.01032,24.78695]]]}},{"type":"Feature","properties":{"name":"科學園路107巷","base":"科學園路107巷","section":null,"tier":"hard","length_m":76,"lane":true,"district":"東區"},"geometry":{"type":"MultiLineString","coordinates":[[[121.01104,24.78433],[121.01174,24.78457]]]}},{"type":"Feature","properties":{"name":"科學園路112巷","base":"科學園路112巷","section":null,"tier":"hard","length_m":176,"lane":true,"district":"東區"},"geometry":{"type":"MultiLineString","coordinates":[[[121.00955,24.78345],[121.00988,24.78357],[121.01063,24.78385],[121.01101,24.784],[121.01116,24.78406]]]}},{"type":"Feature","properties":{"name":"科學園路127巷","base":"科學園路127巷","section":null,"tier":"hard","length_m":86,"lane":true,"district":"東區"},"geometry":{"type":"MultiLineString","coordinates":[[[121.01132,24.78368],[121.01156,24.78376],[121.01185,24.78387],[121.01189,24.78391],[121.01179,24.78409]]]}},{"type":"Feature","properties":{"name":"科學園路127巷1弄","base":"科學園路127巷1弄","section":null,"tier":"hard","length_m":27,"lane":true,"district":"東區"},"geometry":{"type":"MultiLineString","coordinates":[[[121.01156,24.78376],[121.01146,24.78399]]]}},{"type":"Feature","properties":{"name":"科學園路127巷2弄","base":"科學園路127巷2弄","section":null,"tier":"hard","length_m":29,"lane":true,"district":"東區"},"geometry":{"type":"MultiLineString","coordinates":[[[121.01156,24.78376],[121.01167,24.78352]]]}},{"type":"Feature","properties":{"name":"科學園路127巷4弄","base":"科學園路127巷4弄","section":null,"tier":"hard","length_m":44,"lane":true,"district":"東區"},"geometry":{"type":"MultiLineString","coordinates":[[[121.01185,24.78387],[121.01201,24.7835]]]}},{"type":"Feature","properties":{"name":"科學園路162巷","base":"科學園路162巷","section":null,"tier":"hard","length_m":217,"lane":true,"district":"東區"},"geometry":{"type":"MultiLineString","coordinates":[[[121.01072,24.78237],[121.01104,24.7825],[121.01136,24.78263],[121.01173,24.78278]],[[121.01008,24.7817],[121.01025,24.78208],[121.01029,24.78214],[121.01034,24.78221],[121.01045,24.78227],[121.01055,24.78231],[121.01072,24.78237]]]}},{"type":"Feature","properties":{"name":"科學園路162巷1弄","base":"科學園路162巷1弄","section":null,"tier":"hard","length_m":145,"lane":true,"district":"東區"},"geometry":{"type":"MultiLineString","coordinates":[[[121.01136,24.78263],[121.01141,24.78239],[121.01133,24.78202],[121.0111,24.78137]]]}},{"type":"Feature","properties":{"name":"科學園路162巷3弄","base":"科學園路162巷3弄","section":null,"tier":"hard","length_m":118,"lane":true,"district":"東區"},"geometry":{"type":"MultiLineString","coordinates":[[[121.01104,24.7825],[121.01101,24.78213],[121.01078,24.78147]]]}},{"type":"Feature","properties":{"name":"科學園路162巷5弄","base":"科學園路162巷5弄","section":null,"tier":"hard","length_m":92,"lane":true,"district":"東區"},"geometry":{"type":"MultiLineString","coordinates":[[[121.01072,24.78237],[121.01045,24.78158]]]}},{"type":"Feature","properties":{"name":"科學園路173巷","base":"科學園路173巷","section":null,"tier":"hard","length_m":131,"lane":true,"district":"東區"},"geometry":{"type":"MultiLineString","coordinates":[[[121.01289,24.7814],[121.01212,24.7817],[121.01208,24.78172],[121.01196,24.78176],[121.0117,24.78186]]]}},{"type":"Feature","properties":{"name":"科學園路173巷38弄","base":"科學園路173巷38弄","section":null,"tier":"hard","length_m":85,"lane":true,"district":"東區"},"geometry":{"type":"MultiLineString","coordinates":[[[121.01192,24.78135],[121.01272,24.7811]]]}},{"type":"Feature","properties":{"name":"科學園路173巷40弄","base":"科學園路173巷40弄","section":null,"tier":"hard","length_m":82,"lane":true,"district":"東區"},"geometry":{"type":"MultiLineString","coordinates":[[[121.0118,24.78105],[121.01256,24.7808]]]}},{"type":"Feature","properties":{"name":"科學園路173巷6弄","base":"科學園路173巷6弄","section":null,"tier":"hard","length_m":116,"lane":true,"district":"東區"},"geometry":{"type":"MultiLineString","coordinates":[[[121.01167,24.78075],[121.0118,24.78105],[121.01192,24.78135],[121.01208,24.78172]]]}},{"type":"Feature","properties":{"name":"科學園路207巷","base":"科學園路207巷","section":null,"tier":"hard","length_m":221,"lane":true,"district":"東區"},"geometry":{"type":"MultiLineString","coordinates":[[[121.01289,24.7814],[121.01272,24.7811],[121.01256,24.7808],[121.01239,24.78063],[121.01232,24.78058],[121.01224,24.78054],[121.01167,24.78075],[121.01129,24.78086]]]}},{"type":"Feature","properties":{"name":"科學園路212巷","base":"科學園路212巷","section":null,"tier":"hard","length_m":184,"lane":true,"district":"東區"},"geometry":{"type":"MultiLineString","coordinates":[[[121.00973,24.78183],[121.01,24.78173],[121.01008,24.7817],[121.01045,24.78158],[121.01078,24.78147],[121.0111,24.78137],[121.01144,24.78126]]]}},{"type":"Feature","properties":{"name":"科技三路","base":"科技三路","section":null,"tier":"hard","length_m":110,"district":"東區"},"geometry":{"type":"MultiLineString","coordinates":[[[121.00519,24.78246],[121.00516,24.78246],[121.00411,24.78258]]]}},{"type":"Feature","properties":{"name":"科技二路","base":"科技二路","section":null,"tier":"hard","length_m":125,"district":"東區"},"geometry":{"type":"MultiLineString","coordinates":[[[121.00513,24.78182],[121.00508,24.78182],[121.00503,24.78183],[121.00423,24.78191],[121.00415,24.78186],[121.00414,24.78175],[121.0042,24.78166]]]}},{"type":"Feature","properties":{"name":"科技五路","base":"科技五路","section":null,"tier":"hard","length_m":342,"district":"東區"},"geometry":{"type":"MultiLineString","coordinates":[[[121.00632,24.78336],[121.00593,24.7834],[121.00566,24.78343],[121.00564,24.78343],[121.00553,24.78344],[121.00537,24.78346],[121.00531,24.78346],[121.00526,24.78347],[121.00473,24.78352],[121.00472,24.78352],[121.00468,24.78352],[121.00414,24.78358],[121.00415,24.7839],[121.0042,24.78395],[121.00465,24.78451]]]}},{"type":"Feature","properties":{"name":"科技路","base":"科技路","section":null,"tier":"hard","length_m":334,"district":"東區"},"geometry":{"type":"MultiLineString","coordinates":[[[121.00513,24.78182],[121.00519,24.78246],[121.00525,24.78296],[121.00525,24.78301],[121.00531,24.78346]],[[121.00513,24.78182],[121.00505,24.78134],[121.00504,24.78122],[121.00506,24.78115]],[[121.00511,24.78134],[121.00513,24.78182]],[[121.00506,24.78115],[121.00509,24.78121],[121.00511,24.78134]]]}},{"type":"Feature","properties":{"name":"科研路","base":"科研路","section":null,"tier":"hard","length_m":332,"district":"東區"},"geometry":{"type":"MultiLineString","coordinates":[[[120.98907,24.81006],[120.98995,24.80889],[120.99055,24.80855],[120.99141,24.80805]]]}},{"type":"Feature","properties":{"name":"立鵬路","base":"立鵬路","section":null,"tier":"hard","length_m":217,"district":"東區"},"geometry":{"type":"MultiLineString","coordinates":[[[121.01134,24.79203],[121.0113,24.79196],[121.0109,24.79115],[121.01087,24.79109],[121.01084,24.79105],[121.01037,24.7904],[121.01031,24.79033]]]}},{"type":"Feature","properties":{"name":"竹光路（北區2）","base":"竹光路（北區2）","section":null,"tier":"medium","length_m":1582,"district":"北區"},"geometry":{"type":"MultiLineString","coordinates":[[[120.9511,24.80505],[120.95113,24.80513],[120.95185,24.80586],[120.95191,24.80593],[120.95198,24.80599],[120.95203,24.80605],[120.95252,24.80658],[120.95304,24.80714],[120.95314,24.80725],[120.95325,24.80736],[120.95364,24.80777],[120.95389,24.80804],[120.95417,24.80835],[120.95469,24.80891],[120.95501,24.8093],[120.95511,24.80941],[120.95516,24.80948]],[[120.95516,24.80948],[120.95525,24.80957]],[[120.9568,24.81113],[120.95687,24.81118],[120.95693,24.81122],[120.95707,24.81131],[120.95774,24.81181],[120.95788,24.81191],[120.95796,24.81198],[120.95861,24.81247],[120.959,24.8128],[120.95906,24.81285],[120.95913,24.81291],[120.95968,24.81334],[120.96007,24.81365],[120.96076,24.81419],[120.96081,24.81423],[120.96087,24.81428],[120.96111,24.81446],[120.9614,24.81467],[120.96175,24.81496],[120.96187,24.81506],[120.96201,24.81518]],[[120.95525,24.80957],[120.95532,24.80965],[120.95565,24.80999],[120.95583,24.81018],[120.95638,24.81077],[120.95649,24.81089],[120.95672,24.81107],[120.9568,24.81113]]]}},{"type":"Feature","properties":{"name":"竹光路（北區）","base":"竹光路（北區）","section":null,"tier":"medium","length_m":1594,"district":"北區"},"geometry":{"type":"MultiLineString","coordinates":[[[120.96195,24.81527],[120.96181,24.81514],[120.96172,24.81505],[120.96107,24.81453],[120.96081,24.81435],[120.96074,24.8143],[120.96069,24.81426],[120.96044,24.81406],[120.96,24.81372],[120.95906,24.81299],[120.959,24.81294],[120.95891,24.81287],[120.95785,24.81209],[120.95776,24.81202],[120.95763,24.81192],[120.95692,24.8114],[120.95673,24.81126],[120.95665,24.8112]],[[120.95665,24.8112],[120.95659,24.81115],[120.95644,24.81103],[120.95631,24.8109],[120.95602,24.81058],[120.95571,24.81025],[120.95554,24.81008],[120.95528,24.8098],[120.95521,24.80972],[120.95511,24.80961]],[[120.95511,24.80961],[120.95507,24.80956],[120.95468,24.80915],[120.954,24.80842],[120.95383,24.80823],[120.95313,24.80746],[120.95299,24.80731],[120.95292,24.80723],[120.95191,24.80613],[120.95185,24.80605],[120.95178,24.80597],[120.95173,24.80592],[120.95103,24.80514],[120.951,24.80504]]]}},{"type":"Feature","properties":{"name":"竹文街","base":"竹文街","section":null,"tier":"hard","length_m":734,"district":"北區"},"geometry":{"type":"MultiLineString","coordinates":[[[120.95558,24.81182],[120.9557,24.81197],[120.95598,24.81239],[120.95624,24.81274],[120.95641,24.81297],[120.9565,24.81309],[120.95655,24.81314],[120.95666,24.81323],[120.95676,24.81331],[120.95711,24.81358],[120.9575,24.81386],[120.95767,24.81399],[120.95778,24.81408],[120.95787,24.81416],[120.95821,24.81443],[120.95854,24.8147],[120.95939,24.81501],[120.95992,24.81521]],[[120.96081,24.81423],[120.96074,24.8143],[120.96071,24.81433],[120.96038,24.8147],[120.96027,24.81482],[120.9602,24.8149],[120.96006,24.81506],[120.95992,24.81521]]]}},{"type":"Feature","properties":{"name":"竹村一路","base":"竹村一路","section":null,"tier":"hard","length_m":515,"district":"東區"},"geometry":{"type":"MultiLineString","coordinates":[[[121.00738,24.78066],[121.00734,24.78053],[121.00733,24.7805],[121.00731,24.78042]],[[121.00738,24.78066],[121.00704,24.7808],[121.00701,24.78093],[121.00705,24.7811],[121.00714,24.78143],[121.0072,24.78175],[121.00719,24.78208],[121.00715,24.78236],[121.00712,24.78249],[121.00706,24.78284],[121.00701,24.78312],[121.00696,24.78347],[121.00699,24.78381],[121.00701,24.78397]],[[121.0071,24.78438],[121.00708,24.78433],[121.00701,24.78397]],[[121.00701,24.78397],[121.00707,24.78412],[121.00716,24.78431],[121.00717,24.78436]]]}},{"type":"Feature","properties":{"name":"竹村七路","base":"竹村七路","section":null,"tier":"hard","length_m":772,"district":"東區"},"geometry":{"type":"MultiLineString","coordinates":[[[121.01076,24.77617],[121.0108,24.77627],[121.01084,24.77635],[121.01087,24.77642],[121.01089,24.7765],[121.01091,24.77655],[121.01093,24.77662],[121.01096,24.77704]],[[121.01095,24.77767],[121.01095,24.77804],[121.01095,24.77822],[121.01094,24.77849],[121.01092,24.77862],[121.01089,24.77869],[121.01084,24.77876],[121.0108,24.7788],[121.01076,24.77885],[121.01069,24.77891],[121.01064,24.77896],[121.0105,24.77905],[121.01008,24.77919]],[[121.01096,24.77704],[121.01095,24.77767]],[[121.00731,24.78042],[121.00672,24.78058],[121.00667,24.78059]],[[121.01008,24.77919],[121.00955,24.77939],[121.00877,24.77962],[121.00865,24.77969],[121.00855,24.77978],[121.00843,24.77991],[121.00825,24.78011],[121.00818,24.78017],[121.00806,24.78023],[121.00773,24.78031],[121.00731,24.78042]]]}},{"type":"Feature","properties":{"name":"竹村三路","base":"竹村三路","section":null,"tier":"hard","length_m":547,"district":"東區"},"geometry":{"type":"MultiLineString","coordinates":[[[121.01008,24.77919],[121.00977,24.77875],[121.00952,24.77831]],[[121.00731,24.77971],[121.00721,24.77986],[121.00718,24.77993],[121.00717,24.78],[121.0072,24.7801],[121.00724,24.78023],[121.00728,24.78033],[121.00731,24.78042]],[[121.00731,24.77971],[121.00801,24.77866],[121.009,24.77787],[121.0091,24.77784],[121.00918,24.77786],[121.00924,24.77792],[121.00942,24.77817],[121.00952,24.77831]]]}},{"type":"Feature","properties":{"name":"竹村二路","base":"竹村二路","section":null,"tier":"hard","length_m":582,"district":"東區"},"geometry":{"type":"MultiLineString","coordinates":[[[121.00742,24.78418],[121.00746,24.78404],[121.0075,24.78373],[121.00761,24.78342],[121.00779,24.78316],[121.00812,24.78273],[121.00814,24.7827],[121.00833,24.78232],[121.00836,24.78226],[121.00835,24.78189],[121.00835,24.78184],[121.00823,24.78157],[121.00816,24.7814],[121.00806,24.78109],[121.00796,24.7808],[121.00786,24.78066],[121.00775,24.78062],[121.00762,24.78063],[121.00738,24.78066]],[[121.00742,24.78418],[121.00729,24.78431],[121.00717,24.78436],[121.0071,24.78438],[121.00701,24.7844],[121.00698,24.78441],[121.00696,24.78442]],[[121.00695,24.78437],[121.00697,24.78436],[121.00699,24.78435],[121.00708,24.78433],[121.00716,24.78431],[121.00725,24.78428],[121.00732,24.78424],[121.00742,24.78418]]]}},{"type":"Feature","properties":{"name":"竹村五路","base":"竹村五路","section":null,"tier":"hard","length_m":357,"district":"東區"},"geometry":{"type":"MultiLineString","coordinates":[[[121.00731,24.77971],[121.00678,24.77945],[121.00671,24.77943]],[[121.00952,24.77831],[121.0089,24.77878],[121.00805,24.77956],[121.00792,24.7797],[121.00777,24.77977],[121.00765,24.77979],[121.00751,24.77977],[121.00731,24.77971]]]}},{"type":"Feature","properties":{"name":"竹港大橋（北區2）","base":"竹港大橋（北區2）","section":null,"tier":"easy","length_m":1198,"district":"北區"},"geometry":{"type":"MultiLineString","coordinates":[[[120.93422,24.84234],[120.93491,24.84313],[120.93559,24.84394]],[[120.93559,24.84394],[120.93592,24.84429],[120.94169,24.85071]]]}},{"type":"Feature","properties":{"name":"竹港大橋（北區）","base":"竹港大橋（北區）","section":null,"tier":"easy","length_m":1199,"district":"北區"},"geometry":{"type":"MultiLineString","coordinates":[[[120.94161,24.85076],[120.9358,24.84435]],[[120.9358,24.84435],[120.93548,24.84401],[120.93408,24.84242]]]}},{"type":"Feature","properties":{"name":"竹科橋（東區2）","base":"竹科橋（東區2）","section":null,"tier":"medium","length_m":635,"district":"東區"},"geometry":{"type":"MultiLineString","coordinates":[[[121.02802,24.76938],[121.02869,24.76924],[121.02904,24.76917],[121.02934,24.76912],[121.02966,24.76915],[121.02999,24.76927],[121.03027,24.76944],[121.03046,24.76962],[121.03059,24.76984],[121.03066,24.77004],[121.03066,24.77027],[121.03063,24.77055],[121.03025,24.77221],[121.03019,24.77255],[121.03017,24.77269],[121.03016,24.77285]]]}},{"type":"Feature","properties":{"name":"竹科橋（東區）","base":"竹科橋（東區）","section":null,"tier":"medium","length_m":631,"district":"東區"},"geometry":{"type":"MultiLineString","coordinates":[[[121.03007,24.77285],[121.03008,24.7727],[121.0301,24.77253],[121.03017,24.77217],[121.03054,24.77054],[121.03057,24.7703],[121.03057,24.77008],[121.03053,24.7699],[121.03039,24.76968],[121.03031,24.76958],[121.03021,24.7695],[121.03009,24.76942],[121.02995,24.76934],[121.02965,24.76924],[121.02935,24.76921],[121.02905,24.76924],[121.02881,24.76929],[121.02792,24.7695]]]}},{"type":"Feature","properties":{"name":"竹美路一段365巷","base":"竹美路一段365巷","section":null,"tier":"hard","length_m":815,"lane":true,"district":"東區"},"geometry":{"type":"MultiLineString","coordinates":[[[121.02571,24.78394],[121.02546,24.78405],[121.02523,24.78419],[121.02495,24.78433],[121.02472,24.78443],[121.02446,24.78454],[121.02418,24.78466],[121.0239,24.78477],[121.02363,24.78489],[121.02336,24.78501],[121.02327,24.78511],[121.02324,24.78516],[121.02324,24.78525],[121.02326,24.78532],[121.02328,24.78539],[121.02332,24.78546],[121.02337,24.78552],[121.02349,24.7856],[121.02365,24.78567],[121.02397,24.78574],[121.0243,24.78581],[121.0246,24.7859],[121.02473,24.78599],[121.02485,24.7861],[121.0249,24.78623],[121.02493,24.78632],[121.02494,24.78637],[121.02483,24.78665],[121.02469,24.78688],[121.02453,24.78714],[121.02446,24.78727],[121.0244,24.78742],[121.0244,24.78753],[121.02441,24.78769],[121.02449,24.78804],[121.02455,24.78831],[121.02461,24.78859],[121.02466,24.78882]]]}},{"type":"Feature","properties":{"name":"竹美路二段251巷","base":"竹美路二段251巷","section":null,"tier":"hard","length_m":522,"lane":true,"district":"東區"},"geometry":{"type":"MultiLineString","coordinates":[[[121.0223,24.79522],[121.02249,24.79528],[121.02277,24.79537],[121.02289,24.79544],[121.02296,24.7955],[121.02306,24.79562],[121.0231,24.79571],[121.02313,24.79585],[121.02314,24.79596],[121.02312,24.79612],[121.02307,24.79625],[121.02299,24.79631],[121.02276,24.79643],[121.02256,24.79655],[121.02249,24.79661],[121.02246,24.79664],[121.02242,24.79668],[121.02233,24.79679],[121.02198,24.79726],[121.02163,24.79769],[121.02139,24.79799],[121.02129,24.79812],[121.0212,24.79825],[121.02105,24.7984],[121.02086,24.79865],[121.02084,24.79871]]]}},{"type":"Feature","properties":{"name":"竹蓮街","base":"竹蓮街","section":null,"tier":"hard","length_m":621,"district":"東區"},"geometry":{"type":"MultiLineString","coordinates":[[[120.96912,24.79939],[120.96929,24.79925],[120.96939,24.79917],[120.96955,24.79904],[120.96985,24.79879],[120.96997,24.7987],[120.97004,24.79865],[120.97008,24.79861],[120.97065,24.7982],[120.97105,24.7979],[120.97158,24.7975],[120.97162,24.79747],[120.97167,24.79743],[120.97202,24.79716],[120.97212,24.79709],[120.97219,24.79703],[120.97239,24.79687],[120.9729,24.79646]],[[120.96812,24.79884],[120.96876,24.79922],[120.9688,24.79925],[120.96893,24.79933],[120.96902,24.79938],[120.96907,24.79938],[120.96912,24.79939]]]}},{"type":"Feature","properties":{"name":"竹香北路","base":"竹香北路","section":null,"tier":"hard","length_m":4579,"district":"香山區"},"geometry":{"type":"MultiLineString","coordinates":[[[120.94944,24.80173],[120.94943,24.80173],[120.94759,24.80141],[120.9473,24.80139],[120.947,24.80141],[120.94668,24.80151],[120.94639,24.8017],[120.94598,24.80203],[120.94542,24.80249],[120.94524,24.80268],[120.94517,24.80281],[120.94515,24.80294],[120.94517,24.80314],[120.94532,24.8039],[120.94531,24.80403],[120.9453,24.80417],[120.94524,24.8043],[120.94515,24.80443],[120.94503,24.80454],[120.9449,24.80461],[120.94474,24.80467],[120.94457,24.80472],[120.94441,24.80474],[120.94369,24.8047],[120.9434,24.80468],[120.94315,24.80466],[120.94298,24.80459],[120.94284,24.80452],[120.94266,24.80441],[120.94191,24.80395],[120.94172,24.80382],[120.94163,24.80374],[120.94131,24.80315],[120.94091,24.80143],[120.94078,24.80123],[120.94063,24.80104],[120.94051,24.80094],[120.94039,24.80085],[120.94023,24.80076],[120.94006,24.80069],[120.93983,24.8006],[120.93959,24.80055],[120.93925,24.8005],[120.93894,24.80045],[120.93871,24.80041],[120.9384,24.80033],[120.93817,24.80035],[120.93796,24.80039],[120.93704,24.80059],[120.93684,24.80066],[120.9367,24.80075],[120.93656,24.80094],[120.93653,24.80117],[120.93651,24.80157],[120.93651,24.80165],[120.9365,24.80175],[120.93638,24.8028],[120.93637,24.80298],[120.93641,24.80322],[120.93646,24.80342],[120.93648,24.80359],[120.93645,24.80389],[120.93634,24.80421],[120.9362,24.80439],[120.936,24.80457],[120.93561,24.80488],[120.93533,24.80499],[120.93496,24.80506],[120.9346,24.80508],[120.93387,24.80507],[120.93314,24.80506],[120.93276,24.80506],[120.93143,24.80503],[120.93124,24.80503],[120.93121,24.80502],[120.93076,24.80492],[120.92635,24.80354],[120.92621,24.8035],[120.92606,24.80348],[120.92592,24.80348]],[[120.9204,24.80515],[120.91909,24.80598]],[[120.92576,24.8035],[120.92561,24.80355],[120.92553,24.8036],[120.92546,24.80367],[120.92536,24.8037],[120.92528,24.8037],[120.9252,24.80368],[120.92511,24.80363],[120.92502,24.80361],[120.92485,24.80359],[120.92459,24.80361],[120.92296,24.80391],[120.92264,24.80398],[120.92233,24.80407],[120.92197,24.80421],[120.92164,24.80439],[120.9204,24.80515]],[[120.92592,24.80348],[120.92576,24.8035]],[[120.94943,24.80173],[120.95039,24.80188],[120.95045,24.80188],[120.95054,24.80188],[120.95059,24.80188],[120.95066,24.80188],[120.95079,24.80188],[120.95106,24.80183],[120.9513,24.80176],[120.95238,24.80148],[120.95407,24.80104]]]}},{"type":"Feature","properties":{"name":"竹香南路","base":"竹香南路","section":null,"tier":"hard","length_m":4562,"district":"香山區"},"geometry":{"type":"MultiLineString","coordinates":[[[120.94495,24.80234],[120.94485,24.80244],[120.9448,24.80252],[120.94476,24.8026],[120.9447,24.80275],[120.94467,24.80292],[120.94465,24.80312],[120.94462,24.80335],[120.94456,24.80353],[120.94451,24.80366],[120.94443,24.80378],[120.94431,24.8039],[120.94418,24.80401],[120.94399,24.80412],[120.94388,24.80415],[120.94371,24.80419],[120.94358,24.8042],[120.94353,24.80421],[120.94335,24.8042],[120.94318,24.80417],[120.94301,24.80411],[120.94213,24.80358],[120.94203,24.80352],[120.94175,24.80296],[120.94144,24.80165],[120.94129,24.80114],[120.94104,24.80082],[120.94095,24.80071],[120.94073,24.80048],[120.94062,24.80038],[120.94049,24.80029],[120.94026,24.80017],[120.94003,24.80007],[120.93962,24.79996],[120.93921,24.79989],[120.9388,24.7998],[120.93859,24.79975],[120.93839,24.79974],[120.93811,24.79975],[120.93784,24.79979],[120.93729,24.79991],[120.93668,24.80005],[120.93639,24.8002],[120.93616,24.80039],[120.936,24.80062],[120.93598,24.80067],[120.93587,24.80099],[120.93586,24.80121],[120.93585,24.80136],[120.93583,24.80154],[120.93583,24.80162],[120.93581,24.8019],[120.93577,24.8023],[120.93571,24.80271],[120.9357,24.80298],[120.93575,24.80329],[120.93581,24.80353],[120.93582,24.80373],[120.93577,24.80388],[120.93565,24.80404],[120.93516,24.80439],[120.93485,24.80445],[120.93198,24.80443],[120.9313,24.80443],[120.92663,24.80299],[120.92635,24.80291],[120.92599,24.80286],[120.92527,24.80288],[120.92517,24.8029],[120.92333,24.80325],[120.92261,24.80341],[120.92226,24.80349],[120.92191,24.80359],[120.92138,24.8038],[120.9209,24.80404],[120.92056,24.80423],[120.91968,24.80468],[120.919,24.80502],[120.91867,24.80519],[120.91832,24.80536]],[[120.94495,24.80234],[120.94546,24.8019],[120.94616,24.80133],[120.94644,24.80116],[120.94681,24.80103],[120.94716,24.80098],[120.94751,24.80098],[120.94795,24.80106],[120.95015,24.80145],[120.95023,24.80146],[120.95035,24.80148],[120.95045,24.80149],[120.95054,24.80149],[120.95058,24.80148],[120.95067,24.80148],[120.95095,24.80144],[120.95244,24.80104],[120.95319,24.80085],[120.9539,24.80062]]]}},{"type":"Feature","properties":{"name":"篤行一路","base":"篤行一路","section":null,"tier":"hard","length_m":483,"district":"東區"},"geometry":{"type":"MultiLineString","coordinates":[[[121.02208,24.77428],[121.02218,24.77418],[121.02222,24.77414],[121.02241,24.77395],[121.02324,24.77312],[121.0233,24.77305],[121.02373,24.7726],[121.02376,24.77257],[121.02379,24.77254],[121.02388,24.77245],[121.02419,24.77214],[121.02501,24.7713],[121.02522,24.77111],[121.02528,24.77105]]]}},{"type":"Feature","properties":{"name":"篤行二路","base":"篤行二路","section":null,"tier":"hard","length_m":136,"district":"東區"},"geometry":{"type":"MultiLineString","coordinates":[[[121.02155,24.76927],[121.02169,24.76922],[121.02274,24.7688],[121.02278,24.76878]]]}},{"type":"Feature","properties":{"name":"篤行路","base":"篤行路","section":null,"tier":"hard","length_m":715,"district":"東區"},"geometry":{"type":"MultiLineString","coordinates":[[[121.02106,24.76815],[121.02132,24.76805],[121.02163,24.76793],[121.02193,24.7678],[121.02218,24.76782],[121.02223,24.76785],[121.02231,24.7679],[121.02239,24.76802],[121.02261,24.76841],[121.02277,24.76875],[121.02278,24.76878],[121.02284,24.76889],[121.02296,24.76912],[121.02306,24.7693],[121.02308,24.76933],[121.0231,24.76938],[121.02319,24.76953],[121.02334,24.76972],[121.0236,24.76995],[121.02393,24.77019],[121.02436,24.77042],[121.02485,24.7707],[121.0252,24.77098],[121.02528,24.77105]],[[121.02528,24.77105],[121.02536,24.77112],[121.02571,24.77142],[121.02603,24.77153],[121.02608,24.77155],[121.02611,24.77156]]]}},{"type":"Feature","properties":{"name":"經國大橋（東區2）","base":"經國大橋（東區2）","section":null,"tier":"medium","length_m":1771,"district":"東區"},"geometry":{"type":"MultiLineString","coordinates":[[[121.01599,24.8043],[121.01567,24.80391]],[[121.02219,24.81166],[121.02166,24.81074],[121.02147,24.81044],[121.02104,24.80994],[121.02056,24.80945],[121.01988,24.80873],[121.01942,24.80825],[121.01829,24.80696],[121.01765,24.80627]],[[121.01765,24.80627],[121.01741,24.80598],[121.01721,24.80572],[121.01682,24.80527],[121.01654,24.80494],[121.01643,24.8048],[121.01634,24.80467],[121.01599,24.8043]],[[121.01567,24.80391],[121.01537,24.80357],[121.01474,24.8029],[121.01442,24.80247],[121.01416,24.80208],[121.01404,24.80181],[121.01387,24.8014],[121.01372,24.80087],[121.01364,24.80047],[121.01352,24.79947],[121.01346,24.799],[121.01343,24.79888]],[[121.01343,24.79888],[121.0134,24.79863],[121.0134,24.79859],[121.01339,24.79831]]]}},{"type":"Feature","properties":{"name":"經國大橋（東區）","base":"經國大橋（東區）","section":null,"tier":"medium","length_m":1335,"district":"東區"},"geometry":{"type":"MultiLineString","coordinates":[[[121.0135,24.7983],[121.01352,24.79859],[121.01352,24.79863],[121.01355,24.79888]],[[121.01842,24.8068],[121.0191,24.80761],[121.01973,24.80834],[121.01981,24.80846]],[[121.01556,24.80351],[121.01631,24.80434],[121.01708,24.80529],[121.01769,24.80598],[121.01834,24.80675],[121.01842,24.8068]],[[121.01355,24.79888],[121.01354,24.79899],[121.01359,24.79953],[121.01371,24.80039],[121.01386,24.80108],[121.01414,24.80181],[121.01441,24.80224],[121.0146,24.80251],[121.01481,24.80276],[121.01506,24.80304],[121.01535,24.80334],[121.01556,24.80351]]]}},{"type":"Feature","properties":{"name":"經國路一段442巷","base":"經國路一段442巷","section":null,"tier":"hard","length_m":92,"lane":true,"district":"東區"},"geometry":{"type":"MultiLineString","coordinates":[[[120.97968,24.81469],[120.97976,24.81477],[120.98007,24.8151]],[[120.98007,24.8151],[120.98027,24.8153],[120.98028,24.81531]]]}},{"type":"Feature","properties":{"name":"經國路一段454巷","base":"經國路一段454巷","section":null,"tier":"hard","length_m":450,"lane":true,"district":"北區"},"geometry":{"type":"MultiLineString","coordinates":[[[120.97913,24.81466],[120.9791,24.81501],[120.97909,24.81517],[120.97906,24.81564],[120.97928,24.81583]],[[120.97789,24.81707],[120.97844,24.81658],[120.97887,24.81619],[120.97928,24.81583],[120.98007,24.8151]]]}},{"type":"Feature","properties":{"name":"經國路一段（北區）","base":"經國路（北區）","section":"一段","tier":"easy","length_m":2653,"district":"北區"},"geometry":{"type":"MultiLineString","coordinates":[[[120.96749,24.81377],[120.9676,24.81377],[120.96778,24.81377],[120.96781,24.81377],[120.969,24.81385],[120.96969,24.81389]],[[120.96992,24.8139],[120.97044,24.81394],[120.97067,24.81396],[120.97081,24.81397],[120.971,24.81399],[120.97103,24.81399],[120.97239,24.81408],[120.97252,24.81409],[120.97271,24.8141],[120.97414,24.81421],[120.97427,24.81422]],[[120.96969,24.81389],[120.96992,24.8139]],[[120.97967,24.81457],[120.97989,24.81459],[120.98099,24.81469]],[[120.98549,24.815],[120.98644,24.81505],[120.98728,24.8151],[120.98741,24.81511],[120.98757,24.81512],[120.98822,24.81516],[120.98849,24.81518],[120.9887,24.81519],[120.98908,24.81524],[120.98979,24.81527],[120.99016,24.8153],[120.99049,24.81532],[120.99164,24.8154],[120.99186,24.81544],[120.99239,24.81562],[120.99277,24.81575],[120.99329,24.81595],[120.99343,24.816],[120.99357,24.81605]],[[120.97689,24.81438],[120.97708,24.81439],[120.97732,24.81441],[120.97769,24.81444],[120.97784,24.81444],[120.97807,24.81446],[120.97891,24.81452],[120.97953,24.81457],[120.97967,24.81457]],[[120.98099,24.81469],[120.98121,24.81471],[120.98124,24.81472],[120.98243,24.81476],[120.98424,24.81489],[120.98502,24.81494],[120.98534,24.81498]],[[120.98534,24.81498],[120.98549,24.815]],[[120.97427,24.81422],[120.9744,24.81423],[120.97557,24.81431],[120.9758,24.81433],[120.97668,24.81437],[120.97689,24.81438]]]}},{"type":"Feature","properties":{"name":"經國路一段（東區）","base":"經國路（東區）","section":"一段","tier":"easy","length_m":2641,"district":"東區"},"geometry":{"type":"MultiLineString","coordinates":[[[120.99349,24.81613],[120.99327,24.81606],[120.99324,24.81605],[120.99314,24.81601],[120.99212,24.81565],[120.9918,24.81554],[120.99157,24.81551],[120.9893,24.81536],[120.98901,24.81534],[120.98847,24.81531],[120.98783,24.81525],[120.9874,24.81523],[120.98739,24.81523],[120.98543,24.8151]],[[120.96973,24.81401],[120.9691,24.81397],[120.96897,24.81396],[120.96816,24.81392],[120.9679,24.8139],[120.96769,24.81389],[120.96752,24.81388]],[[120.96993,24.81402],[120.96973,24.81401]],[[120.98529,24.81509],[120.98508,24.81507],[120.98414,24.81501],[120.98242,24.81488],[120.98124,24.81481],[120.98122,24.81481],[120.98119,24.81481],[120.98087,24.81479]],[[120.97968,24.81469],[120.97952,24.81468],[120.97913,24.81466],[120.97889,24.81464],[120.97805,24.81459],[120.97708,24.81452],[120.97695,24.81451]],[[120.97695,24.81451],[120.97686,24.8145],[120.97665,24.81448],[120.97662,24.81448],[120.97561,24.81443],[120.97439,24.81434],[120.97426,24.81433]],[[120.98087,24.81479],[120.97988,24.8147],[120.97968,24.81469]],[[120.97426,24.81433],[120.97413,24.81432],[120.97266,24.81422],[120.9725,24.81421],[120.97233,24.81419],[120.97098,24.81411],[120.97085,24.8141],[120.97061,24.81408],[120.97043,24.81407],[120.96993,24.81402]],[[120.98543,24.8151],[120.98529,24.81509]]]}},{"type":"Feature","properties":{"name":"經國路三段（香山區2）","base":"經國路（香山區2）","section":"三段","tier":"easy","length_m":461,"district":"香山區"},"geometry":{"type":"MultiLineString","coordinates":[[[120.95336,24.7992],[120.95302,24.79829],[120.95275,24.79758],[120.95264,24.7973],[120.95245,24.79681],[120.95241,24.79671],[120.95238,24.7966]],[[120.95238,24.7966],[120.95239,24.79647]],[[120.95381,24.8004],[120.95379,24.80035],[120.95336,24.7992]]]}},{"type":"Feature","properties":{"name":"經國路三段（香山區）","base":"經國路（香山區）","section":"三段","tier":"easy","length_m":449,"district":"香山區"},"geometry":{"type":"MultiLineString","coordinates":[[[120.95261,24.79649],[120.9526,24.79661]],[[120.9526,24.79661],[120.95266,24.79685],[120.95273,24.79712],[120.95297,24.79773],[120.95328,24.79856],[120.95341,24.79892],[120.95351,24.79916]],[[120.95351,24.79916],[120.95375,24.79987],[120.95383,24.80012],[120.95392,24.80034]]]}},{"type":"Feature","properties":{"name":"經國路二段（北區）","base":"經國路（北區）","section":"二段","tier":"easy","length_m":2029,"district":"北區"},"geometry":{"type":"MultiLineString","coordinates":[[[120.9546,24.80211],[120.95485,24.80278],[120.9551,24.80346],[120.95552,24.8046],[120.95558,24.80476]],[[120.95558,24.80476],[120.95564,24.80491],[120.95572,24.80512],[120.95585,24.8055],[120.95605,24.80598],[120.95617,24.80631]],[[120.95422,24.80108],[120.95425,24.80115],[120.9543,24.8013],[120.9546,24.80211]],[[120.95617,24.80631],[120.95642,24.80661],[120.95659,24.80677],[120.95669,24.80686],[120.95703,24.80706],[120.95819,24.80781],[120.96016,24.80911]],[[120.96016,24.80911],[120.96084,24.80954],[120.9614,24.80988],[120.96144,24.8099],[120.96217,24.81039],[120.9626,24.81066],[120.96358,24.81128],[120.96371,24.81137],[120.96452,24.81188],[120.96562,24.8126],[120.96589,24.81277],[120.9668,24.81335],[120.96729,24.81367],[120.96738,24.81372],[120.96749,24.81377]]]}},{"type":"Feature","properties":{"name":"經國路二段（東區）","base":"經國路（東區）","section":"二段","tier":"easy","length_m":2046,"district":"東區"},"geometry":{"type":"MultiLineString","coordinates":[[[120.96752,24.81388],[120.96741,24.81385],[120.9673,24.8138],[120.96723,24.81377],[120.96678,24.81348],[120.96595,24.81296],[120.96557,24.81271],[120.96444,24.81199]],[[120.95449,24.80215],[120.95427,24.80156],[120.95418,24.80133],[120.9541,24.80113]],[[120.95548,24.80479],[120.95544,24.80472],[120.95509,24.80381]],[[120.95509,24.80381],[120.95498,24.8035],[120.95449,24.80215]],[[120.96444,24.81199],[120.96356,24.81142],[120.96286,24.81097],[120.96252,24.81076],[120.96208,24.81047],[120.96189,24.81034],[120.96136,24.80999],[120.96071,24.80957],[120.9601,24.80919]],[[120.9601,24.80919],[120.95917,24.80858],[120.95878,24.80832],[120.9581,24.80789],[120.95664,24.80694],[120.9565,24.80684],[120.9561,24.80644]],[[120.9561,24.80644],[120.95605,24.8064],[120.95599,24.80615],[120.9559,24.80591],[120.95577,24.80559],[120.95569,24.80539],[120.95553,24.80494],[120.95548,24.80479]]]}},{"type":"Feature","properties":{"name":"綠水路","base":"綠水路","section":null,"tier":"hard","length_m":417,"district":"東區"},"geometry":{"type":"MultiLineString","coordinates":[[[120.98656,24.79977],[120.98609,24.79993],[120.98583,24.80001],[120.98525,24.80021],[120.98515,24.80024],[120.98445,24.80048],[120.9844,24.8005],[120.98379,24.80068],[120.98268,24.80105]]]}},{"type":"Feature","properties":{"name":"美之城一街","base":"美之城一街","section":null,"tier":"hard","length_m":165,"district":"香山區"},"geometry":{"type":"MultiLineString","coordinates":[[[120.95955,24.76664],[120.96041,24.76703],[120.96053,24.76707],[120.96062,24.76704],[120.96088,24.76701],[120.96106,24.76706]]]}},{"type":"Feature","properties":{"name":"美之城九街","base":"美之城九街","section":null,"tier":"hard","length_m":139,"district":"香山區"},"geometry":{"type":"MultiLineString","coordinates":[[[120.95763,24.76885],[120.95739,24.76875],[120.95729,24.76865],[120.95724,24.7685],[120.95722,24.76843],[120.95714,24.76819],[120.95702,24.76811],[120.95695,24.76786]]]}},{"type":"Feature","properties":{"name":"美山路","base":"美山路","section":null,"tier":"medium","length_m":843,"district":"香山區"},"geometry":{"type":"MultiLineString","coordinates":[[[120.91858,24.77825],[120.91847,24.77827],[120.91821,24.7783]],[[120.91461,24.77876],[120.91469,24.77867],[120.91477,24.77866],[120.91486,24.77865]],[[120.91486,24.77865],[120.9152,24.77859]],[[120.91821,24.7783],[120.91673,24.77852],[120.9152,24.77875],[120.91488,24.7788],[120.91481,24.77881],[120.9147,24.77883],[120.91461,24.77876]],[[120.9152,24.77859],[120.9167,24.77837],[120.91817,24.77814],[120.91845,24.7781],[120.91855,24.77808]],[[120.91871,24.77828],[120.91858,24.77825]],[[120.91855,24.77808],[120.91867,24.77806]]]}},{"type":"Feature","properties":{"name":"美森街","base":"美森街","section":null,"tier":"hard","length_m":245,"district":"香山區"},"geometry":{"type":"MultiLineString","coordinates":[[[120.92387,24.79053],[120.92397,24.79058],[120.92411,24.79071],[120.92431,24.79088],[120.92443,24.79099],[120.92457,24.79112],[120.92461,24.79115],[120.92479,24.79133],[120.92482,24.79136],[120.92493,24.79149],[120.92503,24.79161],[120.92519,24.79179],[120.92528,24.79187],[120.92558,24.79208]]]}},{"type":"Feature","properties":{"name":"聖軍路","base":"聖軍路","section":null,"tier":"hard","length_m":538,"district":"北區"},"geometry":{"type":"MultiLineString","coordinates":[[[120.92916,24.84197],[120.92968,24.84285],[120.93003,24.84343],[120.93018,24.84369],[120.93049,24.84421]],[[120.92797,24.83995],[120.92803,24.84006]],[[120.92803,24.84006],[120.92835,24.84061],[120.92857,24.84097],[120.92865,24.84111],[120.92875,24.84128],[120.92878,24.84133],[120.92916,24.84197]]]}},{"type":"Feature","properties":{"name":"聯興路","base":"聯興路","section":null,"tier":"hard","length_m":274,"district":"北區"},"geometry":{"type":"MultiLineString","coordinates":[[[120.92623,24.84066],[120.92629,24.84077],[120.92631,24.8408],[120.92674,24.84146],[120.92728,24.84231],[120.92759,24.84279]]]}},{"type":"Feature","properties":{"name":"育德街","base":"育德街","section":null,"tier":"hard","length_m":643,"district":"香山區"},"geometry":{"type":"MultiLineString","coordinates":[[[120.94196,24.79377],[120.94251,24.79399],[120.94262,24.79403],[120.94296,24.79416],[120.94369,24.79444]],[[120.94369,24.79444],[120.94445,24.79472],[120.94511,24.79498],[120.94585,24.79526],[120.94608,24.79534],[120.94622,24.7954],[120.94716,24.79575],[120.94746,24.79587],[120.94783,24.79602]]]}},{"type":"Feature","properties":{"name":"育民街","base":"育民街","section":null,"tier":"hard","length_m":260,"district":"東區"},"geometry":{"type":"MultiLineString","coordinates":[[[121.00801,24.78499],[121.00794,24.7852],[121.00819,24.7855],[121.00841,24.78572],[121.00867,24.78598],[121.00893,24.78625],[121.00918,24.78651],[121.00947,24.7868]]]}},{"type":"Feature","properties":{"name":"育英路","base":"育英路","section":null,"tier":"hard","length_m":462,"district":"北區"},"geometry":{"type":"MultiLineString","coordinates":[[[120.95763,24.79974],[120.95817,24.7994],[120.95918,24.79873],[120.9593,24.79858],[120.95943,24.7984],[120.95967,24.79807],[120.96004,24.7976],[120.9602,24.7974],[120.96026,24.79732],[120.96034,24.79723],[120.96072,24.79675]]]}},{"type":"Feature","properties":{"name":"自由路","base":"自由路","section":null,"tier":"medium","length_m":904,"district":"東區"},"geometry":{"type":"MultiLineString","coordinates":[[[120.97967,24.81457],[120.97978,24.81443],[120.98023,24.81382],[120.9804,24.81359],[120.98045,24.81353],[120.98065,24.81329],[120.98067,24.81325],[120.98119,24.81256],[120.98134,24.81236]],[[120.98236,24.81109],[120.98238,24.81091],[120.98249,24.81075],[120.98287,24.81027],[120.98293,24.81019],[120.9833,24.80974],[120.98343,24.80967],[120.98347,24.80961],[120.98349,24.80958],[120.98351,24.80949]],[[120.98365,24.80958],[120.98359,24.80965]],[[120.98134,24.81236],[120.98162,24.81204],[120.98177,24.81185],[120.98202,24.81154],[120.98215,24.81137],[120.9823,24.81117],[120.98236,24.81109]],[[120.98359,24.80965],[120.98357,24.80968],[120.98351,24.80976],[120.98342,24.80986],[120.98308,24.81028],[120.98301,24.81037],[120.98285,24.81059],[120.98262,24.81088],[120.98253,24.811],[120.98236,24.81109]]]}},{"type":"Feature","properties":{"name":"至善街","base":"至善街","section":null,"tier":"hard","length_m":440,"district":"香山區"},"geometry":{"type":"MultiLineString","coordinates":[[[120.95073,24.75753],[120.95058,24.75714],[120.95044,24.75667],[120.95034,24.75652],[120.95021,24.75643],[120.94999,24.75626],[120.94993,24.7561],[120.94985,24.75591],[120.94976,24.75578],[120.9497,24.75568],[120.94972,24.75557],[120.94975,24.75546],[120.94973,24.75508]],[[120.94973,24.75508],[120.94988,24.75509],[120.95001,24.75511],[120.95007,24.75511],[120.95012,24.75508],[120.95013,24.75504],[120.95013,24.75498],[120.95015,24.75492],[120.95024,24.75485],[120.95048,24.75485],[120.95066,24.75496],[120.95081,24.75507]]]}},{"type":"Feature","properties":{"name":"興南街","base":"興南街","section":null,"tier":"hard","length_m":305,"district":"北區"},"geometry":{"type":"MultiLineString","coordinates":[[[120.96437,24.80057],[120.96368,24.80103],[120.96348,24.80118],[120.96331,24.8014],[120.96275,24.80213],[120.9627,24.80219],[120.96239,24.8026]]]}},{"type":"Feature","properties":{"name":"興學街","base":"興學街","section":null,"tier":"hard","length_m":205,"district":"東區"},"geometry":{"type":"MultiLineString","coordinates":[[[120.96711,24.79599],[120.96672,24.79653],[120.96651,24.79682],[120.96636,24.79703],[120.96599,24.79753]]]}},{"type":"Feature","properties":{"name":"興業一路","base":"興業一路","section":null,"tier":"hard","length_m":327,"district":"東區"},"geometry":{"type":"MultiLineString","coordinates":[[[120.99064,24.7771],[120.99058,24.77715],[120.98964,24.77804],[120.98925,24.77842],[120.9892,24.77847],[120.98906,24.7786],[120.98902,24.77863],[120.98846,24.77914],[120.98838,24.77921]]]}},{"type":"Feature","properties":{"name":"興業二路","base":"興業二路","section":null,"tier":"hard","length_m":207,"district":"東區"},"geometry":{"type":"MultiLineString","coordinates":[[[120.99119,24.77797],[120.99113,24.77801],[120.99009,24.77876],[120.99006,24.77879],[120.98981,24.77899],[120.98975,24.77904]],[[120.98975,24.77904],[120.9896,24.77915]]]}},{"type":"Feature","properties":{"name":"興濱路","base":"興濱路","section":null,"tier":"hard","length_m":372,"district":"北區"},"geometry":{"type":"MultiLineString","coordinates":[[[120.93256,24.84101],[120.93212,24.84134],[120.93171,24.84165],[120.93125,24.84201],[120.9308,24.84237],[120.9302,24.8426],[120.92968,24.84285]],[[120.93266,24.84093],[120.93256,24.84101]]]}},{"type":"Feature","properties":{"name":"興竹街","base":"興竹街","section":null,"tier":"hard","length_m":484,"district":"東區"},"geometry":{"type":"MultiLineString","coordinates":[[[120.96678,24.798],[120.96703,24.79816],[120.96763,24.79853],[120.96796,24.79874]],[[120.96678,24.798],[120.96599,24.79753],[120.9643,24.7965],[120.96412,24.79639],[120.96398,24.79631]]]}},{"type":"Feature","properties":{"name":"舊港大橋","base":"舊港大橋","section":null,"tier":"medium","length_m":339,"district":"北區"},"geometry":{"type":"MultiLineString","coordinates":[[[120.94236,24.84398],[120.94228,24.84397],[120.94213,24.84389],[120.94197,24.8438],[120.94191,24.84376],[120.94125,24.84298],[120.94105,24.84274],[120.94082,24.84244],[120.94067,24.8422],[120.94051,24.84189],[120.94043,24.84176],[120.94036,24.84167],[120.94033,24.84163]]]}},{"type":"Feature","properties":{"name":"舊社僑","base":"舊社僑","section":null,"tier":"medium","length_m":17,"district":"北區"},"geometry":{"type":"MultiLineString","coordinates":[[[120.97793,24.82345],[120.97777,24.82339]]]}},{"type":"Feature","properties":{"name":"舊社大橋（北區2）","base":"舊社大橋（北區2）","section":null,"tier":"medium","length_m":781,"district":"北區"},"geometry":{"type":"MultiLineString","coordinates":[[[120.97876,24.82386],[120.98175,24.83034]]]}},{"type":"Feature","properties":{"name":"舊社大橋（北區）","base":"舊社大橋（北區）","section":null,"tier":"medium","length_m":777,"district":"北區"},"geometry":{"type":"MultiLineString","coordinates":[[[120.98166,24.83036],[120.97864,24.82393]]]}},{"type":"Feature","properties":{"name":"芝柏一街","base":"芝柏一街","section":null,"tier":"hard","length_m":406,"district":"香山區"},"geometry":{"type":"MultiLineString","coordinates":[[[120.94869,24.77649],[120.94858,24.7765],[120.94814,24.77672],[120.94811,24.77678],[120.94781,24.777],[120.94775,24.777],[120.94768,24.77698],[120.94719,24.77733],[120.94712,24.77736],[120.94706,24.77736],[120.94695,24.77732],[120.94687,24.77727],[120.94674,24.77714],[120.94659,24.77699],[120.94651,24.77689],[120.94639,24.77676],[120.94625,24.77661],[120.94609,24.77644],[120.94591,24.77627],[120.94578,24.77616],[120.94562,24.77605]]]}},{"type":"Feature","properties":{"name":"芝柏三街","base":"芝柏三街","section":null,"tier":"hard","length_m":225,"district":"香山區"},"geometry":{"type":"MultiLineString","coordinates":[[[120.94674,24.77714],[120.94783,24.77637],[120.94788,24.77641],[120.94844,24.77613],[120.94858,24.7761]]]}},{"type":"Feature","properties":{"name":"芝柏二街","base":"芝柏二街","section":null,"tier":"hard","length_m":65,"district":"香山區"},"geometry":{"type":"MultiLineString","coordinates":[[[120.94651,24.77689],[120.94665,24.77686],[120.94704,24.77658]]]}},{"type":"Feature","properties":{"name":"芝柏五街","base":"芝柏五街","section":null,"tier":"hard","length_m":215,"district":"香山區"},"geometry":{"type":"MultiLineString","coordinates":[[[120.94695,24.77732],[120.948,24.77656],[120.94804,24.7766],[120.9487,24.77632]]]}},{"type":"Feature","properties":{"name":"芝柏橋","base":"芝柏橋","section":null,"tier":"medium","length_m":63,"district":"香山區"},"geometry":{"type":"MultiLineString","coordinates":[[[120.94414,24.77604],[120.9447,24.7758]]]}},{"type":"Feature","properties":{"name":"芝麻街","base":"芝麻街","section":null,"tier":"hard","length_m":79,"district":"北區"},"geometry":{"type":"MultiLineString","coordinates":[[[120.96466,24.80915],[120.96496,24.80934],[120.96533,24.80916]]]}},{"type":"Feature","properties":{"name":"花園新城一街","base":"花園新城一街","section":null,"tier":"hard","length_m":336,"district":"香山區"},"geometry":{"type":"MultiLineString","coordinates":[[[120.92833,24.78451],[120.92905,24.78328],[120.92989,24.78184]]]}},{"type":"Feature","properties":{"name":"花園新城二街","base":"花園新城二街","section":null,"tier":"hard","length_m":364,"district":"香山區"},"geometry":{"type":"MultiLineString","coordinates":[[[120.92963,24.78154],[120.92931,24.78212],[120.92872,24.78314],[120.92796,24.78444]]]}},{"type":"Feature","properties":{"name":"花園新城街","base":"花園新城街","section":null,"tier":"hard","length_m":299,"district":"東區"},"geometry":{"type":"MultiLineString","coordinates":[[[120.97949,24.76751],[120.9795,24.76721],[120.97944,24.76692],[120.97942,24.76664],[120.97937,24.76635],[120.97932,24.76602],[120.97927,24.7657],[120.97923,24.76542],[120.97919,24.76514],[120.97915,24.76484]]]}},{"type":"Feature","properties":{"name":"花園橋","base":"花園橋","section":null,"tier":"hard","length_m":42,"district":"東區"},"geometry":{"type":"MultiLineString","coordinates":[[[120.96438,24.78662],[120.96416,24.78694]]]}},{"type":"Feature","properties":{"name":"花園街","base":"花園街","section":null,"tier":"hard","length_m":724,"district":"東區"},"geometry":{"type":"MultiLineString","coordinates":[[[120.97791,24.80455],[120.97687,24.80398],[120.97654,24.80381],[120.97651,24.80379],[120.9762,24.80362],[120.97563,24.80331]],[[120.97654,24.80381],[120.97682,24.80376],[120.97686,24.80375],[120.97743,24.80365],[120.97819,24.80352],[120.97854,24.80346],[120.97876,24.80343]],[[120.97563,24.80331],[120.97553,24.80326]],[[120.97553,24.80326],[120.97559,24.80317]],[[120.97859,24.80365],[120.97853,24.80369],[120.97746,24.80388],[120.97687,24.80398]],[[120.97854,24.80346],[120.97862,24.80351],[120.97863,24.80357],[120.97859,24.80365]]]}},{"type":"Feature","properties":{"name":"英明街","base":"英明街","section":null,"tier":"hard","length_m":402,"district":"北區"},"geometry":{"type":"MultiLineString","coordinates":[[[120.96466,24.80572],[120.96515,24.80602],[120.9652,24.80604],[120.96539,24.80606],[120.96595,24.80611],[120.96634,24.80615],[120.9668,24.80619],[120.96731,24.80651],[120.96772,24.80677],[120.96816,24.80706],[120.96821,24.80709]]]}},{"type":"Feature","properties":{"name":"茄苳北街","base":"茄苳北街","section":null,"tier":"hard","length_m":2019,"district":"香山區"},"geometry":{"type":"MultiLineString","coordinates":[[[120.95586,24.7504],[120.95567,24.75027],[120.9556,24.75013],[120.95555,24.74999],[120.95549,24.74985],[120.95541,24.74976],[120.95532,24.74967],[120.95527,24.7496],[120.95522,24.7495],[120.95519,24.74937],[120.95517,24.74922],[120.95515,24.74903],[120.95515,24.74898],[120.95508,24.74882],[120.95497,24.74867],[120.95494,24.74855],[120.95496,24.74845],[120.955,24.74828],[120.955,24.74812],[120.95496,24.748],[120.95486,24.7479],[120.95474,24.74781],[120.95473,24.74778],[120.95473,24.74777],[120.95477,24.74769],[120.95484,24.74762],[120.95488,24.74761],[120.95492,24.7476],[120.95497,24.74761],[120.95503,24.74764],[120.95515,24.7477],[120.95534,24.74779],[120.95555,24.74791],[120.9557,24.74797],[120.95588,24.74801],[120.95613,24.74803],[120.9562,24.74804],[120.95628,24.74803],[120.95658,24.74801],[120.95731,24.74797]],[[120.95763,24.74656],[120.95758,24.74612],[120.95756,24.74599],[120.95754,24.74589],[120.95751,24.74582],[120.95746,24.74577],[120.95725,24.74564],[120.95709,24.74547],[120.95704,24.74544],[120.95696,24.7454],[120.95688,24.74539],[120.95671,24.74541],[120.95662,24.74541],[120.95651,24.74541],[120.95645,24.74543],[120.95634,24.74549],[120.95628,24.74551],[120.95623,24.7455],[120.95599,24.74541],[120.95523,24.7452],[120.95445,24.74504],[120.95437,24.74502],[120.95431,24.74495],[120.95424,24.74489],[120.95417,24.74485],[120.9541,24.74483],[120.95402,24.74484],[120.95342,24.74491],[120.95326,24.74498],[120.95308,24.74511],[120.953,24.74514],[120.95286,24.74519],[120.9527,24.74521],[120.95248,24.74524],[120.95239,24.74525],[120.95231,24.74528],[120.95214,24.74536],[120.95189,24.74557],[120.95181,24.74563],[120.95144,24.7458],[120.95135,24.7459],[120.95133,24.74597],[120.95133,24.74608],[120.9513,24.74619],[120.95121,24.74644],[120.95114,24.74652],[120.95102,24.74678],[120.95095,24.74687],[120.95083,24.74696],[120.95059,24.7471],[120.95053,24.74716],[120.95027,24.74756],[120.95022,24.74768],[120.9502,24.7479],[120.95017,24.74798],[120.95012,24.74804],[120.94969,24.74838],[120.94962,24.74842],[120.94955,24.74843],[120.94932,24.74842],[120.94924,24.74846],[120.94918,24.74848],[120.94909,24.74857],[120.94892,24.74861],[120.94873,24.74862],[120.94846,24.74862]],[[120.95763,24.74656],[120.95763,24.74659],[120.95757,24.74668],[120.95748,24.74682],[120.95745,24.74692],[120.9574,24.74737],[120.95738,24.74744],[120.95736,24.74756],[120.95733,24.74782],[120.95731,24.74797]]]}},{"type":"Feature","properties":{"name":"茄苳北街835巷","base":"茄苳北街835巷","section":null,"tier":"hard","length_m":226,"lane":true,"district":"香山區"},"geometry":{"type":"MultiLineString","coordinates":[[[120.95114,24.74652],[120.95097,24.74635],[120.95093,24.74633],[120.95086,24.74635],[120.95074,24.74643],[120.95068,24.7465],[120.95065,24.74652],[120.95061,24.74653],[120.95058,24.74653],[120.95056,24.7465],[120.95046,24.74622],[120.95042,24.74615],[120.95025,24.74603],[120.95012,24.74599],[120.95,24.74598],[120.94993,24.74599],[120.94988,24.74601],[120.94986,24.74607],[120.94984,24.74611],[120.94983,24.74619],[120.94987,24.74626],[120.94999,24.74637]]]}},{"type":"Feature","properties":{"name":"茄苳北街836巷","base":"茄苳北街836巷","section":null,"tier":"hard","length_m":108,"lane":true,"district":"香山區"},"geometry":{"type":"MultiLineString","coordinates":[[[120.95102,24.74678],[120.9511,24.74685],[120.95148,24.74698],[120.95174,24.74695],[120.95191,24.74695],[120.95202,24.74691]]]}},{"type":"Feature","properties":{"name":"茄苳景觀大道（香山區2）","base":"茄苳景觀大道（香山區2）","section":null,"tier":"medium","length_m":66,"district":"香山區"},"geometry":{"type":"MultiLineString","coordinates":[[[120.94931,24.79841],[120.94923,24.79812],[120.94918,24.7979],[120.94916,24.79783]]]}},{"type":"Feature","properties":{"name":"茄苳景觀大道（香山區3）","base":"茄苳景觀大道（香山區3）","section":null,"tier":"medium","length_m":636,"district":"香山區"},"geometry":{"type":"MultiLineString","coordinates":[[[120.95216,24.77054],[120.9522,24.77012],[120.95225,24.76994],[120.9523,24.76983],[120.95237,24.76964],[120.95259,24.76927],[120.9529,24.7689],[120.95454,24.76706],[120.95524,24.76628],[120.95561,24.76587]]]}},{"type":"Feature","properties":{"name":"茄苳景觀大道（香山區4）","base":"茄苳景觀大道（香山區4）","section":null,"tier":"medium","length_m":87,"district":"香山區"},"geometry":{"type":"MultiLineString","coordinates":[[[120.94922,24.7978],[120.94953,24.79853]]]}},{"type":"Feature","properties":{"name":"茄苳景觀大道（香山區5）","base":"茄苳景觀大道（香山區5）","section":null,"tier":"medium","length_m":1257,"district":"香山區"},"geometry":{"type":"MultiLineString","coordinates":[[[120.95357,24.77471],[120.95439,24.77692],[120.95469,24.77776],[120.95506,24.77885],[120.95521,24.77942],[120.9553,24.77998],[120.95531,24.78026],[120.95531,24.78075],[120.95519,24.78135],[120.95511,24.78168],[120.95503,24.78186],[120.95485,24.78223],[120.95467,24.78259]],[[120.95451,24.7829],[120.95435,24.78308],[120.95403,24.78342],[120.95396,24.7835],[120.95385,24.7836],[120.95357,24.78384],[120.95335,24.78399]],[[120.95467,24.78259],[120.95451,24.7829]],[[120.95335,24.78399],[120.95225,24.78469]]]}},{"type":"Feature","properties":{"name":"茄苳景觀大道（香山區6）","base":"茄苳景觀大道（香山區6）","section":null,"tier":"medium","length_m":1239,"district":"香山區"},"geometry":{"type":"MultiLineString","coordinates":[[[120.95458,24.78255],[120.95477,24.78221],[120.95493,24.78183],[120.9551,24.78133],[120.9552,24.78072],[120.95521,24.78024],[120.9552,24.77999],[120.95512,24.77944],[120.95496,24.77887],[120.95449,24.77754],[120.95381,24.77566],[120.95349,24.77475]],[[120.9522,24.78461],[120.95305,24.78406],[120.95359,24.78366],[120.9538,24.78348],[120.95388,24.78339]],[[120.95388,24.78339],[120.95401,24.78327],[120.95411,24.78315],[120.95424,24.78298],[120.95441,24.78277],[120.95458,24.78255]]]}},{"type":"Feature","properties":{"name":"茄苳景觀大道（香山區7）","base":"茄苳景觀大道（香山區7）","section":null,"tier":"medium","length_m":629,"district":"香山區"},"geometry":{"type":"MultiLineString","coordinates":[[[120.95571,24.76594],[120.95532,24.76634],[120.95289,24.76906],[120.9527,24.76928],[120.95256,24.76948],[120.95245,24.76968],[120.95238,24.76989],[120.95234,24.77],[120.95229,24.77017],[120.95226,24.77039],[120.95226,24.77054]]]}},{"type":"Feature","properties":{"name":"茄苳景觀大道（香山區8）","base":"茄苳景觀大道（香山區8）","section":null,"tier":"medium","length_m":599,"district":"香山區"},"geometry":{"type":"MultiLineString","coordinates":[[[120.94651,24.78993],[120.94665,24.78955],[120.94673,24.78936],[120.94683,24.78918],[120.94702,24.78891],[120.94724,24.78864],[120.94771,24.78814],[120.94863,24.78714],[120.94913,24.78669],[120.94955,24.78635],[120.94966,24.78627],[120.95027,24.78587]]]}},{"type":"Feature","properties":{"name":"茄苳景觀大道（香山區9）","base":"茄苳景觀大道（香山區9）","section":null,"tier":"medium","length_m":590,"district":"香山區"},"geometry":{"type":"MultiLineString","coordinates":[[[120.95033,24.78596],[120.9501,24.7861],[120.94984,24.78627],[120.94962,24.78643],[120.94951,24.7865],[120.94926,24.7867],[120.94886,24.7871],[120.94874,24.78722],[120.94779,24.78821],[120.94733,24.7887],[120.9471,24.78896],[120.94692,24.78922],[120.94682,24.78939],[120.94673,24.78959],[120.9466,24.78995]]]}},{"type":"Feature","properties":{"name":"茄苳景觀大道（香山區）","base":"茄苳景觀大道（香山區）","section":null,"tier":"medium","length_m":3513,"district":"香山區"},"geometry":{"type":"MultiLineString","coordinates":[[[120.95831,24.75981],[120.95789,24.75902],[120.9572,24.75799],[120.95704,24.75764]],[[120.95615,24.75439],[120.95631,24.75481]],[[120.95599,24.75441],[120.95583,24.75394],[120.95576,24.75344],[120.95574,24.75305],[120.95574,24.75245],[120.95574,24.75139],[120.95578,24.75053],[120.95586,24.7504]],[[120.95586,24.7504],[120.95592,24.75055],[120.95587,24.7514],[120.95588,24.75244],[120.95588,24.75304],[120.95592,24.75342],[120.95601,24.75393],[120.95615,24.75439]],[[120.95849,24.75976],[120.95854,24.76039],[120.95856,24.76087],[120.95854,24.76121],[120.95851,24.76151],[120.9585,24.76159],[120.95841,24.76205],[120.95827,24.76248],[120.95807,24.76294],[120.95793,24.76322],[120.95758,24.76377],[120.9572,24.76427]],[[120.95704,24.75764],[120.95659,24.7563],[120.95642,24.75579]],[[120.95631,24.75481],[120.95661,24.75576]],[[120.95826,24.75926],[120.95849,24.75976]],[[120.95709,24.76419],[120.9575,24.76371],[120.95767,24.76343],[120.9578,24.76324],[120.95797,24.76285],[120.95817,24.76246],[120.9583,24.76202],[120.95839,24.76156],[120.95844,24.76121],[120.95845,24.76089],[120.95844,24.76038],[120.95831,24.75981]],[[120.95586,24.7504],[120.95588,24.74996],[120.95595,24.74886],[120.95613,24.74803]],[[120.95661,24.75576],[120.95692,24.75671],[120.95723,24.75764],[120.95736,24.75794],[120.95805,24.75893],[120.95826,24.75926]],[[120.95642,24.75579],[120.95599,24.75441]]]}},{"type":"Feature","properties":{"name":"茄苳東街","base":"茄苳東街","section":null,"tier":"hard","length_m":1455,"district":"香山區"},"geometry":{"type":"MultiLineString","coordinates":[[[120.93764,24.74789],[120.93771,24.74787],[120.9378,24.74781],[120.93794,24.74771],[120.93798,24.74767],[120.93805,24.74765],[120.93814,24.74764],[120.93823,24.74765],[120.93837,24.7477],[120.93857,24.74774],[120.93862,24.74774],[120.93875,24.74776],[120.93909,24.74785],[120.93926,24.74793],[120.93943,24.74801],[120.93951,24.74808],[120.93958,24.74816],[120.93966,24.74824],[120.93974,24.74828],[120.94003,24.74835],[120.94033,24.74839],[120.94071,24.74848],[120.94078,24.74849],[120.9409,24.74847],[120.94131,24.74843],[120.9414,24.74843],[120.94152,24.74845],[120.94171,24.7485],[120.94191,24.74859],[120.94204,24.74867],[120.9421,24.7487],[120.9422,24.74872],[120.94234,24.74872],[120.94244,24.74871],[120.94249,24.74871],[120.94254,24.74874],[120.94258,24.74878],[120.94268,24.74892],[120.94277,24.74901],[120.94289,24.74909],[120.94303,24.74916],[120.94322,24.74927],[120.94329,24.7492],[120.94335,24.74914],[120.94339,24.74911],[120.94343,24.7491],[120.9435,24.74911],[120.94357,24.74916],[120.94375,24.7493],[120.94379,24.74933],[120.94387,24.74937],[120.94405,24.74942],[120.9443,24.74952],[120.94445,24.74954],[120.94467,24.7496],[120.94474,24.74963],[120.94479,24.74969],[120.94486,24.74981],[120.94493,24.7499],[120.94499,24.74995],[120.94504,24.74999],[120.94508,24.75005],[120.94509,24.75012],[120.9451,24.75021],[120.94512,24.75026],[120.94516,24.75029],[120.9452,24.75029],[120.94527,24.75024],[120.94537,24.75018],[120.94565,24.7504],[120.94571,24.75047],[120.94573,24.75053],[120.94568,24.75058],[120.94555,24.75068],[120.94547,24.75075],[120.94541,24.75083],[120.9454,24.75093],[120.94543,24.75106],[120.94551,24.75125],[120.9456,24.7514],[120.94563,24.7515],[120.94567,24.75166],[120.94571,24.75173],[120.94579,24.75181],[120.94587,24.75191],[120.9459,24.75202],[120.94592,24.75218],[120.94591,24.75228],[120.94587,24.75242],[120.94582,24.75253],[120.94577,24.75261],[120.94573,24.75266],[120.94565,24.7527],[120.94557,24.75272],[120.94539,24.75273],[120.94465,24.75273],[120.94431,24.75271],[120.94414,24.75269],[120.94389,24.75265],[120.94376,24.75261],[120.9437,24.75258],[120.94365,24.75258],[120.94363,24.75261]]]}},{"type":"Feature","properties":{"name":"茄苳湖大橋","base":"茄苳湖大橋","section":null,"tier":"medium","length_m":197,"district":"香山區"},"geometry":{"type":"MultiLineString","coordinates":[[[120.95613,24.74803],[120.95639,24.74756],[120.95673,24.74725],[120.95702,24.74705],[120.95748,24.74682]]]}},{"type":"Feature","properties":{"name":"茄苳路","base":"茄苳路","section":null,"tier":"hard","length_m":739,"district":"香山區"},"geometry":{"type":"MultiLineString","coordinates":[[[120.94363,24.75261],[120.94423,24.75333]],[[120.94423,24.75333],[120.9443,24.75342],[120.94438,24.75351],[120.94454,24.75377],[120.94474,24.75408],[120.9451,24.75455],[120.94522,24.75464],[120.94535,24.7547],[120.94546,24.75478],[120.94561,24.75495],[120.94579,24.75519],[120.9459,24.75537],[120.94595,24.75544],[120.94602,24.75548],[120.94612,24.75554],[120.94616,24.75556],[120.9463,24.75562],[120.94634,24.75564],[120.94641,24.75568],[120.94648,24.75574],[120.94653,24.75579],[120.94662,24.75592],[120.9467,24.75602],[120.94674,24.75605],[120.94677,24.75607],[120.94684,24.75615],[120.94689,24.75624],[120.94698,24.75645],[120.94704,24.75661],[120.94713,24.75677],[120.94718,24.75683],[120.94728,24.75693],[120.94736,24.757],[120.94743,24.75709],[120.94748,24.75718],[120.94756,24.75726],[120.94766,24.75731],[120.94772,24.75737],[120.94775,24.75747],[120.94776,24.75757],[120.94773,24.75765],[120.94773,24.75773],[120.94775,24.75779],[120.94778,24.75785]]]}},{"type":"Feature","properties":{"name":"草湖街","base":"草湖街","section":null,"tier":"hard","length_m":1214,"district":"東區"},"geometry":{"type":"MultiLineString","coordinates":[[[120.95865,24.78257],[120.95874,24.78267],[120.95907,24.78336],[120.95911,24.78352],[120.95919,24.78368],[120.95926,24.78376],[120.9594,24.78384],[120.95963,24.78396],[120.95975,24.78395],[120.95984,24.7839],[120.95988,24.78379],[120.95989,24.78371],[120.95983,24.78364],[120.95968,24.78348],[120.95956,24.78332],[120.95949,24.78319],[120.95951,24.78302],[120.95957,24.78282],[120.95967,24.78271],[120.95979,24.78262],[120.95989,24.78259],[120.95999,24.78267],[120.96002,24.7828],[120.95999,24.78297],[120.95989,24.78325],[120.95993,24.78336],[120.96003,24.78341],[120.96037,24.78345],[120.96047,24.78346],[120.96062,24.78347],[120.96082,24.78345],[120.96102,24.78344],[120.96126,24.78338],[120.96148,24.78335],[120.96161,24.78337],[120.96166,24.78343],[120.96179,24.78364],[120.96208,24.78417],[120.96219,24.7843],[120.96229,24.78444],[120.96229,24.78471],[120.96226,24.78506],[120.96227,24.78518],[120.96236,24.78538],[120.96246,24.78549],[120.96263,24.78558],[120.96282,24.78564],[120.96305,24.78568],[120.96323,24.78572],[120.96345,24.78581],[120.96375,24.78592],[120.96404,24.78597],[120.9644,24.786],[120.96457,24.78606],[120.96466,24.78615],[120.96464,24.78624],[120.96459,24.78635],[120.96454,24.7864],[120.96447,24.78649],[120.96438,24.78662]]]}},{"type":"Feature","properties":{"name":"草潔街","base":"草潔街","section":null,"tier":"hard","length_m":1131,"district":"香山區"},"geometry":{"type":"MultiLineString","coordinates":[[[120.94299,24.75969],[120.94284,24.75975],[120.94266,24.75979],[120.94248,24.75979],[120.94231,24.75976],[120.94193,24.75966],[120.94155,24.75954],[120.94132,24.75946],[120.94119,24.75944],[120.94086,24.75949],[120.94066,24.7595],[120.94051,24.75946],[120.94034,24.75938],[120.94017,24.75925],[120.93996,24.75899],[120.93984,24.75888],[120.93935,24.75858],[120.93922,24.75846],[120.93912,24.75833],[120.93893,24.75795]],[[120.93893,24.75795],[120.93908,24.7579],[120.93928,24.7578],[120.93949,24.75758],[120.93982,24.7574],[120.94002,24.75731],[120.94027,24.75723],[120.94048,24.75721],[120.94051,24.75714],[120.94042,24.7569],[120.94043,24.75675],[120.9402,24.75658],[120.93975,24.75626],[120.93953,24.75588],[120.93923,24.75569],[120.93906,24.75556],[120.93905,24.75538],[120.93915,24.75526],[120.93926,24.75516],[120.93945,24.75508],[120.9395,24.75506],[120.93971,24.75486],[120.93982,24.75472],[120.9399,24.75466],[120.93996,24.75462],[120.94002,24.75463],[120.94009,24.75471],[120.94018,24.75481],[120.94028,24.75489],[120.94033,24.75491],[120.94039,24.75488]]]}},{"type":"Feature","properties":{"name":"莊敬街","base":"莊敬街","section":null,"tier":"hard","length_m":342,"district":"香山區"},"geometry":{"type":"MultiLineString","coordinates":[[[120.92804,24.79217],[120.92784,24.79253],[120.92761,24.7929],[120.92737,24.79321],[120.92725,24.79332],[120.92713,24.79343],[120.92697,24.79355],[120.92689,24.7936],[120.92676,24.79368],[120.92652,24.79379],[120.92629,24.7939],[120.92604,24.79401],[120.92584,24.7941],[120.92563,24.79418]]]}},{"type":"Feature","properties":{"name":"華北路","base":"華北路","section":null,"tier":"medium","length_m":306,"district":"香山區"},"geometry":{"type":"MultiLineString","coordinates":[[[120.94843,24.79489],[120.94838,24.79498],[120.94835,24.79504],[120.94832,24.7951],[120.94787,24.79595],[120.94783,24.79602],[120.94747,24.7967],[120.94711,24.79737]]]}},{"type":"Feature","properties":{"name":"華德福街","base":"華德福街","section":null,"tier":"hard","length_m":281,"district":"香山區"},"geometry":{"type":"MultiLineString","coordinates":[[[120.96112,24.75138],[120.96081,24.75085],[120.96072,24.75076],[120.96064,24.75066],[120.96051,24.75051],[120.96037,24.75033],[120.96033,24.75029]],[[120.96112,24.75138],[120.96188,24.75238]]]}},{"type":"Feature","properties":{"name":"華江溪橋（香山區2）","base":"華江溪橋（香山區2）","section":null,"tier":"easy","length_m":129,"district":"香山區"},"geometry":{"type":"MultiLineString","coordinates":[[[120.91914,24.80926],[120.92004,24.81008]]]}},{"type":"Feature","properties":{"name":"華江溪橋（香山區）","base":"華江溪橋（香山區）","section":null,"tier":"easy","length_m":126,"district":"香山區"},"geometry":{"type":"MultiLineString","coordinates":[[[120.91991,24.81009],[120.91903,24.80928]]]}},{"type":"Feature","properties":{"name":"華江街","base":"華江街","section":null,"tier":"hard","length_m":565,"district":"香山區"},"geometry":{"type":"MultiLineString","coordinates":[[[120.92172,24.81059],[120.92118,24.80945],[120.92118,24.80942],[120.92119,24.80941],[120.9212,24.80939],[120.92121,24.80936],[120.92121,24.80932],[120.92118,24.80927],[120.92116,24.80918],[120.92102,24.80893],[120.92097,24.80885],[120.9209,24.80872],[120.92074,24.80845],[120.92055,24.80814],[120.9204,24.8079],[120.92038,24.80786],[120.92025,24.80763],[120.92016,24.80742],[120.92014,24.8074],[120.92,24.80714],[120.91996,24.8071],[120.91986,24.80702],[120.91973,24.80689],[120.9195,24.80666],[120.91928,24.80642],[120.91912,24.80618]]]}},{"type":"Feature","properties":{"name":"藍天街","base":"藍天街","section":null,"tier":"hard","length_m":517,"district":"香山區"},"geometry":{"type":"MultiLineString","coordinates":[[[120.90528,24.76352],[120.90547,24.7634],[120.90552,24.76337],[120.90558,24.76333],[120.90565,24.76328],[120.90569,24.76323],[120.90573,24.76316],[120.90575,24.76306],[120.90575,24.76288],[120.90579,24.76189],[120.9058,24.76181],[120.90582,24.76087],[120.9058,24.76084],[120.90577,24.76081],[120.90572,24.76079],[120.90567,24.76078],[120.90559,24.7608],[120.90555,24.76081],[120.90543,24.76085],[120.9053,24.7609],[120.9052,24.76095],[120.90486,24.76113],[120.90462,24.76127],[120.90425,24.76149],[120.90412,24.76159]]]}},{"type":"Feature","properties":{"name":"藝術路","base":"藝術路","section":null,"tier":"hard","length_m":707,"district":"東區"},"geometry":{"type":"MultiLineString","coordinates":[[[120.96686,24.76911],[120.96682,24.76929],[120.96667,24.76949],[120.96648,24.7696]],[[120.96737,24.7684],[120.96744,24.76824],[120.9676,24.76787],[120.96765,24.76777],[120.96804,24.76678],[120.96803,24.76647],[120.96802,24.76626],[120.968,24.76606],[120.96798,24.76588],[120.96797,24.76564],[120.96795,24.76545],[120.96794,24.76522],[120.96792,24.76503],[120.9679,24.76481],[120.96789,24.76462]],[[120.96648,24.7696],[120.96657,24.76942],[120.96672,24.76925],[120.96686,24.76911]],[[120.96719,24.7687],[120.96722,24.76857],[120.96725,24.76852],[120.96728,24.76847],[120.96737,24.7684]],[[120.96686,24.76911],[120.96706,24.76887],[120.96719,24.7687]],[[120.96737,24.7684],[120.96736,24.76851],[120.96734,24.76856],[120.9673,24.76862],[120.96719,24.7687]]]}},{"type":"Feature","properties":{"name":"虎林街","base":"虎林街","section":null,"tier":"hard","length_m":874,"district":"香山區"},"geometry":{"type":"MultiLineString","coordinates":[[[120.93805,24.80534],[120.93824,24.80557],[120.93891,24.80637],[120.93897,24.80644],[120.93904,24.8065],[120.94015,24.80746],[120.94042,24.80767],[120.94052,24.80777],[120.94086,24.80819],[120.94106,24.80844],[120.94151,24.80917],[120.94229,24.81033],[120.94247,24.81059],[120.94253,24.81057],[120.94263,24.81055],[120.94318,24.81058],[120.94316,24.81096],[120.94328,24.8111]]]}},{"type":"Feature","properties":{"name":"裕民街","base":"裕民街","section":null,"tier":"hard","length_m":176,"district":"東區"},"geometry":{"type":"MultiLineString","coordinates":[[[121.00888,24.78488],[121.00921,24.78501],[121.0096,24.78515],[121.00996,24.78529],[121.01037,24.78544]],[[121.01037,24.78544],[121.01049,24.78549]]]}},{"type":"Feature","properties":{"name":"裕民街4巷","base":"裕民街4巷","section":null,"tier":"hard","length_m":101,"lane":true,"district":"東區"},"geometry":{"type":"MultiLineString","coordinates":[[[121.01,24.78432],[121.0096,24.78515]]]}},{"type":"Feature","properties":{"name":"裕民街6巷","base":"裕民街6巷","section":null,"tier":"hard","length_m":101,"lane":true,"district":"東區"},"geometry":{"type":"MultiLineString","coordinates":[[[121.0096,24.78417],[121.00921,24.78501]]]}},{"type":"Feature","properties":{"name":"西大路地下道","base":"西大路地下道","section":null,"tier":"medium","length_m":195,"district":"東區"},"geometry":{"type":"MultiLineString","coordinates":[[[120.96829,24.79846],[120.96722,24.79992]]]}},{"type":"Feature","properties":{"name":"西大路（北區）","base":"西大路（北區）","section":null,"tier":"medium","length_m":2245,"district":"北區"},"geometry":{"type":"MultiLineString","coordinates":[[[120.9667,24.80059],[120.96662,24.80069]],[[120.96761,24.79952],[120.96743,24.79977],[120.96705,24.80028],[120.96686,24.80053],[120.9668,24.80055]],[[120.9667,24.80059],[120.96671,24.80051]],[[120.9648,24.80308],[120.96424,24.80379]],[[120.96424,24.80379],[120.96376,24.8044],[120.96362,24.80459],[120.96343,24.80484],[120.96325,24.80507],[120.96288,24.80556],[120.9624,24.80619]],[[120.9624,24.80619],[120.96217,24.8065],[120.96202,24.80669],[120.96147,24.80738],[120.9612,24.80771],[120.96111,24.80783],[120.96106,24.80789],[120.96098,24.80799],[120.96062,24.80845],[120.96047,24.80863],[120.96016,24.80911]],[[120.95665,24.8112],[120.95662,24.81123],[120.95598,24.81158],[120.95558,24.81182],[120.95449,24.81239],[120.95437,24.81243]],[[120.9568,24.81113],[120.95665,24.8112]],[[120.96016,24.80911],[120.9601,24.80919]],[[120.9601,24.80919],[120.96002,24.8093],[120.9599,24.80938],[120.95966,24.80954],[120.95928,24.80978],[120.95923,24.80981],[120.95907,24.80989],[120.95875,24.81006],[120.95856,24.81017],[120.95839,24.81026],[120.95806,24.81044],[120.95795,24.8105],[120.95776,24.8106],[120.95747,24.81076],[120.95716,24.81094],[120.95707,24.81099],[120.95685,24.8111],[120.9568,24.81113]],[[120.96722,24.79992],[120.96693,24.8003],[120.9667,24.80059]],[[120.96671,24.80051],[120.96673,24.80044],[120.96682,24.8003],[120.96692,24.80016],[120.96746,24.79943]],[[120.9668,24.80055],[120.9667,24.80059]],[[120.96662,24.80069],[120.96636,24.80104],[120.96601,24.80151],[120.96599,24.80154],[120.96597,24.80157],[120.96585,24.80169],[120.96579,24.80177],[120.96567,24.80192],[120.96558,24.80204],[120.96516,24.80259],[120.9648,24.80308]]]}},{"type":"Feature","properties":{"name":"西大路（東區）","base":"西大路（東區）","section":null,"tier":"medium","length_m":1085,"district":"東區"},"geometry":{"type":"MultiLineString","coordinates":[[[120.96796,24.79874],[120.96833,24.79824],[120.96871,24.79773],[120.9689,24.79749],[120.96916,24.79727]],[[120.96916,24.79727],[120.96903,24.79757],[120.96886,24.79782],[120.96848,24.79834],[120.96812,24.79884]],[[120.97251,24.79479],[120.97238,24.79491],[120.97228,24.79501],[120.97196,24.79529],[120.9719,24.79534],[120.97186,24.79537],[120.97177,24.79545],[120.97174,24.79547],[120.97164,24.79556],[120.97153,24.79564],[120.97074,24.79618],[120.97069,24.79621],[120.97025,24.7965],[120.96982,24.79678],[120.96931,24.79714],[120.96916,24.79727]],[[120.96916,24.79727],[120.96829,24.79846]],[[120.97251,24.79479],[120.97268,24.79454],[120.97275,24.79434],[120.97281,24.79413]]]}},{"type":"Feature","properties":{"name":"西濱路一段（北區2）","base":"西濱路（北區2）","section":"一段","tier":"easy","length_m":415,"district":"北區"},"geometry":{"type":"MultiLineString","coordinates":[[[120.93408,24.84242],[120.93363,24.84202],[120.93327,24.84171],[120.93294,24.8414],[120.93256,24.84101]],[[120.93256,24.84101],[120.93186,24.84021],[120.93134,24.83964]]]}},{"type":"Feature","properties":{"name":"西濱路一段（北區3）","base":"西濱路（北區3）","section":"一段","tier":"easy","length_m":1505,"district":"北區"},"geometry":{"type":"MultiLineString","coordinates":[[[120.92732,24.83279],[120.92725,24.83268],[120.92708,24.83241],[120.92691,24.83205],[120.92682,24.83183],[120.92672,24.83149],[120.92666,24.83119],[120.92661,24.83092],[120.92659,24.83074],[120.92657,24.83047],[120.92658,24.83018],[120.92661,24.82987],[120.92665,24.8296],[120.92671,24.82925],[120.92683,24.8289],[120.92699,24.82853],[120.9271,24.82826],[120.92715,24.82818],[120.92727,24.82787],[120.92741,24.82755],[120.92746,24.82742],[120.92752,24.82725],[120.92754,24.82719]],[[120.93123,24.83953],[120.93109,24.83936],[120.93061,24.83876],[120.93038,24.83847],[120.93024,24.83824],[120.93011,24.83801],[120.93,24.83774],[120.92989,24.83744],[120.92975,24.83706],[120.92965,24.83672],[120.92957,24.83652],[120.92953,24.8364],[120.92945,24.83624],[120.92925,24.83591],[120.92922,24.83584],[120.92899,24.83542],[120.92866,24.83484],[120.92859,24.83471],[120.92845,24.83447],[120.92826,24.83419],[120.92809,24.8339],[120.92796,24.83373],[120.92777,24.83346],[120.92774,24.83342],[120.92732,24.83279]]]}},{"type":"Feature","properties":{"name":"西濱路一段（北區）","base":"西濱路（北區）","section":"一段","tier":"easy","length_m":1929,"district":"北區"},"geometry":{"type":"MultiLineString","coordinates":[[[120.92766,24.82722],[120.92749,24.82762],[120.92726,24.82816],[120.92719,24.82829],[120.92707,24.8286],[120.92692,24.82893],[120.92681,24.82928],[120.92673,24.82965],[120.92672,24.82973],[120.92669,24.82994],[120.92668,24.82998],[120.92668,24.8301],[120.92667,24.83029],[120.92667,24.83043],[120.92667,24.83054],[120.92671,24.83098],[120.92675,24.83117],[120.92679,24.83139],[120.92686,24.83162],[120.92697,24.8319],[120.92707,24.83216],[120.92721,24.83241],[120.92736,24.83263],[120.92743,24.83275],[120.92774,24.83317],[120.92787,24.83337],[120.92807,24.83364],[120.92817,24.83378],[120.92839,24.83409],[120.92863,24.83448],[120.92878,24.83475],[120.92911,24.83535],[120.92935,24.83579],[120.92965,24.83634],[120.92971,24.83647],[120.92979,24.8367],[120.92992,24.83708],[120.93003,24.83738],[120.93014,24.83771],[120.93016,24.83775],[120.93025,24.83796],[120.93034,24.83812],[120.9304,24.83822],[120.93057,24.8385],[120.93065,24.83858],[120.93081,24.83878],[120.93114,24.83917],[120.93143,24.8395]],[[120.93143,24.8395],[120.93154,24.83962]],[[120.93154,24.83962],[120.93266,24.84093],[120.93309,24.84133],[120.93328,24.84151],[120.93343,24.84164],[120.93376,24.84193],[120.93422,24.84234]]]}},{"type":"Feature","properties":{"name":"西濱路三段20巷","base":"西濱路三段20巷","section":null,"tier":"medium","length_m":247,"lane":true,"district":"香山區"},"geometry":{"type":"MultiLineString","coordinates":[[[120.91737,24.7952],[120.91764,24.79507],[120.91812,24.79484],[120.91912,24.79423],[120.91934,24.79393]]]}},{"type":"Feature","properties":{"name":"西濱路三段（香山區10）","base":"西濱路（香山區10）","section":"三段","tier":"easy","length_m":309,"district":"香山區"},"geometry":{"type":"MultiLineString","coordinates":[[[120.92047,24.79912],[120.92049,24.79926],[120.92064,24.80029],[120.92068,24.80085],[120.92068,24.80111],[120.92068,24.80125],[120.92068,24.80134],[120.92065,24.80189]]]}},{"type":"Feature","properties":{"name":"西濱路三段（香山區5）","base":"西濱路（香山區5）","section":"三段","tier":"easy","length_m":279,"district":"香山區"},"geometry":{"type":"MultiLineString","coordinates":[[[120.92037,24.80185],[120.92039,24.80147],[120.92041,24.80114],[120.92038,24.80071],[120.92038,24.80062],[120.92031,24.79983],[120.92024,24.79935]]]}},{"type":"Feature","properties":{"name":"西濱路三段（香山區6）","base":"西濱路（香山區6）","section":"三段","tier":"easy","length_m":2317,"district":"香山區"},"geometry":{"type":"MultiLineString","coordinates":[[[120.91486,24.77865],[120.91488,24.7788],[120.91493,24.77906],[120.91528,24.78107],[120.91548,24.78198],[120.91563,24.78259],[120.91587,24.78337],[120.91614,24.78417],[120.91623,24.7844],[120.91671,24.78556]],[[120.91966,24.79415],[120.91992,24.79553],[120.92041,24.79876],[120.92042,24.79879]],[[120.91671,24.78556],[120.9172,24.78683],[120.91729,24.78705],[120.91754,24.78774],[120.91761,24.788],[120.91797,24.78925],[120.91819,24.79013],[120.91839,24.79076],[120.91861,24.79136],[120.91891,24.79213],[120.91929,24.79291]],[[120.91929,24.79291],[120.91955,24.79367],[120.91966,24.79415]]]}},{"type":"Feature","properties":{"name":"西濱路三段（香山區8）","base":"西濱路（香山區8）","section":"三段","tier":"easy","length_m":2325,"district":"香山區"},"geometry":{"type":"MultiLineString","coordinates":[[[120.91643,24.78566],[120.91583,24.78422],[120.91561,24.78355],[120.9154,24.78293],[120.91531,24.78263],[120.91516,24.78205],[120.91512,24.78186],[120.915,24.78138],[120.91499,24.78109],[120.9148,24.78012],[120.91478,24.77998],[120.91463,24.77893],[120.91461,24.77876]],[[120.91934,24.79393],[120.9192,24.79354],[120.91904,24.79309],[120.91846,24.79177],[120.91831,24.79139],[120.91827,24.79129],[120.91794,24.7903],[120.91775,24.78951],[120.91773,24.7894],[120.91748,24.78859],[120.91724,24.78778],[120.91699,24.78709],[120.9169,24.78686],[120.91681,24.78665],[120.91643,24.78566]],[[120.92017,24.79896],[120.92005,24.79824],[120.91983,24.797],[120.91949,24.79479],[120.91939,24.79415],[120.91934,24.79393]]]}},{"type":"Feature","properties":{"name":"西濱路二段637巷","base":"西濱路二段637巷","section":null,"tier":"hard","length_m":208,"lane":true,"district":"香山區"},"geometry":{"type":"MultiLineString","coordinates":[[[120.92204,24.8127],[120.9221,24.8126],[120.92206,24.81217],[120.92165,24.8109]]]}},{"type":"Feature","properties":{"name":"西濱路二段（香山區3）","base":"西濱路（香山區3）","section":"二段","tier":"easy","length_m":405,"district":"香山區"},"geometry":{"type":"MultiLineString","coordinates":[[[120.91903,24.80928],[120.91866,24.8089],[120.91851,24.80871],[120.91834,24.80841],[120.91824,24.80816],[120.91818,24.80797],[120.91814,24.80772],[120.91813,24.80753],[120.91814,24.80726]],[[120.91814,24.80726],[120.91818,24.80668],[120.91831,24.80643]],[[120.91814,24.80726],[120.91826,24.80674]]]}},{"type":"Feature","properties":{"name":"西濱路二段（香山區4）","base":"西濱路（香山區4）","section":"二段","tier":"easy","length_m":421,"district":"香山區"},"geometry":{"type":"MultiLineString","coordinates":[[[120.91823,24.80725],[120.9182,24.80758],[120.91826,24.80795],[120.91831,24.80813],[120.91844,24.80843],[120.91865,24.80874],[120.9188,24.80892],[120.91914,24.80926]],[[120.91869,24.8063],[120.91842,24.80679],[120.91823,24.80725]],[[120.91835,24.80678],[120.91823,24.80725]]]}},{"type":"Feature","properties":{"name":"西濱路二段（香山區7）","base":"西濱路（香山區7）","section":"二段","tier":"easy","length_m":1475,"district":"香山區"},"geometry":{"type":"MultiLineString","coordinates":[[[120.92697,24.82126],[120.92687,24.82094],[120.9268,24.8208],[120.92672,24.82066],[120.92653,24.82042],[120.92629,24.82018],[120.92598,24.81996],[120.92565,24.81975],[120.92526,24.81951],[120.92494,24.81929],[120.9246,24.81903],[120.92438,24.81881],[120.92427,24.8187],[120.92405,24.81839],[120.92381,24.81803],[120.92366,24.8177],[120.92351,24.81732],[120.92329,24.81669],[120.9232,24.81638],[120.92298,24.81563],[120.92257,24.81426],[120.92241,24.81378],[120.92226,24.8133],[120.92204,24.8127],[120.92187,24.81235],[120.92163,24.81193],[120.92132,24.81149],[120.92082,24.81094],[120.91991,24.81009]]]}},{"type":"Feature","properties":{"name":"西濱路二段（香山區）","base":"西濱路（香山區）","section":"二段","tier":"easy","length_m":1471,"district":"香山區"},"geometry":{"type":"MultiLineString","coordinates":[[[120.92004,24.81008],[120.9208,24.81079],[120.92137,24.81142],[120.92169,24.81187],[120.92197,24.81236],[120.9221,24.8126],[120.92218,24.81283],[120.92235,24.81326],[120.92257,24.81389],[120.92268,24.81423],[120.92306,24.8156],[120.92328,24.81628],[120.92344,24.81681],[120.92357,24.81721],[120.92359,24.81729],[120.92363,24.81738],[120.92374,24.81768],[120.92385,24.81794],[120.92399,24.81817],[120.92423,24.81851],[120.92435,24.81866],[120.92449,24.8188],[120.92467,24.81899],[120.9253,24.81944],[120.92569,24.81965],[120.92598,24.81985],[120.92624,24.82002],[120.92645,24.8202],[120.92657,24.82034],[120.92669,24.82046],[120.92683,24.82066],[120.92696,24.82093],[120.92707,24.82122]]]}},{"type":"Feature","properties":{"name":"西濱路五段（香山區6）","base":"西濱路（香山區6）","section":"五段","tier":"easy","length_m":2117,"district":"香山區"},"geometry":{"type":"MultiLineString","coordinates":[[[120.90165,24.74612],[120.902,24.7463],[120.90243,24.74659],[120.90287,24.7469],[120.90333,24.74734],[120.90365,24.74773],[120.90392,24.74813],[120.90407,24.74846],[120.90423,24.74883],[120.90476,24.75038],[120.90491,24.75074],[120.90493,24.75081],[120.90515,24.75143],[120.90538,24.75209],[120.90556,24.75265],[120.90563,24.75285],[120.90587,24.75356],[120.90602,24.75411],[120.90612,24.75463],[120.90614,24.75489],[120.90617,24.75532],[120.9062,24.75629],[120.90622,24.75663],[120.90624,24.75692],[120.90631,24.7574],[120.9064,24.75785],[120.90649,24.75819],[120.90656,24.7584],[120.90668,24.75869],[120.90687,24.75906],[120.90741,24.76009],[120.90762,24.76047],[120.90814,24.76165],[120.90845,24.76237],[120.90873,24.76286],[120.90875,24.7629],[120.90883,24.76301]],[[120.9012,24.74593],[120.90165,24.74612]]]}},{"type":"Feature","properties":{"name":"西濱路五段（香山區8）","base":"西濱路（香山區8）","section":"五段","tier":"easy","length_m":2110,"district":"香山區"},"geometry":{"type":"MultiLineString","coordinates":[[[120.90858,24.76311],[120.90849,24.76298],[120.90844,24.76291],[120.90824,24.76258],[120.90801,24.76212],[120.90784,24.76171],[120.90744,24.7608],[120.9066,24.75917],[120.90638,24.75872],[120.90628,24.75845],[120.90627,24.75842],[120.90613,24.75798],[120.90603,24.75757],[120.90595,24.75709],[120.90592,24.75662],[120.90591,24.7553],[120.90584,24.75466],[120.90581,24.75436],[120.90575,24.7541],[120.90559,24.75359],[120.90529,24.75271],[120.90489,24.75159],[120.90449,24.75047],[120.90407,24.74923],[120.90403,24.74911],[120.90382,24.74856],[120.90366,24.74824],[120.90341,24.74785],[120.90315,24.7475],[120.90291,24.74727],[120.90272,24.74709],[120.90254,24.74694],[120.90234,24.74681],[120.90189,24.74655],[120.90153,24.74637]],[[120.90153,24.74637],[120.90106,24.74615]],[[120.90864,24.76317],[120.90858,24.76311]]]}},{"type":"Feature","properties":{"name":"西濱路六段（香山區2）","base":"西濱路（香山區2）","section":"六段","tier":"easy","length_m":2363,"district":"香山區"},"geometry":{"type":"MultiLineString","coordinates":[[[120.88632,24.73701],[120.88482,24.73611],[120.8839,24.73552],[120.88234,24.73448],[120.88075,24.73341]],[[120.89988,24.74557],[120.89941,24.74531],[120.89876,24.74491],[120.89832,24.74454],[120.89735,24.74379],[120.89666,24.74321],[120.895,24.74198],[120.89422,24.74147],[120.89321,24.74082],[120.89234,24.74036],[120.8918,24.74005],[120.89126,24.73974],[120.88919,24.7386],[120.88915,24.73858],[120.88866,24.73831],[120.88763,24.73774],[120.88632,24.73701]]]}},{"type":"Feature","properties":{"name":"西濱路六段（香山區9）","base":"西濱路（香山區9）","section":"六段","tier":"easy","length_m":2348,"district":"香山區"},"geometry":{"type":"MultiLineString","coordinates":[[[120.88096,24.73326],[120.88201,24.73397],[120.88336,24.73487],[120.88372,24.7351],[120.88467,24.73574],[120.885,24.73596],[120.8852,24.73608],[120.8865,24.73681]],[[120.88927,24.73835],[120.89089,24.73924],[120.8913,24.73947],[120.89146,24.73956],[120.89183,24.73977],[120.89252,24.74015],[120.89271,24.74026],[120.89325,24.74058],[120.89376,24.74088],[120.89412,24.74109],[120.89515,24.74179],[120.89671,24.74296],[120.89682,24.74304],[120.8975,24.74357],[120.89844,24.74437]],[[120.8865,24.73681],[120.8872,24.73719],[120.88819,24.73774],[120.88923,24.73832],[120.88927,24.73835]],[[120.89844,24.74437],[120.89853,24.74444],[120.89923,24.7449],[120.89968,24.74515],[120.89998,24.74533]]]}},{"type":"Feature","properties":{"name":"西濱路四段（香山區6）","base":"西濱路（香山區6）","section":"四段","tier":"easy","length_m":1935,"district":"香山區"},"geometry":{"type":"MultiLineString","coordinates":[[[120.90883,24.76301],[120.90897,24.76315],[120.90929,24.76347],[120.90964,24.76376],[120.91041,24.76432],[120.91064,24.76449],[120.9117,24.76525],[120.91178,24.76531],[120.91214,24.76561],[120.91241,24.7659],[120.91257,24.76609],[120.91274,24.76632],[120.91297,24.76673],[120.91306,24.76692],[120.91309,24.76708],[120.91319,24.76741],[120.91345,24.7685],[120.91351,24.76875],[120.91361,24.76921],[120.91377,24.76991],[120.91397,24.77089],[120.91409,24.77183],[120.91419,24.77264],[120.91423,24.77326],[120.91427,24.77398],[120.91432,24.77448],[120.91433,24.77473],[120.91439,24.77524],[120.91446,24.77604],[120.91448,24.77618],[120.91463,24.77716],[120.91483,24.77841]],[[120.91483,24.77841],[120.91486,24.77865]]]}},{"type":"Feature","properties":{"name":"西濱路四段（香山區8）","base":"西濱路（香山區8）","section":"四段","tier":"easy","length_m":1926,"district":"香山區"},"geometry":{"type":"MultiLineString","coordinates":[[[120.91461,24.77876],[120.91432,24.77717],[120.91422,24.77647],[120.91407,24.77538],[120.91402,24.77481],[120.914,24.77445],[120.9139,24.77264],[120.91383,24.77186],[120.91368,24.77092],[120.91347,24.76994],[120.91323,24.76878],[120.91291,24.76744],[120.9128,24.76709],[120.91266,24.76678],[120.91245,24.76643],[120.91227,24.76618],[120.91203,24.76592],[120.91159,24.76553],[120.91118,24.76522],[120.91012,24.76445],[120.91004,24.76439],[120.90923,24.76378],[120.9089,24.76349],[120.90872,24.76328],[120.90864,24.76317]]]}},{"type":"Feature","properties":{"name":"西部濱海快速公路（香山區2）","base":"西部濱海快速公路（香山區2）","section":null,"tier":"easy","length_m":53,"district":"香山區"},"geometry":{"type":"MultiLineString","coordinates":[[[120.91857,24.80635],[120.91835,24.80678]]]}},{"type":"Feature","properties":{"name":"西部濱海快速公路（香山區3）","base":"西部濱海快速公路（香山區3）","section":null,"tier":"easy","length_m":40,"district":"香山區"},"geometry":{"type":"MultiLineString","coordinates":[[[120.91826,24.80674],[120.9184,24.8064]]]}},{"type":"Feature","properties":{"name":"西部濱海快速公路（香山區4）","base":"西部濱海快速公路（香山區4）","section":null,"tier":"easy","length_m":6317,"district":"香山區"},"geometry":{"type":"MultiLineString","coordinates":[[[120.90161,24.74621],[120.90197,24.74639],[120.90271,24.74684],[120.90297,24.74706],[120.90317,24.74725],[120.90328,24.74739],[120.90344,24.74757],[120.90358,24.74776],[120.90374,24.74799],[120.90388,24.74824],[120.904,24.74849],[120.90415,24.74884],[120.90424,24.74915],[120.90435,24.74945],[120.90508,24.7515],[120.90549,24.75267],[120.9058,24.75358],[120.90596,24.75416],[120.90605,24.75469],[120.90608,24.75491],[120.90611,24.75532],[120.90612,24.75632],[120.90615,24.75692],[120.90621,24.75741],[120.9063,24.75785],[120.90641,24.75823],[120.90648,24.75844],[120.90658,24.75869],[120.90678,24.75911],[120.90724,24.75996],[120.90764,24.76075],[120.90805,24.76168],[120.90822,24.7621],[120.9084,24.7625],[120.90865,24.7629],[120.90874,24.76305],[120.90889,24.7632],[120.90925,24.76355],[120.90962,24.76385],[120.91035,24.76438],[120.91129,24.76509],[120.91179,24.76545],[120.91201,24.76563],[120.91221,24.76582],[120.91245,24.7661],[120.91266,24.76639],[120.91277,24.76658],[120.91287,24.76676],[120.913,24.7671],[120.91309,24.76743],[120.91341,24.76878],[120.91368,24.76992],[120.91387,24.77091],[120.914,24.77186],[120.91409,24.77266],[120.91416,24.77399],[120.9142,24.77443],[120.91428,24.77551],[120.91452,24.77716],[120.91477,24.77866],[120.91481,24.77881],[120.91519,24.78108],[120.91535,24.78202],[120.91548,24.7825],[120.91552,24.78263],[120.91577,24.78343],[120.91605,24.78424],[120.91662,24.78559],[120.9171,24.78683],[120.91745,24.78775],[120.91788,24.78926],[120.9181,24.79012],[120.9183,24.79076],[120.9185,24.79136],[120.91881,24.79212],[120.91948,24.79375],[120.91956,24.79411],[120.92008,24.79731],[120.92034,24.79886]]]}},{"type":"Feature","properties":{"name":"西部濱海快速公路（香山區5）","base":"西部濱海快速公路（香山區5）","section":null,"tier":"easy","length_m":4143,"district":"香山區"},"geometry":{"type":"MultiLineString","coordinates":[[[120.89991,24.7455],[120.89921,24.74511],[120.89843,24.74452],[120.89834,24.74446],[120.89774,24.74402],[120.89666,24.74313],[120.89504,24.74192],[120.89401,24.74126],[120.89322,24.74076],[120.89241,24.74029],[120.89152,24.73981],[120.89076,24.73937],[120.88864,24.7382],[120.88678,24.73717],[120.8864,24.73695],[120.88564,24.73653],[120.88508,24.73619],[120.88461,24.73588],[120.88324,24.73499],[120.88267,24.73462],[120.88191,24.73409],[120.8798,24.73267],[120.87711,24.73066],[120.87586,24.7297],[120.87478,24.72887],[120.87367,24.72801],[120.87218,24.72685],[120.87107,24.72585],[120.87065,24.72538],[120.87038,24.72506],[120.86974,24.72418],[120.86943,24.72366],[120.86913,24.72312],[120.8688,24.7224],[120.86865,24.72203]]]}},{"type":"Feature","properties":{"name":"西部濱海快速公路（香山區6）","base":"西部濱海快速公路（香山區6）","section":null,"tier":"easy","length_m":6312,"district":"香山區"},"geometry":{"type":"MultiLineString","coordinates":[[[120.92025,24.79892],[120.92015,24.79832],[120.91941,24.79385],[120.91872,24.79214],[120.91839,24.79138],[120.9182,24.79078],[120.91801,24.79015],[120.91779,24.78926],[120.91736,24.78777],[120.91701,24.78685],[120.91651,24.78563],[120.91595,24.78425],[120.91569,24.7835],[120.91541,24.78265],[120.91526,24.78204],[120.91508,24.7811],[120.9147,24.77883],[120.91469,24.77867],[120.91443,24.77717],[120.9142,24.77552],[120.91412,24.77447],[120.91408,24.774],[120.914,24.77267],[120.91391,24.77186],[120.91378,24.77093],[120.91359,24.76994],[120.91333,24.76878],[120.913,24.76745],[120.9129,24.7671],[120.91278,24.7668],[120.91269,24.76663],[120.91255,24.7664],[120.91238,24.76616],[120.91215,24.7659],[120.9117,24.76549],[120.91125,24.76515],[120.91031,24.76447],[120.90956,24.76392],[120.90916,24.7636],[120.90884,24.76329],[120.9087,24.76313],[120.90865,24.76307],[120.90857,24.76295],[120.90829,24.76249],[120.90811,24.76209],[120.90795,24.76171],[120.90755,24.76079],[120.90724,24.76016],[120.90696,24.75967],[120.90669,24.75914],[120.90647,24.75872],[120.90637,24.75848],[120.9063,24.75824],[120.9062,24.75786],[120.90611,24.75743],[120.90605,24.75691],[120.90602,24.75631],[120.90599,24.75533],[120.90596,24.75491],[120.90594,24.75466],[120.90591,24.75442],[120.90586,24.75414],[120.90569,24.75361],[120.90539,24.75269],[120.90499,24.75155],[120.90425,24.74947],[120.90415,24.74918],[120.90404,24.74884],[120.90391,24.74853],[120.90375,24.74819],[120.90352,24.74783],[120.9034,24.74765],[120.90323,24.74744],[120.9029,24.74712],[120.90258,24.74686],[120.90193,24.74648],[120.90158,24.7463]]]}},{"type":"Feature","properties":{"name":"西部濱海快速公路（香山區7）","base":"西部濱海快速公路（香山區7）","section":null,"tier":"easy","length_m":301,"district":"香山區"},"geometry":{"type":"MultiLineString","coordinates":[[[120.92039,24.79919],[120.9204,24.79925],[120.92059,24.80059],[120.9206,24.80126],[120.92055,24.80188]]]}},{"type":"Feature","properties":{"name":"西部濱海快速公路（香山區8）","base":"西部濱海快速公路（香山區8）","section":null,"tier":"easy","length_m":4134,"district":"香山區"},"geometry":{"type":"MultiLineString","coordinates":[[[120.86875,24.722],[120.86883,24.72222],[120.86895,24.72251],[120.86921,24.72307],[120.86986,24.7242],[120.87036,24.72488],[120.87045,24.725],[120.8705,24.72505],[120.87105,24.72568],[120.87155,24.72617],[120.87225,24.72678],[120.87375,24.72796],[120.87486,24.72881],[120.87593,24.72963],[120.87715,24.73057],[120.87986,24.73261],[120.88197,24.73402],[120.88268,24.73453],[120.88329,24.73493],[120.88465,24.7358],[120.88514,24.73613],[120.8857,24.73645],[120.88646,24.73688],[120.88676,24.73706],[120.88869,24.73813],[120.89082,24.73929],[120.89157,24.73974],[120.8925,24.74024],[120.89401,24.74115],[120.8951,24.74186],[120.89675,24.74307],[120.8978,24.74395],[120.89838,24.7444],[120.89847,24.74448],[120.89926,24.74505],[120.89995,24.74541]]]}},{"type":"Feature","properties":{"name":"西部濱海快速公路（香山區）","base":"西部濱海快速公路（香山區）","section":null,"tier":"easy","length_m":296,"district":"香山區"},"geometry":{"type":"MultiLineString","coordinates":[[[120.92045,24.80188],[120.92049,24.80128],[120.92049,24.80058],[120.9203,24.79925],[120.9203,24.79923]]]}},{"type":"Feature","properties":{"name":"西門街","base":"西門街","section":null,"tier":"hard","length_m":930,"district":"北區"},"geometry":{"type":"MultiLineString","coordinates":[[[120.96516,24.80259],[120.96502,24.8025],[120.96473,24.8023],[120.96448,24.80214],[120.96418,24.80195],[120.96406,24.80188],[120.96396,24.80182],[120.96331,24.8014],[120.96279,24.80107],[120.96229,24.80075],[120.96199,24.80055],[120.96165,24.80033],[120.9614,24.80018],[120.96069,24.79971],[120.96022,24.79941],[120.95998,24.79925],[120.95993,24.79922],[120.95977,24.79912],[120.95952,24.79897]],[[120.96516,24.80259],[120.96567,24.80292],[120.96576,24.80298],[120.96617,24.80324],[120.96636,24.80335],[120.96647,24.80343],[120.9667,24.80356]],[[120.95952,24.79897],[120.95918,24.79873]]]}},{"type":"Feature","properties":{"name":"誠仁橋","base":"誠仁橋","section":null,"tier":"easy","length_m":72,"district":"香山區"},"geometry":{"type":"MultiLineString","coordinates":[[[120.90619,24.74037],[120.90614,24.74102]]]}},{"type":"Feature","properties":{"name":"警光路","base":"警光路","section":null,"tier":"medium","length_m":216,"district":"北區"},"geometry":{"type":"MultiLineString","coordinates":[[[120.95801,24.79681],[120.95779,24.79696],[120.95757,24.7971],[120.95748,24.79716],[120.95744,24.79718],[120.95727,24.79729],[120.95705,24.79743],[120.95686,24.79754],[120.95673,24.79762],[120.95625,24.79791]]]}},{"type":"Feature","properties":{"name":"赤土崎一街","base":"赤土崎一街","section":null,"tier":"hard","length_m":326,"district":"東區"},"geometry":{"type":"MultiLineString","coordinates":[[[120.99723,24.80038],[120.99714,24.80036],[120.99553,24.80002],[120.99547,24.80001],[120.9948,24.79987],[120.9944,24.79979],[120.99422,24.79975],[120.99408,24.79972]]]}},{"type":"Feature","properties":{"name":"赤土崎二街","base":"赤土崎二街","section":null,"tier":"hard","length_m":285,"district":"東區"},"geometry":{"type":"MultiLineString","coordinates":[[[120.99609,24.79791],[120.99604,24.79794],[120.99572,24.79817],[120.9955,24.79833],[120.99537,24.79842],[120.99533,24.79845],[120.99524,24.79853],[120.99525,24.7986],[120.99537,24.79887],[120.99542,24.79899],[120.99544,24.79902],[120.9955,24.79917],[120.99557,24.79932],[120.99564,24.79947],[120.99547,24.80001]]]}},{"type":"Feature","properties":{"name":"遊樂街","base":"遊樂街","section":null,"tier":"hard","length_m":245,"district":"香山區"},"geometry":{"type":"MultiLineString","coordinates":[[[120.92425,24.7928],[120.9243,24.79305],[120.92441,24.79332],[120.92445,24.79351],[120.92448,24.79367],[120.92456,24.79385],[120.92467,24.79452],[120.92471,24.79479],[120.92473,24.79495]]]}},{"type":"Feature","properties":{"name":"那魯灣街","base":"那魯灣街","section":null,"tier":"hard","length_m":562,"district":"香山區"},"geometry":{"type":"MultiLineString","coordinates":[[[120.90642,24.76344],[120.90637,24.76337],[120.90634,24.76332],[120.90632,24.76326],[120.90631,24.7632],[120.90633,24.763],[120.90635,24.76279],[120.9064,24.76256],[120.90644,24.76236],[120.90646,24.76224],[120.90645,24.76199],[120.90644,24.76164],[120.90641,24.76114],[120.90638,24.76053],[120.90636,24.76032],[120.90627,24.75842]]]}},{"type":"Feature","properties":{"name":"金城一路","base":"金城一路","section":null,"tier":"medium","length_m":491,"district":"東區"},"geometry":{"type":"MultiLineString","coordinates":[[[121.00124,24.79327],[121.00132,24.79335]],[[121.00219,24.79386],[121.00233,24.79394],[121.00237,24.79396],[121.00276,24.79418],[121.00309,24.79436],[121.0032,24.79442]],[[121.00132,24.79335],[121.00138,24.7934],[121.0016,24.79353],[121.00213,24.79382],[121.00219,24.79386]],[[121.0032,24.79442],[121.0034,24.79453],[121.00366,24.79468],[121.0041,24.79492],[121.00439,24.79509],[121.00449,24.79515],[121.00453,24.79517],[121.00518,24.79554],[121.00534,24.79564]]]}},{"type":"Feature","properties":{"name":"金城一路35巷","base":"金城一路35巷","section":null,"tier":"medium","length_m":255,"lane":true,"district":"東區"},"geometry":{"type":"MultiLineString","coordinates":[[[121.00205,24.79613],[121.00203,24.79595],[121.00202,24.7959],[121.00201,24.79567],[121.00201,24.79553],[121.00199,24.79535],[121.002,24.79501],[121.002,24.79489],[121.00201,24.79474],[121.00203,24.79451],[121.00207,24.79427],[121.00209,24.79417],[121.00212,24.79406],[121.00216,24.79394],[121.00219,24.79386]]]}},{"type":"Feature","properties":{"name":"金城三路","base":"金城三路","section":null,"tier":"hard","length_m":341,"district":"東區"},"geometry":{"type":"MultiLineString","coordinates":[[[121.0032,24.79442],[121.00324,24.79439],[121.00333,24.79432],[121.00386,24.79393],[121.00437,24.79354],[121.00441,24.79351],[121.00447,24.79346],[121.00489,24.79315],[121.0058,24.79246]]]}},{"type":"Feature","properties":{"name":"金城二路","base":"金城二路","section":null,"tier":"hard","length_m":223,"district":"東區"},"geometry":{"type":"MultiLineString","coordinates":[[[121.0032,24.79442],[121.00306,24.79461],[121.00303,24.79466],[121.00291,24.79484],[121.00282,24.79498],[121.00268,24.7952],[121.00259,24.79532],[121.00247,24.79551],[121.00223,24.79587],[121.00215,24.79598],[121.00205,24.79613]]]}},{"type":"Feature","properties":{"name":"金城橋","base":"金城橋","section":null,"tier":"hard","length_m":66,"district":"香山區"},"geometry":{"type":"MultiLineString","coordinates":[[[120.91822,24.82041],[120.91885,24.82025]]]}},{"type":"Feature","properties":{"name":"金山一街","base":"金山一街","section":null,"tier":"hard","length_m":163,"district":"東區"},"geometry":{"type":"MultiLineString","coordinates":[[[121.01745,24.77633],[121.01745,24.77597],[121.01787,24.77594],[121.01786,24.77666]]]}},{"type":"Feature","properties":{"name":"金山七街（東區2）","base":"金山七街（東區2）","section":null,"tier":"hard","length_m":109,"district":"東區"},"geometry":{"type":"MultiLineString","coordinates":[[[121.02012,24.77815],[121.02031,24.7785],[121.02049,24.77884],[121.02053,24.77891],[121.0206,24.77903]]]}},{"type":"Feature","properties":{"name":"金山七街（東區）","base":"金山七街（東區）","section":null,"tier":"hard","length_m":251,"district":"東區"},"geometry":{"type":"MultiLineString","coordinates":[[[121.02004,24.77592],[121.02005,24.777],[121.02005,24.77818]]]}},{"type":"Feature","properties":{"name":"金山三街","base":"金山三街","section":null,"tier":"hard","length_m":99,"district":"東區"},"geometry":{"type":"MultiLineString","coordinates":[[[121.01873,24.77679],[121.01874,24.7759]]]}},{"type":"Feature","properties":{"name":"金山九街","base":"金山九街","section":null,"tier":"hard","length_m":310,"district":"東區"},"geometry":{"type":"MultiLineString","coordinates":[[[121.02086,24.77594],[121.02087,24.77701],[121.02093,24.77775]],[[121.02093,24.77775],[121.02138,24.77864]]]}},{"type":"Feature","properties":{"name":"金山二十一街","base":"金山二十一街","section":null,"tier":"hard","length_m":88,"district":"東區"},"geometry":{"type":"MultiLineString","coordinates":[[[121.02581,24.77592],[121.02538,24.77523]]]}},{"type":"Feature","properties":{"name":"金山二十七街","base":"金山二十七街","section":null,"tier":"hard","length_m":171,"district":"東區"},"geometry":{"type":"MultiLineString","coordinates":[[[121.02772,24.77497],[121.02858,24.77629]]]}},{"type":"Feature","properties":{"name":"金山二十三街","base":"金山二十三街","section":null,"tier":"hard","length_m":352,"district":"東區"},"geometry":{"type":"MultiLineString","coordinates":[[[121.02594,24.77449],[121.02607,24.77471],[121.0266,24.77553]],[[121.0266,24.77553],[121.02669,24.77566],[121.02681,24.77588],[121.02701,24.77622],[121.02725,24.7766],[121.02743,24.7769]],[[121.0257,24.77492],[121.02578,24.7749],[121.02607,24.77471]]]}},{"type":"Feature","properties":{"name":"金山二十三街32巷","base":"金山二十三街32巷","section":null,"tier":"hard","length_m":92,"lane":true,"district":"東區"},"geometry":{"type":"MultiLineString","coordinates":[[[121.0262,24.7766],[121.02701,24.77622]]]}},{"type":"Feature","properties":{"name":"金山二十二街","base":"金山二十二街","section":null,"tier":"hard","length_m":102,"district":"東區"},"geometry":{"type":"MultiLineString","coordinates":[[[121.02567,24.77496],[121.02621,24.77573]]]}},{"type":"Feature","properties":{"name":"金山二十五街","base":"金山二十五街","section":null,"tier":"hard","length_m":389,"district":"東區"},"geometry":{"type":"MultiLineString","coordinates":[[[121.02617,24.77397],[121.02633,24.77428],[121.02694,24.77534],[121.02781,24.77667]],[[121.02633,24.77428],[121.02613,24.77438],[121.02594,24.77449]]]}},{"type":"Feature","properties":{"name":"金山二十八街","base":"金山二十八街","section":null,"tier":"hard","length_m":170,"district":"東區"},"geometry":{"type":"MultiLineString","coordinates":[[[121.02897,24.7761],[121.02814,24.77477]]]}},{"type":"Feature","properties":{"name":"金山二十六街","base":"金山二十六街","section":null,"tier":"hard","length_m":381,"district":"東區"},"geometry":{"type":"MultiLineString","coordinates":[[[121.02818,24.7765],[121.02734,24.77515],[121.02661,24.77391],[121.02655,24.77383],[121.02617,24.77397]]]}},{"type":"Feature","properties":{"name":"金山二十街","base":"金山二十街","section":null,"tier":"hard","length_m":76,"district":"東區"},"geometry":{"type":"MultiLineString","coordinates":[[[121.02541,24.77611],[121.02506,24.7755]]]}},{"type":"Feature","properties":{"name":"金山二街","base":"金山二街","section":null,"tier":"hard","length_m":98,"district":"東區"},"geometry":{"type":"MultiLineString","coordinates":[[[121.01829,24.77679],[121.0183,24.77591]]]}},{"type":"Feature","properties":{"name":"金山五街","base":"金山五街","section":null,"tier":"hard","length_m":146,"district":"東區"},"geometry":{"type":"MultiLineString","coordinates":[[[121.01916,24.77719],[121.01916,24.77679],[121.01912,24.77588]]]}},{"type":"Feature","properties":{"name":"金山八街","base":"金山八街","section":null,"tier":"hard","length_m":333,"district":"東區"},"geometry":{"type":"MultiLineString","coordinates":[[[121.02044,24.77593],[121.02043,24.777],[121.0205,24.77795]],[[121.0205,24.77795],[121.02099,24.77881]]]}},{"type":"Feature","properties":{"name":"金山六街","base":"金山六街","section":null,"tier":"hard","length_m":276,"district":"東區"},"geometry":{"type":"MultiLineString","coordinates":[[[121.01962,24.77838],[121.0196,24.778],[121.01959,24.7776],[121.0196,24.7772],[121.01961,24.77701],[121.0196,24.7768],[121.0196,24.7759]]]}},{"type":"Feature","properties":{"name":"金山六街10巷","base":"金山六街10巷","section":null,"tier":"hard","length_m":158,"lane":true,"district":"東區"},"geometry":{"type":"MultiLineString","coordinates":[[[121.0196,24.7768],[121.01916,24.77679],[121.01873,24.77679],[121.01829,24.77679],[121.01814,24.7768],[121.01804,24.77679]]]}},{"type":"Feature","properties":{"name":"金山六街8巷","base":"金山六街8巷","section":null,"tier":"hard","length_m":114,"lane":true,"district":"東區"},"geometry":{"type":"MultiLineString","coordinates":[[[121.0196,24.7772],[121.01916,24.77719],[121.01851,24.77721],[121.01847,24.77721]]]}},{"type":"Feature","properties":{"name":"金山北一街","base":"金山北一街","section":null,"tier":"hard","length_m":304,"district":"東區"},"geometry":{"type":"MultiLineString","coordinates":[[[121.02212,24.77821],[121.02374,24.77745],[121.02477,24.77691]]]}},{"type":"Feature","properties":{"name":"金山北三街","base":"金山北三街","section":null,"tier":"hard","length_m":302,"district":"東區"},"geometry":{"type":"MultiLineString","coordinates":[[[121.02255,24.77894],[121.02336,24.77855],[121.02418,24.77814],[121.02519,24.77766]]]}},{"type":"Feature","properties":{"name":"金山北二街","base":"金山北二街","section":null,"tier":"hard","length_m":302,"district":"東區"},"geometry":{"type":"MultiLineString","coordinates":[[[121.02498,24.77728],[121.02396,24.7778],[121.02235,24.77858]]]}},{"type":"Feature","properties":{"name":"金山十一街","base":"金山十一街","section":null,"tier":"hard","length_m":333,"district":"東區"},"geometry":{"type":"MultiLineString","coordinates":[[[121.02177,24.77614],[121.02177,24.77696],[121.02177,24.777],[121.02177,24.77736],[121.02172,24.77742]],[[121.02195,24.77785],[121.02212,24.77821],[121.02235,24.77858],[121.02255,24.77894]],[[121.02172,24.77742],[121.02177,24.77755],[121.02195,24.77785]]]}},{"type":"Feature","properties":{"name":"金山十一街36巷","base":"金山十一街36巷","section":null,"tier":"hard","length_m":46,"lane":true,"district":"東區"},"geometry":{"type":"MultiLineString","coordinates":[[[121.02172,24.7784],[121.02212,24.77821]]]}},{"type":"Feature","properties":{"name":"金山十七街","base":"金山十七街","section":null,"tier":"hard","length_m":86,"district":"東區"},"geometry":{"type":"MultiLineString","coordinates":[[[121.02394,24.77609],[121.02396,24.77686]]]}},{"type":"Feature","properties":{"name":"金山十三街","base":"金山十三街","section":null,"tier":"hard","length_m":140,"district":"東區"},"geometry":{"type":"MultiLineString","coordinates":[[[121.02265,24.77749],[121.02266,24.77623]]]}},{"type":"Feature","properties":{"name":"金山十九街","base":"金山十九街","section":null,"tier":"hard","length_m":211,"district":"東區"},"geometry":{"type":"MultiLineString","coordinates":[[[121.02571,24.77738],[121.02538,24.77668],[121.02523,24.77657],[121.02508,24.77636]],[[121.02508,24.77636],[121.02469,24.77574]]]}},{"type":"Feature","properties":{"name":"金山十二街","base":"金山十二街","section":null,"tier":"hard","length_m":169,"district":"東區"},"geometry":{"type":"MultiLineString","coordinates":[[[121.02223,24.77619],[121.02222,24.77771]]]}},{"type":"Feature","properties":{"name":"金山十五街","base":"金山十五街","section":null,"tier":"hard","length_m":118,"district":"東區"},"geometry":{"type":"MultiLineString","coordinates":[[[121.02305,24.77729],[121.02307,24.77623]]]}},{"type":"Feature","properties":{"name":"金山十八街","base":"金山十八街","section":null,"tier":"hard","length_m":430,"district":"東區"},"geometry":{"type":"MultiLineString","coordinates":[[[121.0246,24.77658],[121.02421,24.77598]],[[121.02519,24.77766],[121.02498,24.77728],[121.02491,24.77713],[121.02483,24.77701],[121.02477,24.77691],[121.02468,24.77674],[121.0246,24.77658]],[[121.02471,24.77653],[121.02482,24.77672],[121.02489,24.77685],[121.02495,24.77695],[121.02506,24.77716],[121.02509,24.77721],[121.02525,24.77752],[121.02526,24.77759],[121.02519,24.77766]],[[121.02432,24.77593],[121.02471,24.77653]]]}},{"type":"Feature","properties":{"name":"金山十六街","base":"金山十六街","section":null,"tier":"hard","length_m":234,"district":"東區"},"geometry":{"type":"MultiLineString","coordinates":[[[121.02353,24.77619],[121.02353,24.77651],[121.02354,24.77709]],[[121.02354,24.77709],[121.02374,24.77745],[121.02396,24.7778],[121.02418,24.77814]]]}},{"type":"Feature","properties":{"name":"金山十街（東區2）","base":"金山十街（東區2）","section":null,"tier":"hard","length_m":102,"district":"東區"},"geometry":{"type":"MultiLineString","coordinates":[[[121.02127,24.77758],[121.02136,24.77776],[121.02172,24.7784]]]}},{"type":"Feature","properties":{"name":"金山十街（東區）","base":"金山十街（東區）","section":null,"tier":"hard","length_m":170,"district":"東區"},"geometry":{"type":"MultiLineString","coordinates":[[[121.02134,24.77601],[121.02132,24.777],[121.02133,24.77754]]]}},{"type":"Feature","properties":{"name":"金山南街","base":"金山南街","section":null,"tier":"hard","length_m":1206,"district":"東區"},"geometry":{"type":"MultiLineString","coordinates":[[[121.02567,24.77496],[121.02538,24.77523],[121.02506,24.7755]],[[121.0196,24.7759],[121.01912,24.77588],[121.01874,24.7759],[121.0183,24.77591],[121.01787,24.77594]],[[121.02594,24.77449],[121.0257,24.77492],[121.02567,24.77496]],[[121.02617,24.77397],[121.026,24.77437],[121.02594,24.77449]],[[121.0196,24.7759],[121.02004,24.77592],[121.02044,24.77593],[121.02086,24.77594],[121.02094,24.77595],[121.02134,24.77601],[121.02177,24.77614],[121.02223,24.77619]],[[121.02628,24.77365],[121.02626,24.77373],[121.02617,24.77397],[121.02617,24.77397]],[[121.02628,24.77365],[121.02631,24.77351],[121.02632,24.77339],[121.0263,24.77329],[121.02626,24.77319],[121.0262,24.7731],[121.02615,24.77305],[121.02612,24.77303],[121.02603,24.77302],[121.02585,24.77299],[121.02577,24.77298]],[[121.02469,24.77574],[121.02432,24.77593],[121.02421,24.77598],[121.02394,24.77609],[121.02359,24.77617],[121.02353,24.77619],[121.02307,24.77623],[121.02266,24.77623],[121.02228,24.77619],[121.02223,24.77619]],[[121.02506,24.7755],[121.02469,24.77574]],[[121.02594,24.77449],[121.02595,24.77435],[121.02624,24.7737],[121.02628,24.77365]]]}},{"type":"Feature","properties":{"name":"金山寺路","base":"金山寺路","section":null,"tier":"hard","length_m":484,"district":"東區"},"geometry":{"type":"MultiLineString","coordinates":[[[121.0152,24.77573],[121.0152,24.77585],[121.01523,24.77595],[121.01529,24.77664]],[[121.01529,24.77664],[121.01516,24.77689],[121.01497,24.77727]],[[121.01497,24.77727],[121.0149,24.77744],[121.01489,24.77786],[121.01489,24.77803],[121.01489,24.7781],[121.0149,24.77816],[121.0149,24.7782],[121.01487,24.77844],[121.01479,24.77855],[121.01454,24.77887],[121.01445,24.77901],[121.01439,24.77918],[121.0144,24.77929],[121.01441,24.77937],[121.01448,24.77954],[121.01471,24.77978]]]}},{"type":"Feature","properties":{"name":"金山忠街","base":"金山忠街","section":null,"tier":"hard","length_m":218,"district":"東區"},"geometry":{"type":"MultiLineString","coordinates":[[[121.01961,24.77701],[121.02005,24.777],[121.02043,24.777],[121.02087,24.77701],[121.02132,24.777],[121.02177,24.777]]]}},{"type":"Feature","properties":{"name":"金山東一街","base":"金山東一街","section":null,"tier":"hard","length_m":45,"district":"東區"},"geometry":{"type":"MultiLineString","coordinates":[[[121.0268,24.77733],[121.02722,24.77746]]]}},{"type":"Feature","properties":{"name":"金山東三街","base":"金山東三街","section":null,"tier":"hard","length_m":128,"district":"東區"},"geometry":{"type":"MultiLineString","coordinates":[[[121.02644,24.77804],[121.02736,24.77832],[121.02764,24.7784]]]}},{"type":"Feature","properties":{"name":"金山東二街","base":"金山東二街","section":null,"tier":"hard","length_m":84,"district":"東區"},"geometry":{"type":"MultiLineString","coordinates":[[[121.02658,24.77772],[121.02738,24.77794]]]}},{"type":"Feature","properties":{"name":"金山東街","base":"金山東街","section":null,"tier":"hard","length_m":745,"district":"東區"},"geometry":{"type":"MultiLineString","coordinates":[[[121.0268,24.77733],[121.02732,24.77701]],[[121.02743,24.7769],[121.02781,24.77667],[121.02818,24.7765],[121.02858,24.77629],[121.02897,24.7761]],[[121.02722,24.77746],[121.02724,24.77725],[121.02732,24.77701],[121.02743,24.7769]],[[121.0276,24.7788],[121.02675,24.77857],[121.0263,24.77845],[121.02644,24.77804],[121.02658,24.77772],[121.02668,24.77745],[121.0268,24.77733]],[[121.02722,24.77746],[121.02738,24.77794],[121.02744,24.77805],[121.02764,24.7784],[121.0277,24.77866],[121.0276,24.7788]]]}},{"type":"Feature","properties":{"name":"金山街（東區2）","base":"金山街（東區2）","section":null,"tier":"hard","length_m":714,"district":"東區"},"geometry":{"type":"MultiLineString","coordinates":[[[121.02195,24.77785],[121.02222,24.77771],[121.02265,24.77749],[121.02305,24.77729],[121.02354,24.77709],[121.02396,24.77686],[121.0246,24.77658],[121.02471,24.77653],[121.02508,24.77636]],[[121.02541,24.77611],[121.02581,24.77592],[121.02621,24.77573],[121.0266,24.77553]],[[121.02508,24.77636],[121.02541,24.77611]],[[121.0266,24.77553],[121.02694,24.77534],[121.02734,24.77515],[121.02747,24.77508],[121.02772,24.77497],[121.02814,24.77477]]]}},{"type":"Feature","properties":{"name":"金山街（東區）","base":"金山街（東區）","section":null,"tier":"hard","length_m":274,"district":"東區"},"geometry":{"type":"MultiLineString","coordinates":[[[121.0193,24.77852],[121.01938,24.77848],[121.01962,24.77838],[121.02005,24.77818],[121.02007,24.77817],[121.02012,24.77815],[121.0205,24.77795],[121.02093,24.77775],[121.02127,24.77758],[121.02133,24.77754],[121.02147,24.77749],[121.02172,24.77742]]]}},{"type":"Feature","properties":{"name":"金竹路","base":"金竹路","section":null,"tier":"hard","length_m":538,"district":"北區"},"geometry":{"type":"MultiLineString","coordinates":[[[120.97542,24.82178],[120.97499,24.82208],[120.97444,24.82246],[120.97396,24.8228],[120.97366,24.82302],[120.97344,24.82318],[120.97319,24.82337],[120.97308,24.82345],[120.97299,24.82351],[120.9727,24.8237],[120.97198,24.82396],[120.97176,24.82404],[120.97142,24.82414],[120.97112,24.82423]],[[120.97112,24.82423],[120.97095,24.82432]]]}},{"type":"Feature","properties":{"name":"金農路","base":"金農路","section":null,"tier":"hard","length_m":420,"district":"北區"},"geometry":{"type":"MultiLineString","coordinates":[[[120.96412,24.82194],[120.96411,24.82199],[120.96407,24.82208],[120.96349,24.82263],[120.96274,24.82346],[120.96199,24.82428],[120.96155,24.82475],[120.96152,24.82482],[120.96152,24.82486]]]}},{"type":"Feature","properties":{"name":"金雅一街","base":"金雅一街","section":null,"tier":"hard","length_m":188,"district":"北區"},"geometry":{"type":"MultiLineString","coordinates":[[[120.96216,24.82508],[120.96255,24.8246],[120.96291,24.82424],[120.96312,24.82366]]]}},{"type":"Feature","properties":{"name":"金雅七街","base":"金雅七街","section":null,"tier":"hard","length_m":332,"district":"北區"},"geometry":{"type":"MultiLineString","coordinates":[[[120.96552,24.8271],[120.9667,24.82612],[120.96708,24.82573],[120.96759,24.82522],[120.96785,24.825]]]}},{"type":"Feature","properties":{"name":"金雅三街","base":"金雅三街","section":null,"tier":"hard","length_m":409,"district":"北區"},"geometry":{"type":"MultiLineString","coordinates":[[[120.96348,24.82621],[120.9637,24.82602],[120.96399,24.82564],[120.96407,24.82553],[120.96419,24.8254],[120.96436,24.82505],[120.96439,24.82496],[120.96455,24.82456]],[[120.96501,24.82728],[120.96444,24.82674],[120.9637,24.82602]]]}},{"type":"Feature","properties":{"name":"金雅二街","base":"金雅二街","section":null,"tier":"hard","length_m":343,"district":"北區"},"geometry":{"type":"MultiLineString","coordinates":[[[120.96471,24.82352],[120.96397,24.82422],[120.96366,24.82464],[120.96335,24.82507],[120.96303,24.82514],[120.96243,24.82515],[120.96216,24.82508]]]}},{"type":"Feature","properties":{"name":"金雅五街","base":"金雅五街","section":null,"tier":"hard","length_m":108,"district":"北區"},"geometry":{"type":"MultiLineString","coordinates":[[[120.96539,24.82505],[120.96588,24.8244],[120.96601,24.82426]]]}},{"type":"Feature","properties":{"name":"金雅八街","base":"金雅八街","section":null,"tier":"hard","length_m":254,"district":"北區"},"geometry":{"type":"MultiLineString","coordinates":[[[120.9663,24.82722],[120.96711,24.82657],[120.96823,24.82575]]]}},{"type":"Feature","properties":{"name":"金雅六街","base":"金雅六街","section":null,"tier":"hard","length_m":272,"district":"北區"},"geometry":{"type":"MultiLineString","coordinates":[[[120.96541,24.82638],[120.96615,24.82573],[120.96625,24.82564],[120.96704,24.82482],[120.96725,24.82459]]]}},{"type":"Feature","properties":{"name":"金雅東街","base":"金雅東街","section":null,"tier":"hard","length_m":272,"district":"北區"},"geometry":{"type":"MultiLineString","coordinates":[[[120.96704,24.82482],[120.96747,24.82513],[120.96759,24.82522],[120.96779,24.82536],[120.96823,24.82575],[120.96894,24.82654]]]}},{"type":"Feature","properties":{"name":"金雅西街","base":"金雅西街","section":null,"tier":"hard","length_m":547,"district":"北區"},"geometry":{"type":"MultiLineString","coordinates":[[[120.96199,24.82428],[120.96255,24.8246],[120.96335,24.82507],[120.96339,24.82509],[120.96375,24.82533],[120.96379,24.82535],[120.96407,24.82553],[120.96488,24.82644],[120.96511,24.82666],[120.96552,24.8271],[120.96564,24.82722],[120.96595,24.82756]]]}},{"type":"Feature","properties":{"name":"金雅路","base":"金雅路","section":null,"tier":"hard","length_m":631,"district":"北區"},"geometry":{"type":"MultiLineString","coordinates":[[[120.96274,24.82346],[120.96312,24.82366],[120.96397,24.82422],[120.96431,24.82441],[120.96455,24.82456],[120.96491,24.82475],[120.96539,24.82505],[120.96579,24.82528],[120.96625,24.82564],[120.9667,24.82612],[120.96711,24.82657],[120.96756,24.827]]]}},{"type":"Feature","properties":{"name":"錦華街","base":"錦華街","section":null,"tier":"hard","length_m":415,"district":"東區"},"geometry":{"type":"MultiLineString","coordinates":[[[120.97326,24.80845],[120.97316,24.80858],[120.97305,24.80872],[120.97292,24.80889],[120.97268,24.8092],[120.97257,24.80934],[120.97242,24.80954],[120.97231,24.80968],[120.97213,24.80992],[120.97182,24.81032],[120.97149,24.81075],[120.97128,24.81103],[120.97121,24.81111],[120.9709,24.81151]]]}},{"type":"Feature","properties":{"name":"鐵道路一段（北區2）","base":"鐵道路（北區2）","section":"一段","tier":"medium","length_m":652,"district":"北區"},"geometry":{"type":"MultiLineString","coordinates":[[[120.98087,24.81479],[120.98099,24.81469]],[[120.98503,24.81051],[120.98506,24.81042]],[[120.98099,24.81469],[120.98117,24.81452],[120.98215,24.81365],[120.98291,24.81297],[120.98322,24.81269],[120.98329,24.81262],[120.98344,24.81248],[120.98368,24.81228],[120.98387,24.81211],[120.98416,24.81185],[120.9844,24.81163],[120.98456,24.81146],[120.98469,24.81129],[120.98481,24.8111],[120.98491,24.81086],[120.98501,24.81056],[120.98503,24.81051]]]}},{"type":"Feature","properties":{"name":"鐵道路三段（北區）","base":"鐵道路（北區）","section":"三段","tier":"medium","length_m":557,"district":"北區"},"geometry":{"type":"MultiLineString","coordinates":[[[120.95737,24.81645],[120.95742,24.81656],[120.95746,24.81662],[120.95758,24.81672],[120.95824,24.81724],[120.9593,24.81808],[120.95934,24.81811],[120.96025,24.81883],[120.9603,24.81887],[120.96037,24.81893],[120.96138,24.81974],[120.96139,24.81975],[120.96145,24.8198]]]}},{"type":"Feature","properties":{"name":"鐵道路二段101巷","base":"鐵道路二段101巷","section":null,"tier":"hard","length_m":32,"lane":true,"district":"北區"},"geometry":{"type":"MultiLineString","coordinates":[[[120.97789,24.81707],[120.97805,24.81723],[120.9781,24.81729]]]}},{"type":"Feature","properties":{"name":"鐵道路二段（北區2）","base":"鐵道路（北區2）","section":"二段","tier":"medium","length_m":2196,"district":"北區"},"geometry":{"type":"MultiLineString","coordinates":[[[120.96306,24.82112],[120.96313,24.82118],[120.96319,24.82122],[120.96407,24.8219],[120.96412,24.82194]],[[120.97052,24.82263],[120.97075,24.8225],[120.97093,24.82239],[120.97166,24.82194],[120.97237,24.82147],[120.97267,24.82128],[120.97318,24.82095],[120.97361,24.82067],[120.97386,24.8205],[120.9743,24.8202],[120.97456,24.82003],[120.97504,24.8197],[120.97515,24.81963],[120.97526,24.81956],[120.9757,24.81926]],[[120.97027,24.82272],[120.97033,24.8227],[120.97047,24.82266],[120.97052,24.82263]],[[120.96412,24.82194],[120.96419,24.82199],[120.96451,24.8222],[120.96494,24.82246],[120.96532,24.82267],[120.96557,24.82278],[120.96582,24.82287],[120.96589,24.8229],[120.96603,24.82295],[120.96646,24.82309],[120.96653,24.82309],[120.96679,24.82314],[120.96696,24.82315],[120.96754,24.8232],[120.96804,24.82319],[120.96839,24.82317],[120.96863,24.82314],[120.96879,24.82313],[120.96915,24.82305],[120.96924,24.82303],[120.9693,24.82301],[120.96998,24.8228],[120.97027,24.82272]],[[120.9757,24.81926],[120.9761,24.81903],[120.97651,24.81875],[120.97679,24.81851],[120.97707,24.81825],[120.97764,24.81771],[120.9781,24.81729]],[[120.98028,24.81531],[120.98032,24.81528],[120.98076,24.81488],[120.98087,24.81479]],[[120.9781,24.81729],[120.97841,24.81701],[120.97924,24.81626],[120.97928,24.81622],[120.98023,24.81536],[120.98028,24.81531]]]}},{"type":"Feature","properties":{"name":"鐵道路二段（北區）","base":"鐵道路（北區）","section":"二段","tier":"medium","length_m":198,"district":"北區"},"geometry":{"type":"MultiLineString","coordinates":[[[120.96145,24.8198],[120.96154,24.81987],[120.96165,24.81996],[120.96172,24.82002],[120.96255,24.8207],[120.96285,24.82095],[120.96291,24.82099]]]}},{"type":"Feature","properties":{"name":"長安街","base":"長安街","section":null,"tier":"hard","length_m":67,"district":"北區"},"geometry":{"type":"MultiLineString","coordinates":[[[120.96448,24.80824],[120.96475,24.80791],[120.96486,24.80775]]]}},{"type":"Feature","properties":{"name":"長春街","base":"長春街","section":null,"tier":"hard","length_m":755,"district":"東區"},"geometry":{"type":"MultiLineString","coordinates":[[[121.01567,24.7879],[121.01586,24.78777],[121.01574,24.78756],[121.0156,24.78735],[121.01555,24.78727],[121.01541,24.78705],[121.01529,24.78684],[121.01521,24.78669],[121.01504,24.78642],[121.01491,24.78615],[121.01477,24.78598],[121.0145,24.78577],[121.01416,24.78554],[121.01403,24.78532],[121.01392,24.78509],[121.01375,24.78474]],[[121.01551,24.78799],[121.01489,24.78831]],[[121.01567,24.7879],[121.01551,24.78799]],[[121.01489,24.78831],[121.01509,24.78864],[121.01527,24.78893],[121.01548,24.78928],[121.01562,24.78949],[121.01569,24.78959],[121.01582,24.78982],[121.01587,24.78991],[121.01603,24.79015]]]}},{"type":"Feature","properties":{"name":"長春街15巷","base":"長春街15巷","section":null,"tier":"hard","length_m":106,"lane":true,"district":"東區"},"geometry":{"type":"MultiLineString","coordinates":[[[121.01317,24.78541],[121.01323,24.78556],[121.01334,24.7856],[121.01403,24.78532]]]}},{"type":"Feature","properties":{"name":"長春街16巷","base":"長春街16巷","section":null,"tier":"hard","length_m":114,"lane":true,"district":"東區"},"geometry":{"type":"MultiLineString","coordinates":[[[121.01403,24.78532],[121.01485,24.785],[121.01495,24.78496],[121.01498,24.78497],[121.01501,24.78505]]]}},{"type":"Feature","properties":{"name":"長春街26巷","base":"長春街26巷","section":null,"tier":"hard","length_m":112,"lane":true,"district":"東區"},"geometry":{"type":"MultiLineString","coordinates":[[[121.01416,24.78554],[121.01502,24.7852],[121.01504,24.78515],[121.01501,24.78505]]]}},{"type":"Feature","properties":{"name":"長春街40巷","base":"長春街40巷","section":null,"tier":"hard","length_m":79,"lane":true,"district":"東區"},"geometry":{"type":"MultiLineString","coordinates":[[[121.0145,24.78577],[121.01518,24.78542]]]}},{"type":"Feature","properties":{"name":"長春街5巷","base":"長春街5巷","section":null,"tier":"hard","length_m":45,"lane":true,"district":"東區"},"geometry":{"type":"MultiLineString","coordinates":[[[121.01352,24.78526],[121.01392,24.78509]]]}},{"type":"Feature","properties":{"name":"長春街6巷","base":"長春街6巷","section":null,"tier":"hard","length_m":118,"lane":true,"district":"東區"},"geometry":{"type":"MultiLineString","coordinates":[[[121.01392,24.78509],[121.01474,24.78477],[121.01485,24.785]]]}},{"type":"Feature","properties":{"name":"長福街","base":"長福街","section":null,"tier":"hard","length_m":169,"district":"香山區"},"geometry":{"type":"MultiLineString","coordinates":[[[120.94154,24.79645],[120.94103,24.79677],[120.94095,24.79683],[120.9408,24.79696],[120.9406,24.79718],[120.94054,24.79727],[120.9404,24.79752]]]}},{"type":"Feature","properties":{"name":"長興街","base":"長興街","section":null,"tier":"hard","length_m":1468,"district":"香山區"},"geometry":{"type":"MultiLineString","coordinates":[[[120.90477,24.74539],[120.90479,24.74548],[120.90486,24.74565],[120.90495,24.74582],[120.90505,24.74596],[120.90513,24.74615],[120.9053,24.7467],[120.90541,24.74693],[120.90549,24.74715],[120.90554,24.74734],[120.90566,24.74776],[120.90575,24.74799],[120.90584,24.74817],[120.90591,24.74832],[120.90603,24.74866],[120.90604,24.74877],[120.90606,24.74895],[120.90609,24.7491],[120.9061,24.74918],[120.9061,24.74925],[120.9061,24.74932],[120.90609,24.74938],[120.90609,24.74945],[120.90608,24.74954],[120.90608,24.7497],[120.90608,24.74977],[120.90608,24.74981],[120.90609,24.74987],[120.90609,24.74991],[120.9061,24.74995],[120.90611,24.75],[120.90613,24.75005],[120.90625,24.75017],[120.90627,24.75019],[120.9063,24.75022],[120.90632,24.75025],[120.90636,24.75033],[120.90641,24.75045],[120.90644,24.75053],[120.90645,24.75055],[120.9065,24.75066],[120.90653,24.75075],[120.90657,24.75086],[120.90662,24.75105],[120.90666,24.75143],[120.90668,24.75152]],[[120.90668,24.75152],[120.90671,24.75164],[120.90675,24.75176],[120.90678,24.75187],[120.90691,24.75221],[120.907,24.75239],[120.90708,24.75255],[120.90715,24.7527],[120.90724,24.75289],[120.90741,24.75322],[120.90743,24.75326],[120.90749,24.75337],[120.90751,24.75341],[120.90753,24.75344],[120.90754,24.75346],[120.90759,24.75352],[120.90762,24.75355],[120.90767,24.7536],[120.90775,24.75367],[120.90785,24.75374],[120.90806,24.75389],[120.90821,24.754],[120.90833,24.75408],[120.90849,24.7542],[120.90855,24.75424],[120.90881,24.75447],[120.90889,24.75454],[120.90893,24.75458],[120.90908,24.75473],[120.90912,24.75477],[120.90919,24.75487],[120.90928,24.75498],[120.90933,24.75505],[120.90947,24.75526],[120.90953,24.75536],[120.90964,24.75556],[120.90973,24.75573],[120.90978,24.75581],[120.90981,24.75586],[120.90983,24.75589],[120.90996,24.75606],[120.91011,24.75625],[120.91028,24.75646],[120.91045,24.75668]],[[120.91045,24.75668],[120.91078,24.75699]]]}},{"type":"Feature","properties":{"name":"長興街4巷","base":"長興街4巷","section":null,"tier":"hard","length_m":318,"lane":true,"district":"香山區"},"geometry":{"type":"MultiLineString","coordinates":[[[120.9114,24.75929],[120.91121,24.75919],[120.91106,24.75889],[120.91086,24.75849],[120.91085,24.75847],[120.91068,24.75812],[120.91058,24.75792],[120.91049,24.75771],[120.91045,24.75756],[120.91043,24.75747],[120.91042,24.75733],[120.91041,24.75719],[120.91042,24.757],[120.91044,24.75677],[120.91045,24.75668]]]}},{"type":"Feature","properties":{"name":"閑谷一街","base":"閑谷一街","section":null,"tier":"hard","length_m":67,"district":"香山區"},"geometry":{"type":"MultiLineString","coordinates":[[[120.94049,24.76339],[120.94053,24.76331],[120.94098,24.763]]]}},{"type":"Feature","properties":{"name":"閑谷二街","base":"閑谷二街","section":null,"tier":"hard","length_m":388,"district":"香山區"},"geometry":{"type":"MultiLineString","coordinates":[[[120.94049,24.76339],[120.9403,24.76353],[120.93947,24.76412],[120.93931,24.76423],[120.93922,24.76424],[120.93911,24.76425],[120.93875,24.76426],[120.93856,24.76426],[120.93844,24.76418],[120.93819,24.764],[120.93796,24.76384],[120.93791,24.76364],[120.93785,24.76309]]]}},{"type":"Feature","properties":{"name":"閑谷街","base":"閑谷街","section":null,"tier":"hard","length_m":622,"district":"香山區"},"geometry":{"type":"MultiLineString","coordinates":[[[120.94049,24.76339],[120.94064,24.76372],[120.94067,24.76382],[120.9407,24.76406],[120.94072,24.76412],[120.94092,24.7643]],[[120.93785,24.76309],[120.93829,24.76289],[120.9388,24.76258],[120.93894,24.76243],[120.93913,24.76234],[120.9393,24.76231],[120.93947,24.7625],[120.93964,24.7627],[120.93982,24.76293],[120.94003,24.76302],[120.94016,24.76313],[120.9403,24.76324],[120.94049,24.76339]],[[120.94117,24.76484],[120.94093,24.76441],[120.94092,24.7643]],[[120.94125,24.7649],[120.94117,24.76484]],[[120.94126,24.76481],[120.94129,24.76486]],[[120.94092,24.7643],[120.941,24.76437],[120.94119,24.76466],[120.94126,24.76481]],[[120.9413,24.76493],[120.94125,24.7649]],[[120.94129,24.76486],[120.9413,24.76493]]]}},{"type":"Feature","properties":{"name":"關新一街","base":"關新一街","section":null,"tier":"hard","length_m":134,"district":"東區"},"geometry":{"type":"MultiLineString","coordinates":[[[121.01955,24.78384],[121.01937,24.7839],[121.01923,24.78395],[121.01897,24.78403],[121.01839,24.78423],[121.01831,24.78426]]]}},{"type":"Feature","properties":{"name":"關新二街","base":"關新二街","section":null,"tier":"hard","length_m":426,"district":"東區"},"geometry":{"type":"MultiLineString","coordinates":[[[121.01656,24.78635],[121.01863,24.78551],[121.01869,24.78548],[121.01878,24.78545],[121.01885,24.78543],[121.0198,24.78504],[121.02042,24.7848]]]}},{"type":"Feature","properties":{"name":"關新北路","base":"關新北路","section":null,"tier":"hard","length_m":376,"district":"東區"},"geometry":{"type":"MultiLineString","coordinates":[[[121.0191,24.78659],[121.0192,24.78655],[121.01927,24.78652],[121.02023,24.78611],[121.0212,24.78574],[121.02132,24.78573],[121.02147,24.78571],[121.02164,24.78572]],[[121.0182,24.78695],[121.01826,24.78692],[121.01851,24.78683],[121.01906,24.78661],[121.0191,24.78659]]]}},{"type":"Feature","properties":{"name":"關新東路","base":"關新東路","section":null,"tier":"hard","length_m":410,"district":"東區"},"geometry":{"type":"MultiLineString","coordinates":[[[121.01955,24.78357],[121.01955,24.7836],[121.01955,24.78384],[121.01956,24.78412],[121.01956,24.78426],[121.01958,24.7844],[121.01962,24.78454],[121.0198,24.78504],[121.02023,24.78611],[121.02039,24.78646],[121.02062,24.78671],[121.0208,24.78683],[121.02094,24.78688]]]}},{"type":"Feature","properties":{"name":"關新西街","base":"關新西街","section":null,"tier":"hard","length_m":328,"district":"東區"},"geometry":{"type":"MultiLineString","coordinates":[[[121.01851,24.78683],[121.01857,24.78694],[121.0188,24.78732],[121.01883,24.78736],[121.01916,24.78783],[121.0194,24.7882],[121.01945,24.78827],[121.01974,24.78873],[121.01993,24.78901],[121.02,24.78913],[121.02007,24.78921],[121.02014,24.78927],[121.02021,24.78933]]]}},{"type":"Feature","properties":{"name":"關新路","base":"關新路","section":null,"tier":"medium","length_m":2061,"district":"東區"},"geometry":{"type":"MultiLineString","coordinates":[[[121.02055,24.78797],[121.02046,24.78794],[121.02009,24.7877],[121.01974,24.78746],[121.01964,24.78737],[121.01954,24.78727],[121.01939,24.78706],[121.01928,24.78685],[121.01914,24.78665],[121.0191,24.78659],[121.01908,24.78652],[121.01888,24.78599],[121.01872,24.78556],[121.01869,24.78548],[121.01866,24.78539],[121.01855,24.78511],[121.01823,24.78438],[121.01817,24.78423]],[[121.02163,24.7882],[121.02116,24.78809],[121.02077,24.78801],[121.02063,24.78799],[121.02055,24.78797]],[[121.01817,24.78423],[121.01815,24.78417],[121.0178,24.78329],[121.01781,24.78318]],[[121.01781,24.78318],[121.01788,24.78322],[121.0179,24.78324],[121.01826,24.78413],[121.01828,24.78419],[121.01831,24.78426],[121.01834,24.78434],[121.01851,24.78476],[121.01858,24.78494],[121.01874,24.78536],[121.01878,24.78545],[121.01881,24.78552],[121.01917,24.78648],[121.0192,24.78655],[121.01923,24.78661],[121.01935,24.78681],[121.01948,24.78704],[121.01957,24.78715],[121.01965,24.78723],[121.01981,24.78738],[121.0201,24.7876],[121.02022,24.78768],[121.02035,24.78776],[121.0205,24.78783],[121.02058,24.78787]],[[121.02165,24.78812],[121.0217,24.78813],[121.02177,24.78814],[121.02204,24.78821],[121.02325,24.78851],[121.02372,24.7887],[121.02412,24.78894],[121.0244,24.78916]],[[121.02437,24.78924],[121.0237,24.78878],[121.02334,24.78862],[121.02279,24.78849],[121.02202,24.78829],[121.02175,24.78822],[121.02163,24.7882]],[[121.02143,24.78807],[121.02165,24.78812]],[[121.02058,24.78787],[121.0208,24.78793],[121.02143,24.78807]]]}},{"type":"Feature","properties":{"name":"關新路19巷","base":"關新路19巷","section":null,"tier":"hard","length_m":499,"lane":true,"district":"東區"},"geometry":{"type":"MultiLineString","coordinates":[[[121.01647,24.78507],[121.01594,24.78531]],[[121.01823,24.78438],[121.01818,24.78439],[121.01811,24.78442]],[[121.01647,24.78507],[121.01642,24.78505],[121.01638,24.785],[121.01636,24.78495],[121.01636,24.7849],[121.01638,24.78486],[121.01642,24.78482],[121.01646,24.7848],[121.01651,24.78478],[121.01776,24.78431],[121.01791,24.78425],[121.01795,24.78425],[121.01801,24.78424],[121.01808,24.78426],[121.01812,24.78433],[121.01812,24.78437],[121.01811,24.78442]],[[121.01811,24.78442],[121.01808,24.78446],[121.01804,24.78449],[121.01799,24.78452],[121.01794,24.78455],[121.01788,24.78458],[121.01657,24.78505],[121.01652,24.78507],[121.01647,24.78507]],[[121.01808,24.78426],[121.01811,24.78425],[121.01817,24.78423]]]}},{"type":"Feature","properties":{"name":"關東橋","base":"關東橋","section":null,"tier":"medium","length_m":20,"district":"東區"},"geometry":{"type":"MultiLineString","coordinates":[[[121.02649,24.78085],[121.02666,24.78076]]]}},{"type":"Feature","properties":{"name":"關東路","base":"關東路","section":null,"tier":"medium","length_m":1201,"district":"東區"},"geometry":{"type":"MultiLineString","coordinates":[[[121.02255,24.78154],[121.02265,24.78194],[121.02269,24.78207],[121.02272,24.78234],[121.02273,24.78245],[121.02273,24.78277],[121.02274,24.78308],[121.02267,24.78326],[121.02254,24.78352],[121.02251,24.78359],[121.02242,24.7838],[121.02235,24.78403],[121.0223,24.78419],[121.02219,24.78464],[121.0221,24.7849],[121.02191,24.78523],[121.02186,24.78531],[121.02176,24.7855],[121.02164,24.78572],[121.02152,24.78586],[121.02137,24.7861],[121.02094,24.78688],[121.02073,24.78733],[121.02063,24.78763],[121.0206,24.7878],[121.02058,24.78787]],[[121.02055,24.78797],[121.02054,24.78803],[121.02048,24.78833],[121.02039,24.78893],[121.02037,24.78909],[121.02031,24.7892],[121.02021,24.78933],[121.02012,24.7894],[121.01986,24.78964],[121.01978,24.7897],[121.01973,24.78975],[121.01948,24.79],[121.01928,24.79017],[121.01912,24.7903],[121.01892,24.79044],[121.01828,24.79082],[121.01822,24.79086],[121.0181,24.79095]],[[121.02058,24.78787],[121.02055,24.78797]]]}},{"type":"Feature","properties":{"name":"關東路300巷","base":"關東路300巷","section":null,"tier":"medium","length_m":56,"lane":true,"district":"東區"},"geometry":{"type":"MultiLineString","coordinates":[[[121.02175,24.7886],[121.02161,24.78825],[121.02163,24.7882]],[[121.02165,24.78812],[121.02163,24.7882]]]}},{"type":"Feature","properties":{"name":"關東路376巷","base":"關東路376巷","section":null,"tier":"medium","length_m":150,"lane":true,"district":"東區"},"geometry":{"type":"MultiLineString","coordinates":[[[121.02004,24.79451],[121.02003,24.79441],[121.02002,24.7943],[121.02002,24.7942]],[[121.02017,24.79372],[121.02018,24.79379],[121.02004,24.79411],[121.02002,24.7942]],[[121.02002,24.7942],[121.01997,24.79413],[121.02012,24.79377],[121.02017,24.79372]]]}},{"type":"Feature","properties":{"name":"防汛道路","base":"防汛道路","section":null,"tier":"hard","length_m":2715,"district":"東區"},"geometry":{"type":"MultiLineString","coordinates":[[[121.02223,24.79538],[121.02154,24.79517],[121.02148,24.79514],[121.02127,24.79502],[121.02108,24.79487],[121.02092,24.79469],[121.02081,24.79457],[121.02071,24.7944],[121.02067,24.79433],[121.02063,24.79427],[121.02061,24.79418],[121.0206,24.79406],[121.02061,24.79396],[121.02063,24.79389],[121.0207,24.79369],[121.02109,24.79281],[121.02139,24.79207],[121.02179,24.79112],[121.02191,24.79087],[121.02199,24.79073],[121.02207,24.79066],[121.02216,24.79059],[121.02231,24.79053],[121.02244,24.79053],[121.02272,24.79054],[121.02307,24.79059],[121.02327,24.79055],[121.02338,24.7905],[121.02345,24.79045],[121.02365,24.79025],[121.02406,24.78967],[121.02433,24.78933],[121.02437,24.78924],[121.0244,24.78916],[121.02444,24.78899],[121.02444,24.78882]],[[121.02444,24.78882],[121.0244,24.78861],[121.02437,24.78848],[121.02423,24.78788],[121.0242,24.78762],[121.02421,24.7874],[121.02425,24.78723],[121.02463,24.78654],[121.02469,24.78644],[121.0247,24.78637],[121.0247,24.78629],[121.02465,24.78621],[121.02458,24.78614],[121.02452,24.78608],[121.02444,24.78605],[121.02428,24.786],[121.02409,24.78596],[121.0239,24.78592],[121.0237,24.78588],[121.02351,24.78582],[121.02333,24.78572],[121.02316,24.78556],[121.02306,24.78538],[121.02303,24.78518],[121.02312,24.78499],[121.02325,24.78485],[121.02338,24.78478],[121.02362,24.78468],[121.0238,24.78459],[121.02405,24.78451],[121.02428,24.7844],[121.02452,24.7843],[121.02471,24.78421],[121.02489,24.78411],[121.02513,24.78397],[121.02531,24.78386],[121.02551,24.78373],[121.02569,24.78363]],[[121.021,24.80189],[121.02085,24.80169],[121.02075,24.80151],[121.02068,24.80128],[121.02065,24.80104],[121.02062,24.80068],[121.02058,24.80034],[121.02055,24.79995],[121.02052,24.79956],[121.0205,24.79917],[121.0205,24.79897],[121.02053,24.79877],[121.02057,24.79866],[121.02061,24.79858],[121.0208,24.79834],[121.02084,24.79829],[121.02113,24.79801],[121.0212,24.79793],[121.0215,24.79755],[121.02184,24.79713],[121.02213,24.79672],[121.02219,24.79664],[121.02226,24.79656],[121.02231,24.79651],[121.02241,24.79643],[121.02255,24.79635],[121.02281,24.79619],[121.02286,24.79614],[121.0229,24.79609],[121.02294,24.79601],[121.02295,24.79593],[121.02295,24.79583],[121.02293,24.79574],[121.02289,24.79568],[121.02285,24.79564],[121.02278,24.79559],[121.02268,24.79554],[121.02257,24.7955],[121.02223,24.79538]]]}},{"type":"Feature","properties":{"name":"隘口橋","base":"隘口橋","section":null,"tier":"hard","length_m":22,"district":"香山區"},"geometry":{"type":"MultiLineString","coordinates":[[[120.93214,24.78382],[120.93197,24.78394]]]}},{"type":"Feature","properties":{"name":"雙峰橋","base":"雙峰橋","section":null,"tier":"medium","length_m":39,"district":"東區"},"geometry":{"type":"MultiLineString","coordinates":[[[120.98768,24.76799],[120.98799,24.7682]]]}},{"type":"Feature","properties":{"name":"雙林路一段","base":"雙林路","section":"一段","tier":"medium","length_m":2370,"district":"東區"},"geometry":{"type":"MultiLineString","coordinates":[[[120.95731,24.74797],[120.95741,24.7483],[120.95744,24.74841],[120.95745,24.74851],[120.95746,24.74865],[120.95749,24.74878],[120.95756,24.74898],[120.95766,24.74906],[120.95771,24.74911],[120.95777,24.74913],[120.95783,24.74913],[120.95794,24.7491],[120.95838,24.74893],[120.95857,24.7489],[120.95871,24.74894],[120.96007,24.74955],[120.96017,24.74957],[120.96026,24.74955],[120.9605,24.74931],[120.96064,24.74912],[120.96075,24.74892],[120.96074,24.74884],[120.96069,24.74876],[120.96038,24.74842],[120.96033,24.74833],[120.96034,24.7482],[120.96037,24.74812],[120.96045,24.74805],[120.96056,24.74802],[120.96086,24.748],[120.96114,24.74803],[120.9613,24.74803],[120.96145,24.74799],[120.96189,24.74784],[120.96197,24.74781],[120.96227,24.74759],[120.96244,24.7474],[120.96255,24.74728],[120.96257,24.74723],[120.96286,24.74691],[120.96297,24.74686],[120.96308,24.74683],[120.96319,24.74682],[120.96386,24.74692],[120.96405,24.74697],[120.96419,24.74704],[120.96458,24.74735],[120.96492,24.74776],[120.96524,24.74811],[120.96557,24.74836],[120.96604,24.74866],[120.96648,24.74888],[120.96689,24.74911],[120.96738,24.74928],[120.96754,24.74937],[120.96774,24.74958],[120.96787,24.74975],[120.96802,24.74999],[120.96816,24.75017],[120.96843,24.7504],[120.96858,24.75053],[120.96864,24.75066],[120.96875,24.75094],[120.96889,24.75134],[120.96899,24.7516],[120.96908,24.75178],[120.96928,24.75193],[120.96932,24.75195],[120.96957,24.75211],[120.96967,24.75216],[120.96998,24.75232],[120.97016,24.75246],[120.97045,24.75284],[120.9707,24.75323],[120.97089,24.75351],[120.97098,24.75358],[120.97115,24.75366],[120.97131,24.75374],[120.97151,24.75387],[120.97165,24.75397],[120.97183,24.75409],[120.97216,24.75436],[120.97239,24.75456],[120.97248,24.75464],[120.97262,24.75477],[120.97296,24.75506],[120.97305,24.75516],[120.97316,24.75522]]]}},{"type":"Feature","properties":{"name":"青峰路","base":"青峰路","section":null,"tier":"hard","length_m":1290,"district":"東區"},"geometry":{"type":"MultiLineString","coordinates":[[[120.97088,24.77617],[120.97106,24.77617],[120.97136,24.77613],[120.97209,24.776],[120.97228,24.77599],[120.97238,24.77602],[120.97248,24.77614],[120.97263,24.77629],[120.97274,24.77636],[120.97284,24.77636],[120.97291,24.77635],[120.97304,24.77625],[120.9731,24.77619],[120.97312,24.77608],[120.97314,24.77604],[120.97321,24.77602],[120.97326,24.77604],[120.97337,24.77608],[120.97385,24.77628],[120.97396,24.7763],[120.97406,24.77632],[120.97413,24.77632],[120.97419,24.77632],[120.97425,24.77631],[120.97429,24.77627],[120.9743,24.77621],[120.97429,24.77613],[120.97425,24.77602],[120.97414,24.77588],[120.97412,24.77583],[120.97412,24.77575],[120.97412,24.77571],[120.97415,24.77566],[120.97421,24.77559],[120.97443,24.77548],[120.97453,24.77545],[120.97469,24.77542],[120.97488,24.77543],[120.97506,24.77545],[120.97522,24.7755],[120.97533,24.77555],[120.97543,24.77562],[120.97561,24.77577],[120.97572,24.77586],[120.97587,24.77593],[120.97609,24.77599],[120.97621,24.77599],[120.97636,24.77597],[120.97649,24.77594],[120.9766,24.7759],[120.97669,24.77585],[120.97676,24.77579],[120.97682,24.7757],[120.97686,24.77555],[120.97684,24.77539],[120.97681,24.77528],[120.97676,24.7752],[120.97652,24.7749],[120.97644,24.77479],[120.97644,24.77475],[120.97645,24.77469],[120.97649,24.77466],[120.97658,24.77467],[120.97667,24.77472],[120.97678,24.77485],[120.97699,24.77528],[120.9771,24.77567],[120.97708,24.77601],[120.97706,24.77608],[120.97694,24.77619],[120.97677,24.77626],[120.97672,24.77632],[120.97674,24.77642],[120.9768,24.77659],[120.9769,24.77665],[120.97719,24.7768],[120.9779,24.7772]]]}},{"type":"Feature","properties":{"name":"頂埔路","base":"頂埔路","section":null,"tier":"hard","length_m":329,"district":"香山區"},"geometry":{"type":"MultiLineString","coordinates":[[[120.95093,24.79765],[120.95109,24.79722],[120.95121,24.79691],[120.95139,24.7963]],[[120.94953,24.79853],[120.94961,24.79845],[120.94989,24.79828],[120.9501,24.79815],[120.95026,24.79806],[120.95044,24.79796],[120.95093,24.79765]]]}},{"type":"Feature","properties":{"name":"頂美街","base":"頂美街","section":null,"tier":"hard","length_m":153,"district":"香山區"},"geometry":{"type":"MultiLineString","coordinates":[[[120.94322,24.79941],[120.94309,24.79971],[120.94355,24.79986],[120.94385,24.79996],[120.94393,24.79998],[120.94418,24.80007]]]}},{"type":"Feature","properties":{"name":"頂雅橋（北區）","base":"頂雅橋（北區）","section":null,"tier":"medium","length_m":44,"district":"北區"},"geometry":{"type":"MultiLineString","coordinates":[[[120.95045,24.80149],[120.95054,24.80188]]]}},{"type":"Feature","properties":{"name":"頂雅橋（香山區）","base":"頂雅橋（香山區）","section":null,"tier":"medium","length_m":46,"district":"香山區"},"geometry":{"type":"MultiLineString","coordinates":[[[120.95045,24.80188],[120.95035,24.80148]]]}},{"type":"Feature","properties":{"name":"頭前溪橋（東區2）","base":"頭前溪橋（東區2）","section":null,"tier":"easy","length_m":665,"district":"東區"},"geometry":{"type":"MultiLineString","coordinates":[[[120.99571,24.81965],[120.99576,24.81983],[120.99612,24.82109],[120.99666,24.82299],[120.99681,24.8235],[120.99731,24.82531],[120.99738,24.82543]]]}},{"type":"Feature","properties":{"name":"頭前溪橋（東區）","base":"頭前溪橋（東區）","section":null,"tier":"easy","length_m":661,"district":"東區"},"geometry":{"type":"MultiLineString","coordinates":[[[120.99724,24.82547],[120.99721,24.82531],[120.99669,24.82355],[120.99654,24.82302],[120.99606,24.82133],[120.99561,24.81989],[120.99555,24.81973]]]}},{"type":"Feature","properties":{"name":"風空街","base":"風空街","section":null,"tier":"hard","length_m":981,"district":"東區"},"geometry":{"type":"MultiLineString","coordinates":[[[121.02715,24.76385],[121.02717,24.76392],[121.02713,24.76403],[121.02703,24.76414],[121.02675,24.76436],[121.02664,24.76448],[121.02657,24.76459],[121.02649,24.76472],[121.02644,24.76491],[121.02642,24.76507],[121.02638,24.76534],[121.02646,24.76559],[121.02642,24.76576],[121.02635,24.76587],[121.02629,24.76605],[121.02636,24.76621],[121.02646,24.76647],[121.0265,24.76684],[121.02655,24.76703],[121.02693,24.76733],[121.02727,24.76789],[121.02727,24.768],[121.0272,24.76807],[121.0271,24.76813]],[[121.02725,24.76122],[121.02722,24.76133],[121.02723,24.76145],[121.02719,24.76164],[121.02708,24.76183],[121.02694,24.76202],[121.02689,24.76232],[121.02692,24.76249],[121.027,24.76265],[121.02706,24.7628],[121.02704,24.76291],[121.02699,24.76306],[121.02692,24.76316],[121.02692,24.76334],[121.02702,24.76354],[121.02702,24.76368],[121.02715,24.76385]],[[121.02752,24.76105],[121.02725,24.76122]],[[121.0276,24.76039],[121.02743,24.76048],[121.02733,24.76065],[121.02736,24.76076],[121.02738,24.76081],[121.02744,24.7609],[121.02752,24.76105]]]}},{"type":"Feature","properties":{"name":"食品路","base":"食品路","section":null,"tier":"medium","length_m":2199,"district":"東區"},"geometry":{"type":"MultiLineString","coordinates":[[[120.98313,24.80223],[120.98312,24.8022],[120.98296,24.80179],[120.98276,24.80121],[120.98268,24.80105],[120.98254,24.80077],[120.98224,24.80061],[120.98203,24.80051],[120.98197,24.80047],[120.98123,24.80011],[120.98068,24.79983],[120.98052,24.79975]],[[120.96671,24.7937],[120.96656,24.79373],[120.96646,24.79377],[120.96634,24.79381],[120.96615,24.79391],[120.96585,24.79413],[120.96557,24.79439],[120.9652,24.79481]],[[120.97815,24.7983],[120.97768,24.79799],[120.97738,24.7978],[120.97718,24.79768],[120.97706,24.7976],[120.97674,24.7974],[120.9764,24.79719],[120.97623,24.79709],[120.97608,24.797],[120.97578,24.79681],[120.97544,24.79661],[120.97524,24.79648],[120.9751,24.79639]],[[120.98052,24.79975],[120.98044,24.7997],[120.97991,24.79937]],[[120.9751,24.79639],[120.97452,24.79604],[120.97421,24.79584],[120.9736,24.79546],[120.97357,24.79544],[120.97292,24.79505],[120.97251,24.79479]],[[120.97251,24.79479],[120.97188,24.79442],[120.97143,24.79414],[120.97118,24.79404],[120.97094,24.79395],[120.97043,24.79389],[120.9695,24.79382],[120.96943,24.79381],[120.96909,24.79379],[120.96863,24.79376],[120.96838,24.79375],[120.96745,24.79369],[120.96726,24.79368],[120.96707,24.79367],[120.96671,24.7937]],[[120.97991,24.79937],[120.97985,24.79934],[120.97971,24.79925]],[[120.97971,24.79925],[120.97967,24.79922],[120.97956,24.79916],[120.97936,24.79903],[120.97909,24.79887],[120.97882,24.7987],[120.97815,24.7983]]]}},{"type":"Feature","properties":{"name":"香北一路","base":"香北一路","section":null,"tier":"medium","length_m":339,"district":"香山區"},"geometry":{"type":"MultiLineString","coordinates":[[[120.92238,24.79192],[120.92254,24.79177],[120.92295,24.7914],[120.92315,24.79121],[120.92342,24.79095],[120.92387,24.79053],[120.92471,24.78973]]]}},{"type":"Feature","properties":{"name":"香北橋","base":"香北橋","section":null,"tier":"medium","length_m":29,"district":"香山區"},"geometry":{"type":"MultiLineString","coordinates":[[[120.92921,24.79236],[120.92892,24.79235]]]}},{"type":"Feature","properties":{"name":"香北路（香山區2）","base":"香北路（香山區2）","section":null,"tier":"medium","length_m":525,"district":"香山區"},"geometry":{"type":"MultiLineString","coordinates":[[[120.92645,24.79118],[120.92597,24.79078],[120.92569,24.79055],[120.92522,24.79015],[120.92471,24.78973]],[[120.92892,24.79235],[120.92832,24.79226],[120.92804,24.79217],[120.92775,24.79202],[120.9275,24.79188],[120.92645,24.79118]]]}},{"type":"Feature","properties":{"name":"香北路（香山區）","base":"香北路（香山區）","section":null,"tier":"medium","length_m":255,"district":"香山區"},"geometry":{"type":"MultiLineString","coordinates":[[[120.93166,24.79184],[120.93062,24.79216],[120.93044,24.79221],[120.92994,24.7923],[120.92978,24.79233],[120.92921,24.79236]]]}},{"type":"Feature","properties":{"name":"香山陸橋（香山區2）","base":"香山陸橋（香山區2）","section":null,"tier":"easy","length_m":658,"district":"香山區"},"geometry":{"type":"MultiLineString","coordinates":[[[120.9114,24.75929],[120.91068,24.75788],[120.91059,24.75765],[120.91054,24.75744],[120.91054,24.7573],[120.91068,24.75509],[120.91072,24.7546],[120.91072,24.75448],[120.91071,24.75435],[120.91068,24.7542],[120.9106,24.75392],[120.91045,24.75358]]]}},{"type":"Feature","properties":{"name":"香山陸橋（香山區）","base":"香山陸橋（香山區）","section":null,"tier":"easy","length_m":690,"district":"香山區"},"geometry":{"type":"MultiLineString","coordinates":[[[120.91038,24.75327],[120.91057,24.75354],[120.91072,24.75388],[120.91083,24.75422],[120.91086,24.75446],[120.91087,24.75463],[120.91084,24.75505],[120.91066,24.75731],[120.91066,24.75742],[120.9107,24.7576],[120.91078,24.75782],[120.91148,24.75922]]]}},{"type":"Feature","properties":{"name":"香村橋","base":"香村橋","section":null,"tier":"medium","length_m":36,"district":"香山區"},"geometry":{"type":"MultiLineString","coordinates":[[[120.93311,24.7807],[120.93336,24.78047]]]}},{"type":"Feature","properties":{"name":"香村路","base":"香村路","section":null,"tier":"medium","length_m":3470,"district":"香山區"},"geometry":{"type":"MultiLineString","coordinates":[[[120.94398,24.75894],[120.94323,24.75932],[120.94313,24.75944],[120.94308,24.75954],[120.94301,24.75965],[120.94299,24.75969],[120.94299,24.75985],[120.94299,24.76016],[120.94304,24.76067],[120.94297,24.76097],[120.94299,24.7611],[120.94312,24.76149],[120.94314,24.76166],[120.94314,24.76185],[120.94308,24.76235],[120.9431,24.76273],[120.94306,24.76295],[120.94282,24.76374],[120.94276,24.76387],[120.94265,24.764],[120.94209,24.7645],[120.94181,24.76469],[120.94143,24.76486],[120.9413,24.76493],[120.94125,24.76514],[120.94117,24.76539],[120.94102,24.76563],[120.94099,24.76565],[120.94093,24.76569],[120.9408,24.7658],[120.94063,24.76589],[120.94042,24.76597],[120.94031,24.76602],[120.9399,24.76612],[120.93975,24.76619],[120.93969,24.76623],[120.93962,24.76636],[120.9395,24.7667],[120.93942,24.76681],[120.93909,24.76717],[120.93901,24.76722],[120.93894,24.76724],[120.93877,24.76724],[120.93857,24.76756],[120.93849,24.76779],[120.93847,24.76784],[120.9384,24.76797],[120.93834,24.76803],[120.93827,24.76805],[120.93804,24.76812],[120.93797,24.76816],[120.93793,24.7682],[120.93795,24.769],[120.93797,24.76909],[120.93799,24.76919],[120.93801,24.76934],[120.93797,24.76951],[120.93786,24.76971],[120.93765,24.76999],[120.93739,24.77024],[120.93737,24.77029],[120.93735,24.77037],[120.93737,24.77072],[120.93737,24.77087],[120.93731,24.77097],[120.93707,24.77125],[120.93701,24.77129],[120.93696,24.77132],[120.93671,24.77138],[120.93663,24.77141],[120.93658,24.77149],[120.9365,24.77164],[120.9364,24.77172],[120.93632,24.77176],[120.93622,24.77177],[120.93606,24.7718],[120.9359,24.77191],[120.93582,24.77198],[120.93573,24.77202],[120.93563,24.77205],[120.93548,24.77206],[120.93535,24.77207],[120.93519,24.77204],[120.93497,24.77196],[120.93484,24.77194],[120.93443,24.77187],[120.9343,24.77192],[120.93426,24.77194],[120.93424,24.772],[120.9342,24.77239],[120.93417,24.77255],[120.93415,24.77262],[120.93413,24.77268],[120.93403,24.77287],[120.9339,24.773],[120.93354,24.77335],[120.93344,24.77351],[120.93324,24.77391],[120.93314,24.77407],[120.93305,24.77416],[120.93298,24.77422],[120.93273,24.77439],[120.93272,24.7744],[120.93248,24.77456],[120.93235,24.77459],[120.93211,24.77459],[120.93194,24.77468],[120.93186,24.77479],[120.93181,24.77496],[120.93181,24.77509],[120.93183,24.77525],[120.93185,24.7754],[120.93184,24.77548],[120.93179,24.77602],[120.93179,24.77615],[120.93186,24.77653],[120.93187,24.77663],[120.93184,24.77679],[120.93184,24.77683],[120.93184,24.77685],[120.93189,24.77695],[120.93213,24.77737],[120.93215,24.77746],[120.93217,24.77756],[120.93216,24.77771],[120.93212,24.7779],[120.93204,24.77827],[120.93205,24.77864],[120.93205,24.77891],[120.93187,24.7795],[120.93187,24.77961],[120.93187,24.77968],[120.9319,24.77978],[120.93211,24.78026],[120.93225,24.78042],[120.93246,24.78063],[120.93255,24.7808],[120.93258,24.78109],[120.9326,24.78116]],[[120.94323,24.75932],[120.94323,24.7592],[120.9433,24.75847]],[[120.9326,24.78116],[120.93261,24.78124],[120.93263,24.78136],[120.93264,24.78144],[120.93267,24.78157],[120.93278,24.78213],[120.93279,24.78218],[120.93287,24.78254],[120.93294,24.78272]]]}},{"type":"Feature","properties":{"name":"香村路300巷","base":"香村路300巷","section":null,"tier":"hard","length_m":988,"lane":true,"district":"香山區"},"geometry":{"type":"MultiLineString","coordinates":[[[120.93085,24.7756],[120.93063,24.77562],[120.93057,24.77567],[120.93053,24.77571],[120.93032,24.77603],[120.93027,24.77614],[120.93025,24.77627],[120.93029,24.77668],[120.93027,24.77685],[120.93027,24.77696],[120.93023,24.77707],[120.9301,24.77722],[120.93001,24.77728],[120.9298,24.77741],[120.92936,24.77757],[120.92919,24.77759],[120.92901,24.77755],[120.9289,24.7775],[120.92886,24.77748],[120.92854,24.77719],[120.92829,24.77702],[120.92825,24.77694],[120.92817,24.77674],[120.92804,24.77657],[120.92795,24.77651],[120.92787,24.77655],[120.92769,24.77668],[120.92765,24.77677],[120.92767,24.77689],[120.92774,24.77711],[120.92774,24.7772]],[[120.92842,24.77826],[120.92844,24.77832],[120.92845,24.77836],[120.92843,24.77846],[120.92842,24.77852],[120.92832,24.77887],[120.92829,24.77904],[120.92828,24.77909],[120.92829,24.77924],[120.92829,24.77929],[120.92828,24.77942],[120.92825,24.77952],[120.92818,24.77961]],[[120.931,24.77558],[120.93085,24.7756]],[[120.93185,24.7754],[120.93167,24.77542],[120.93154,24.77542],[120.93135,24.77548],[120.93107,24.77556],[120.931,24.77558]],[[120.92842,24.77826],[120.92836,24.77818],[120.92826,24.77799],[120.92808,24.77778],[120.92802,24.77769],[120.92774,24.7772]]]}},{"type":"Feature","properties":{"name":"香檳一街","base":"香檳一街","section":null,"tier":"hard","length_m":259,"district":"香山區"},"geometry":{"type":"MultiLineString","coordinates":[[[120.9497,24.77572],[120.94991,24.77588]],[[120.94991,24.77588],[120.9501,24.77615],[120.95019,24.77629],[120.95039,24.77656],[120.95056,24.77681],[120.95073,24.77705],[120.95089,24.77728],[120.95106,24.77754]],[[120.95106,24.77754],[120.95113,24.77764]]]}},{"type":"Feature","properties":{"name":"香檳三街","base":"香檳三街","section":null,"tier":"hard","length_m":229,"district":"香山區"},"geometry":{"type":"MultiLineString","coordinates":[[[120.95007,24.7781],[120.9499,24.77782],[120.94975,24.77758],[120.94965,24.77743],[120.94943,24.7772],[120.94921,24.77697],[120.94917,24.77694],[120.94894,24.7767],[120.94877,24.77653],[120.94869,24.77649]]]}},{"type":"Feature","properties":{"name":"香檳二街","base":"香檳二街","section":null,"tier":"hard","length_m":118,"district":"香山區"},"geometry":{"type":"MultiLineString","coordinates":[[[120.95106,24.77754],[120.9503,24.77797],[120.95007,24.7781]]]}},{"type":"Feature","properties":{"name":"香檳五街","base":"香檳五街","section":null,"tier":"hard","length_m":321,"district":"香山區"},"geometry":{"type":"MultiLineString","coordinates":[[[120.95007,24.7781],[120.95017,24.77825],[120.95021,24.77836],[120.95017,24.77848],[120.95013,24.77849],[120.95005,24.77838],[120.95,24.77831],[120.94994,24.77832],[120.94992,24.77838],[120.95,24.77858],[120.95004,24.7787],[120.95005,24.77873],[120.9502,24.77895],[120.95037,24.77917],[120.95055,24.77941],[120.95072,24.77964],[120.95084,24.7798],[120.95095,24.77996],[120.95081,24.78006],[120.95083,24.78015]]]}},{"type":"Feature","properties":{"name":"香檳南街","base":"香檳南街","section":null,"tier":"hard","length_m":348,"district":"香山區"},"geometry":{"type":"MultiLineString","coordinates":[[[120.9497,24.77572],[120.94959,24.77576],[120.94951,24.77576],[120.94934,24.77575],[120.94904,24.77567],[120.94894,24.77566],[120.94891,24.77566],[120.94885,24.77567],[120.94869,24.77568],[120.94851,24.77569],[120.94839,24.77568],[120.94828,24.77564],[120.94798,24.77547],[120.94797,24.77545],[120.94793,24.77539]],[[120.94894,24.77474],[120.94896,24.77477],[120.94898,24.77479],[120.94937,24.77512],[120.94979,24.7754],[120.94984,24.77546],[120.94984,24.77553],[120.9498,24.77563],[120.9497,24.77572]]]}},{"type":"Feature","properties":{"name":"香檳東街","base":"香檳東街","section":null,"tier":"hard","length_m":955,"district":"香山區"},"geometry":{"type":"MultiLineString","coordinates":[[[120.94991,24.77588],[120.95002,24.77588],[120.95014,24.77588],[120.95021,24.77584],[120.95026,24.77577],[120.95031,24.77561],[120.95037,24.7755],[120.95045,24.77544],[120.95055,24.77542],[120.95067,24.77542],[120.95078,24.77544],[120.95088,24.77548],[120.95105,24.77561],[120.9512,24.77577],[120.95131,24.77602],[120.95138,24.77607],[120.95147,24.77611],[120.95156,24.77612],[120.95163,24.77615],[120.95169,24.77625],[120.95181,24.77641],[120.95191,24.77654],[120.95202,24.77663],[120.95215,24.77665],[120.95222,24.77663],[120.9523,24.77665],[120.95236,24.77669],[120.95249,24.77679],[120.95275,24.77704],[120.95286,24.77726],[120.95291,24.77753],[120.95295,24.77815],[120.95301,24.77853],[120.95307,24.77878],[120.95322,24.77911],[120.95356,24.78002],[120.95368,24.78043],[120.95375,24.78087],[120.95383,24.781],[120.95384,24.78114],[120.95389,24.78126],[120.954,24.78149],[120.9541,24.78166],[120.95416,24.78174],[120.95422,24.7818]]]}},{"type":"Feature","properties":{"name":"香檳橋","base":"香檳橋","section":null,"tier":"medium","length_m":70,"district":"香山區"},"geometry":{"type":"MultiLineString","coordinates":[[[120.94844,24.77517],[120.94865,24.77502],[120.94882,24.77486],[120.94889,24.77479],[120.94894,24.77474]]]}},{"type":"Feature","properties":{"name":"香檳街","base":"香檳街","section":null,"tier":"hard","length_m":510,"district":"香山區"},"geometry":{"type":"MultiLineString","coordinates":[[[120.95083,24.78015],[120.95091,24.78021],[120.95118,24.7803],[120.95134,24.78038],[120.95145,24.78046],[120.95157,24.78052],[120.95173,24.78062],[120.9525,24.78089],[120.95327,24.78114],[120.95335,24.78116],[120.95342,24.78118],[120.95355,24.7812],[120.95365,24.78119],[120.95371,24.78121],[120.95377,24.78126],[120.95383,24.78136],[120.95392,24.78152],[120.95396,24.78161],[120.95422,24.7818],[120.9545,24.7824],[120.95453,24.78247],[120.95458,24.78255],[120.95467,24.78259]],[[120.95467,24.78259],[120.95472,24.78262]]]}},{"type":"Feature","properties":{"name":"香濱街","base":"香濱街","section":null,"tier":"hard","length_m":975,"district":"香山區"},"geometry":{"type":"MultiLineString","coordinates":[[[120.95083,24.78015],[120.95061,24.78011],[120.95025,24.77999],[120.94992,24.77973],[120.94977,24.77959],[120.94968,24.7795],[120.94962,24.77934],[120.94959,24.77925],[120.94956,24.7792],[120.94949,24.77918],[120.94939,24.77922],[120.94925,24.77928],[120.94912,24.77932],[120.949,24.77936],[120.94891,24.77947],[120.94879,24.77965],[120.94872,24.77975],[120.94867,24.7798],[120.94857,24.77982],[120.94841,24.77979],[120.9481,24.77984],[120.94747,24.77987],[120.9472,24.77986],[120.947,24.77981],[120.94646,24.77981],[120.94606,24.77977],[120.94551,24.77963],[120.94506,24.77968],[120.9447,24.77977],[120.94431,24.77983],[120.9439,24.78003],[120.94351,24.78027],[120.94306,24.78047],[120.94283,24.78059],[120.94226,24.78073]]]}},{"type":"Feature","properties":{"name":"香雅橋","base":"香雅橋","section":null,"tier":"hard","length_m":185,"district":"香山區"},"geometry":{"type":"MultiLineString","coordinates":[[[120.92517,24.8029],[120.92524,24.80298]],[[120.92536,24.8037],[120.92531,24.80363]],[[120.92537,24.80361],[120.92536,24.8037]],[[120.92524,24.80298],[120.92537,24.80361]],[[120.92517,24.80299],[120.92517,24.8029]],[[120.92531,24.80363],[120.92517,24.80299]]]}},{"type":"Feature","properties":{"name":"體育街","base":"體育街","section":null,"tier":"hard","length_m":367,"district":"東區"},"geometry":{"type":"MultiLineString","coordinates":[[[120.97955,24.80293],[120.98031,24.80265],[120.98089,24.80245],[120.98149,24.80226],[120.98187,24.80213],[120.98192,24.80212],[120.98296,24.80179]]]}},{"type":"Feature","properties":{"name":"高峰路","base":"高峰路","section":null,"tier":"hard","length_m":2746,"district":"東區"},"geometry":{"type":"MultiLineString","coordinates":[[[120.97281,24.79413],[120.97306,24.79348],[120.9732,24.79318],[120.97328,24.793],[120.97341,24.79272],[120.97368,24.79221]],[[120.98334,24.77715],[120.9835,24.77696],[120.98364,24.77684],[120.9839,24.77659],[120.9846,24.77605],[120.98466,24.77599],[120.98484,24.77583],[120.985,24.77569],[120.98508,24.77558],[120.9852,24.77538],[120.98526,24.77526],[120.98542,24.77506],[120.98549,24.77503]],[[120.98052,24.7811],[120.98057,24.781],[120.9808,24.78064],[120.98104,24.78026],[120.98134,24.77975]],[[120.97368,24.79221],[120.9739,24.79166],[120.97398,24.7914],[120.97401,24.79124],[120.97405,24.79107],[120.97407,24.79092],[120.97412,24.79064],[120.97413,24.79041],[120.9742,24.79027],[120.97442,24.78997],[120.97461,24.7897],[120.97474,24.78952],[120.97483,24.78932],[120.97488,24.78898],[120.97492,24.78867],[120.97498,24.78859],[120.97522,24.78824],[120.97547,24.78788],[120.9755,24.7877],[120.97555,24.78751],[120.97561,24.78739],[120.97568,24.78731],[120.97598,24.78703],[120.97625,24.78652]],[[120.97709,24.78578],[120.97714,24.7857],[120.97716,24.78564],[120.97715,24.78557],[120.97707,24.78545],[120.97704,24.7854],[120.97695,24.78527],[120.97699,24.78521],[120.9771,24.78518],[120.97727,24.78518],[120.97754,24.7852],[120.97768,24.78521],[120.97781,24.78521],[120.97805,24.78521],[120.97823,24.78521],[120.97833,24.78521],[120.97837,24.7852],[120.97839,24.78515],[120.97837,24.78509],[120.97832,24.78504],[120.97828,24.78499],[120.97813,24.78489],[120.97806,24.78484],[120.97799,24.78479],[120.97797,24.78475],[120.97798,24.78469],[120.97802,24.78467],[120.97807,24.78467],[120.97812,24.78467],[120.97818,24.78467],[120.97824,24.78467],[120.97842,24.78469],[120.97858,24.7847],[120.97869,24.78472],[120.97879,24.78472],[120.97884,24.78471],[120.97885,24.78466],[120.97883,24.78461],[120.97876,24.78457],[120.97866,24.78454],[120.9786,24.78449],[120.97858,24.78444],[120.97857,24.7844],[120.9786,24.78434],[120.97876,24.7842],[120.97904,24.78401],[120.97913,24.78394],[120.97917,24.7839],[120.97921,24.78382],[120.97922,24.78372],[120.97926,24.78352],[120.97937,24.78311],[120.97946,24.78295],[120.97991,24.78217],[120.98011,24.78184],[120.98032,24.78147],[120.98041,24.78131],[120.98052,24.7811]],[[120.97625,24.78652],[120.97643,24.78634],[120.97679,24.78603],[120.97709,24.78578]],[[120.98134,24.77975],[120.98154,24.77944],[120.98164,24.77928],[120.98177,24.77909],[120.98194,24.77887],[120.98208,24.77869],[120.98221,24.77853],[120.98222,24.77851],[120.9823,24.7784],[120.98254,24.77809],[120.98289,24.77768],[120.98314,24.77739],[120.98334,24.77715]]]}},{"type":"Feature","properties":{"name":"高峰路164巷","base":"高峰路164巷","section":null,"tier":"hard","length_m":39,"lane":true,"district":"東區"},"geometry":{"type":"MultiLineString","coordinates":[[[120.97466,24.7884],[120.97489,24.78853],[120.97498,24.78859]]]}},{"type":"Feature","properties":{"name":"高峰路221巷","base":"高峰路221巷","section":null,"tier":"hard","length_m":900,"lane":true,"district":"東區"},"geometry":{"type":"MultiLineString","coordinates":[[[120.98173,24.78059],[120.98176,24.78067],[120.9818,24.78129],[120.9818,24.78162],[120.98176,24.78177],[120.98172,24.78188],[120.98167,24.78208],[120.98165,24.78234],[120.98156,24.78257],[120.98145,24.78277],[120.98138,24.78285],[120.98128,24.78294],[120.9812,24.78301],[120.98113,24.78312],[120.98111,24.78324],[120.98113,24.78348],[120.98112,24.78361],[120.981,24.78389],[120.98087,24.78415],[120.98064,24.78446],[120.98045,24.78469],[120.98035,24.78479],[120.98026,24.78486],[120.98015,24.7849],[120.97988,24.78497],[120.9796,24.78502],[120.97938,24.78507],[120.97922,24.78516],[120.97906,24.78534],[120.97852,24.78559],[120.9782,24.78583],[120.97785,24.78612],[120.97775,24.78614],[120.97766,24.78611],[120.9774,24.78587],[120.97736,24.78583],[120.97724,24.78578],[120.97709,24.78578]]]}},{"type":"Feature","properties":{"name":"高峰路325巷","base":"高峰路325巷","section":null,"tier":"hard","length_m":130,"lane":true,"district":"東區"},"geometry":{"type":"MultiLineString","coordinates":[[[120.98052,24.7811],[120.98062,24.7811],[120.98086,24.78121],[120.98094,24.7812],[120.9811,24.78114]],[[120.9811,24.78114],[120.98095,24.78125],[120.98083,24.78125],[120.9806,24.78116],[120.98052,24.7811]]]}},{"type":"Feature","properties":{"name":"高峰路325巷8弄","base":"高峰路325巷8弄","section":null,"tier":"hard","length_m":115,"lane":true,"district":"東區"},"geometry":{"type":"MultiLineString","coordinates":[[[120.9811,24.78114],[120.98122,24.78102],[120.9814,24.78073],[120.98147,24.78051],[120.98152,24.78046],[120.98159,24.78048],[120.98167,24.78052],[120.98173,24.78059]]]}},{"type":"Feature","properties":{"name":"高峰路386巷","base":"高峰路386巷","section":null,"tier":"hard","length_m":463,"lane":true,"district":"東區"},"geometry":{"type":"MultiLineString","coordinates":[[[120.9779,24.7772],[120.97808,24.77734],[120.97823,24.77752],[120.97831,24.77771],[120.97841,24.77797],[120.97856,24.77801],[120.97863,24.77804],[120.979,24.77818],[120.97932,24.77837],[120.9796,24.77853],[120.97984,24.77882]],[[120.97984,24.77882],[120.9799,24.7789],[120.98134,24.77975]]]}},{"type":"Feature","properties":{"name":"高峰路506巷","base":"高峰路506巷","section":null,"tier":"hard","length_m":1676,"lane":true,"district":"東區"},"geometry":{"type":"MultiLineString","coordinates":[[[120.98377,24.76913],[120.98305,24.76916],[120.98295,24.76917],[120.98285,24.76921],[120.98275,24.76929],[120.98262,24.76936],[120.98247,24.76941],[120.98223,24.76954],[120.98217,24.76958],[120.98212,24.76966],[120.98207,24.76975],[120.98203,24.76987],[120.98193,24.77004],[120.98186,24.77014],[120.98177,24.77023],[120.98156,24.77032],[120.98148,24.77035],[120.98137,24.77036],[120.98122,24.77038],[120.98104,24.77034],[120.98101,24.77025],[120.98094,24.77021],[120.98079,24.7702],[120.98074,24.77032],[120.98067,24.77043],[120.98056,24.77055],[120.98046,24.77063],[120.98044,24.77075],[120.98045,24.77086],[120.98041,24.77097],[120.98035,24.77104],[120.9803,24.7711],[120.98028,24.77118],[120.98029,24.77129],[120.98031,24.7714],[120.98032,24.77147],[120.98125,24.7723],[120.98147,24.77244],[120.98153,24.77249],[120.98158,24.77255],[120.98162,24.77277],[120.98166,24.77289],[120.98176,24.7731],[120.9819,24.77351],[120.98229,24.77415],[120.9824,24.77437],[120.98259,24.7747],[120.98274,24.77481],[120.98288,24.77489],[120.98296,24.77498],[120.98295,24.77509],[120.98287,24.77512],[120.98275,24.77511],[120.98269,24.7751],[120.98263,24.77514],[120.98263,24.77519],[120.98273,24.77527],[120.9829,24.77535],[120.98309,24.77553],[120.98314,24.77563],[120.98318,24.77575],[120.9832,24.77586],[120.9832,24.77596],[120.98314,24.77607],[120.98309,24.77619],[120.98308,24.77624],[120.98319,24.77655],[120.98326,24.77667],[120.98318,24.77682],[120.98319,24.77695],[120.98323,24.77705],[120.98334,24.77715]],[[120.9819,24.76764],[120.98185,24.76774],[120.98183,24.76784],[120.98187,24.76807],[120.98192,24.76816],[120.98197,24.76822],[120.98213,24.7683],[120.98228,24.76835],[120.98234,24.76836],[120.9827,24.76829],[120.98347,24.76823],[120.98367,24.76821],[120.98372,24.76821],[120.98375,24.76823],[120.98377,24.76828],[120.98377,24.76913]]]}},{"type":"Feature","properties":{"name":"高峰路95巷","base":"高峰路95巷","section":null,"tier":"hard","length_m":401,"lane":true,"district":"東區"},"geometry":{"type":"MultiLineString","coordinates":[[[120.97368,24.79221],[120.97384,24.79221],[120.97425,24.79222],[120.97447,24.79223],[120.97458,24.79222],[120.97467,24.7922],[120.97484,24.79208],[120.97499,24.79194],[120.97529,24.79164],[120.97542,24.79154],[120.97554,24.79144],[120.97572,24.7912],[120.97589,24.79089],[120.97608,24.79068],[120.97622,24.79055],[120.97629,24.79051],[120.97659,24.79039],[120.97675,24.79041]]]}},{"type":"Feature","properties":{"name":"高濱路（香山區2）","base":"高濱路（香山區2）","section":null,"tier":"medium","length_m":460,"district":"香山區"},"geometry":{"type":"MultiLineString","coordinates":[[[120.90625,24.73852],[120.90617,24.73853],[120.90497,24.7387],[120.90422,24.73881],[120.90357,24.73897],[120.9031,24.73914],[120.90271,24.73936],[120.90224,24.73971],[120.90206,24.73987]]]}},{"type":"Feature","properties":{"name":"高濱路（香山區）","base":"高濱路（香山區）","section":null,"tier":"medium","length_m":469,"district":"香山區"},"geometry":{"type":"MultiLineString","coordinates":[[[120.90199,24.73981],[120.90232,24.73953],[120.9027,24.73928],[120.90307,24.73906],[120.90353,24.73889],[120.90362,24.73887],[120.90424,24.73873],[120.90499,24.7386],[120.90563,24.7385],[120.9061,24.73842],[120.90616,24.73841],[120.90626,24.7384]]]}},{"type":"Feature","properties":{"name":"高翠路","base":"高翠路","section":null,"tier":"medium","length_m":2572,"district":"東區"},"geometry":{"type":"MultiLineString","coordinates":[[[120.98928,24.7835],[120.98923,24.78335],[120.98916,24.78322],[120.98911,24.78317],[120.98885,24.78291],[120.98855,24.78262],[120.98843,24.78248],[120.98831,24.78232],[120.9882,24.78212],[120.98811,24.78197],[120.98801,24.78178],[120.98789,24.78156],[120.98756,24.78094],[120.98748,24.78079],[120.98736,24.78061],[120.98725,24.78043],[120.98707,24.7802],[120.9868,24.77996],[120.98606,24.7793],[120.98578,24.77906],[120.98531,24.77871],[120.98526,24.77868],[120.98514,24.77858],[120.98483,24.77834],[120.98449,24.77806],[120.98441,24.77799],[120.98425,24.77787],[120.9834,24.77723],[120.98334,24.77715]],[[120.98831,24.78607],[120.98825,24.786]],[[120.98334,24.77715],[120.98345,24.77718],[120.98445,24.77794],[120.98454,24.77801],[120.98536,24.77865],[120.98582,24.77901],[120.98686,24.7799],[120.98699,24.78002],[120.98712,24.78015],[120.98732,24.7804],[120.98751,24.78069],[120.98765,24.78094],[120.98807,24.78176],[120.98817,24.78195],[120.98828,24.78212],[120.9885,24.78247],[120.98884,24.78282],[120.98919,24.78316],[120.98929,24.78331],[120.98932,24.78342],[120.98933,24.78349]],[[120.98825,24.786],[120.98823,24.78597],[120.98816,24.78585],[120.98803,24.78562],[120.98796,24.78544],[120.98795,24.78531],[120.98797,24.78522],[120.98803,24.78504],[120.98817,24.7847],[120.98826,24.78456],[120.98832,24.78449],[120.98841,24.78439],[120.98884,24.78407],[120.98908,24.78391],[120.9892,24.78377],[120.98925,24.78367],[120.98928,24.7835]],[[120.98933,24.78349],[120.98933,24.78359],[120.98931,24.78368],[120.98927,24.78379],[120.98919,24.78389],[120.98911,24.78398],[120.98863,24.78431],[120.98841,24.7845],[120.98822,24.78472],[120.98811,24.78497],[120.98804,24.78514],[120.98802,24.78526],[120.98801,24.78534],[120.98802,24.78544],[120.98802,24.78546],[120.98807,24.7856],[120.98821,24.78579],[120.98826,24.78586],[120.98831,24.78593],[120.98833,24.78595]],[[120.98833,24.78595],[120.98838,24.78602]]]}},{"type":"Feature","properties":{"name":"高翠路73巷","base":"高翠路73巷","section":null,"tier":"hard","length_m":32,"lane":true,"district":"東區"},"geometry":{"type":"MultiLineString","coordinates":[[[120.98928,24.7835],[120.98933,24.78349]],[[120.98933,24.78349],[120.9896,24.78348]]]}},{"type":"Feature","properties":{"name":"鳳凰橋","base":"鳳凰橋","section":null,"tier":"hard","length_m":48,"district":"東區"},"geometry":{"type":"MultiLineString","coordinates":[[[120.96953,24.77546],[120.96984,24.77579]]]}},{"type":"Feature","properties":{"name":"鹽港溪橋（香山區2）","base":"鹽港溪橋（香山區2）","section":null,"tier":"easy","length_m":191,"district":"香山區"},"geometry":{"type":"MultiLineString","coordinates":[[[120.90158,24.7463],[120.89991,24.7455]]]}},{"type":"Feature","properties":{"name":"鹽港溪橋（香山區3）","base":"鹽港溪橋（香山區3）","section":null,"tier":"easy","length_m":140,"district":"香山區"},"geometry":{"type":"MultiLineString","coordinates":[[[120.89998,24.74533],[120.9012,24.74593]]]}},{"type":"Feature","properties":{"name":"鹽港溪橋（香山區4）","base":"鹽港溪橋（香山區4）","section":null,"tier":"easy","length_m":135,"district":"香山區"},"geometry":{"type":"MultiLineString","coordinates":[[[120.90106,24.74615],[120.89988,24.74557]]]}},{"type":"Feature","properties":{"name":"鹽港溪橋（香山區）","base":"鹽港溪橋（香山區）","section":null,"tier":"easy","length_m":190,"district":"香山區"},"geometry":{"type":"MultiLineString","coordinates":[[[120.89995,24.74541],[120.90161,24.74621]]]}},{"type":"Feature","properties":{"name":"麗山街","base":"麗山街","section":null,"tier":"hard","length_m":803,"district":"香山區"},"geometry":{"type":"MultiLineString","coordinates":[[[120.93298,24.77422],[120.93301,24.77428],[120.93314,24.77431],[120.93334,24.77431],[120.93367,24.77441],[120.93393,24.77452],[120.93417,24.77458],[120.93443,24.77458]],[[120.93443,24.77458],[120.93453,24.77454],[120.93463,24.77448],[120.93517,24.77425],[120.9354,24.7742],[120.93545,24.77418],[120.93578,24.77414],[120.93627,24.77415],[120.9365,24.77418],[120.93654,24.77419],[120.93694,24.7743],[120.93707,24.77431],[120.93731,24.77434],[120.93754,24.77432],[120.93775,24.77424],[120.93793,24.7741],[120.93809,24.77376],[120.93842,24.77291],[120.93929,24.77293]],[[120.93314,24.77431],[120.93291,24.77435],[120.93272,24.7744]]]}},{"type":"Feature","properties":{"name":"麻園街","base":"麻園街","section":null,"tier":"hard","length_m":3635,"district":"東區"},"geometry":{"type":"MultiLineString","coordinates":[[[121.0212,24.80175],[121.02161,24.8015],[121.02313,24.8006],[121.02432,24.79996],[121.02557,24.79934],[121.02584,24.79919],[121.02681,24.79873],[121.02712,24.79866],[121.02751,24.79849],[121.02763,24.79834],[121.0295,24.79747],[121.03077,24.79693],[121.03202,24.79639],[121.03289,24.79601],[121.03394,24.79554],[121.03462,24.79522],[121.03644,24.79444],[121.03683,24.79426],[121.03745,24.79397],[121.03848,24.79351],[121.04032,24.79271],[121.04385,24.79114],[121.04709,24.78971],[121.04827,24.78918],[121.04894,24.78887],[121.04985,24.78838],[121.05051,24.78798],[121.05129,24.78749],[121.05226,24.78681],[121.05259,24.78656],[121.05274,24.78645],[121.05279,24.78639],[121.05281,24.78633]]]}},{"type":"Feature","properties":{"name":"龍山東一街","base":"龍山東一街","section":null,"tier":"hard","length_m":174,"district":"東區"},"geometry":{"type":"MultiLineString","coordinates":[[[121.01193,24.78739],[121.01211,24.78779],[121.01212,24.7878],[121.01224,24.78809],[121.01243,24.78858],[121.01253,24.78881],[121.01255,24.78885]]]}},{"type":"Feature","properties":{"name":"龍山東路","base":"龍山東路","section":null,"tier":"hard","length_m":382,"district":"東區"},"geometry":{"type":"MultiLineString","coordinates":[[[121.01143,24.78954],[121.01149,24.7895],[121.01189,24.78925]],[[121.01189,24.78925],[121.01215,24.7891],[121.01253,24.78886],[121.01255,24.78885],[121.01264,24.7888],[121.0129,24.78864],[121.01297,24.78859],[121.01305,24.78854],[121.01325,24.78841],[121.01367,24.78814],[121.01392,24.78799],[121.01422,24.7878],[121.01445,24.78767],[121.01447,24.7876],[121.01446,24.78756]]]}},{"type":"Feature","properties":{"name":"龍山西路","base":"龍山西路","section":null,"tier":"hard","length_m":412,"district":"東區"},"geometry":{"type":"MultiLineString","coordinates":[[[121.0081,24.7919],[121.00811,24.79184],[121.00813,24.79179],[121.00818,24.79175],[121.00842,24.79162],[121.00872,24.79144],[121.00903,24.79123],[121.00909,24.7912],[121.00912,24.79117],[121.01021,24.7904],[121.01027,24.79036],[121.01031,24.79033]],[[121.01031,24.79033],[121.01039,24.79027],[121.01083,24.78996],[121.01125,24.78967],[121.01129,24.78964]]]}}]}