{"type":"FeatureCollection","features":[{"type":"Feature","properties":{"name":"19號橋","base":"19號橋","section":null,"tier":"hard","length_m":84,"district":"七堵區"},"geometry":{"type":"MultiLineString","coordinates":[[[121.68043,25.08872],[121.68053,25.08872],[121.68082,25.08872],[121.68111,25.08866],[121.68124,25.0886]]]}},{"type":"Feature","properties":{"name":"20號橋","base":"20號橋","section":null,"tier":"hard","length_m":6,"district":"七堵區"},"geometry":{"type":"MultiLineString","coordinates":[[[121.68225,25.08724],[121.68226,25.08719]]]}},{"type":"Feature","properties":{"name":"21號橋","base":"21號橋","section":null,"tier":"hard","length_m":58,"district":"七堵區"},"geometry":{"type":"MultiLineString","coordinates":[[[121.67647,25.08655],[121.67599,25.08626]]]}},{"type":"Feature","properties":{"name":"一號隧道","base":"一號隧道","section":null,"tier":"easy","length_m":273,"district":"中正區"},"geometry":{"type":"MultiLineString","coordinates":[[[121.75846,25.1391],[121.75892,25.13867],[121.75922,25.13845],[121.75934,25.13836],[121.75947,25.13827]],[[121.75957,25.13838],[121.75946,25.13844],[121.75933,25.13852],[121.75897,25.13881],[121.75857,25.13919]]]}},{"type":"Feature","properties":{"name":"七堵地下道","base":"七堵地下道","section":null,"tier":"hard","length_m":219,"district":"七堵區"},"geometry":{"type":"MultiLineString","coordinates":[[[121.71598,25.09673],[121.71688,25.09494]]]}},{"type":"Feature","properties":{"name":"七安產業道路","base":"七安產業道路","section":null,"tier":"hard","length_m":2567,"district":"七堵區"},"geometry":{"type":"MultiLineString","coordinates":[[[121.69512,25.12983],[121.69508,25.12987],[121.69462,25.13027],[121.6945,25.1304],[121.69438,25.13057],[121.69425,25.13073],[121.69406,25.13101],[121.69398,25.13117],[121.69393,25.13144],[121.69388,25.1318],[121.69389,25.132],[121.69394,25.13219],[121.69414,25.13255],[121.69423,25.1327],[121.69427,25.13287],[121.6943,25.13309],[121.69438,25.13332],[121.6945,25.13342],[121.69456,25.13348],[121.69459,25.13351],[121.69458,25.13356],[121.69455,25.13359],[121.69444,25.13362],[121.69433,25.13361],[121.69414,25.13358],[121.69403,25.13362],[121.69395,25.13371],[121.69391,25.13385],[121.69386,25.13398],[121.6938,25.13418],[121.69371,25.13453],[121.69371,25.13481],[121.69373,25.13523],[121.69387,25.13585],[121.69394,25.13607],[121.69392,25.13627],[121.6939,25.13643],[121.69394,25.1365],[121.69412,25.13651],[121.69419,25.13643],[121.69432,25.1362],[121.69435,25.13593],[121.69434,25.13558],[121.69444,25.13541],[121.6946,25.13517],[121.69464,25.13515],[121.69472,25.13515],[121.6948,25.13519],[121.69484,25.13525],[121.69489,25.13547],[121.695,25.13579],[121.69507,25.13603],[121.69521,25.13623],[121.6954,25.13623],[121.69551,25.13616],[121.69579,25.13589],[121.69596,25.13584],[121.69603,25.1358],[121.69621,25.13569],[121.6964,25.13568],[121.6967,25.13573],[121.69682,25.13572],[121.69692,25.13566],[121.6972,25.13539],[121.69757,25.13532],[121.69773,25.13526],[121.69791,25.13517],[121.69803,25.13506],[121.69809,25.13495],[121.69828,25.13476],[121.6984,25.13471],[121.69855,25.13472],[121.69869,25.1348],[121.69885,25.13494],[121.69898,25.13512],[121.69899,25.13526],[121.69893,25.13543],[121.69881,25.13561],[121.69869,25.13582],[121.69866,25.13591],[121.69868,25.136],[121.69883,25.13622],[121.69909,25.13665],[121.69917,25.13685],[121.69926,25.13717],[121.69929,25.13744],[121.69927,25.13759],[121.69925,25.13781],[121.69929,25.13795],[121.6993,25.13805],[121.69927,25.13816],[121.6992,25.13826],[121.69904,25.13841],[121.69897,25.13854],[121.69885,25.13889],[121.69882,25.13906],[121.69884,25.13926],[121.69892,25.13952],[121.69899,25.13971],[121.6991,25.13991],[121.6992,25.14006],[121.69927,25.14019],[121.69945,25.14033],[121.69969,25.14067],[121.69982,25.14086],[121.69991,25.14102],[121.70001,25.1411],[121.70037,25.14125],[121.70061,25.1413],[121.70092,25.14132],[121.70107,25.14136],[121.70132,25.14152],[121.70156,25.14176]]]}},{"type":"Feature","properties":{"name":"七汐農路","base":"七汐農路","section":null,"tier":"hard","length_m":1033,"district":"七堵區"},"geometry":{"type":"MultiLineString","coordinates":[[[121.62883,25.13451],[121.62887,25.13453],[121.62895,25.13461],[121.6292,25.13485],[121.62937,25.13493],[121.62945,25.13502],[121.62946,25.13508],[121.62939,25.13536],[121.62936,25.13548],[121.62937,25.13556],[121.62942,25.13561],[121.6295,25.13562],[121.62982,25.13562],[121.62994,25.13565],[121.63016,25.13585],[121.63086,25.13605],[121.63107,25.13619],[121.63144,25.13621],[121.63162,25.13625],[121.63183,25.13619],[121.63196,25.13619],[121.63205,25.13624],[121.63209,25.13631],[121.63207,25.13646],[121.63202,25.13653],[121.63197,25.13657],[121.63184,25.13662],[121.63173,25.13664],[121.63164,25.1367],[121.63156,25.13678],[121.63145,25.13694],[121.63145,25.137],[121.63145,25.13705],[121.63153,25.1371],[121.63185,25.13719],[121.63206,25.13729],[121.63232,25.13739],[121.63248,25.13746],[121.63263,25.1375],[121.63291,25.13763],[121.63301,25.13764],[121.63322,25.1376],[121.63344,25.1376],[121.63359,25.13762],[121.6338,25.13786],[121.63382,25.13798],[121.63383,25.13812],[121.63385,25.13824],[121.6339,25.13832],[121.63394,25.13836],[121.63404,25.13838],[121.63437,25.13837],[121.63469,25.13838],[121.63486,25.13842],[121.63502,25.1385],[121.63511,25.13857],[121.63531,25.13865]]]}},{"type":"Feature","properties":{"name":"七賢橋","base":"七賢橋","section":null,"tier":"medium","length_m":428,"district":"七堵區","area":"六堵"},"geometry":{"type":"MultiLineString","coordinates":[[[121.70802,25.09544],[121.7082,25.09551],[121.70838,25.09557],[121.70988,25.09613],[121.70999,25.09616]],[[121.70996,25.09622],[121.70993,25.09621],[121.70831,25.09562],[121.70818,25.09557],[121.70799,25.0955]]]}},{"type":"Feature","properties":{"name":"三十一號橋","base":"三十一號橋","section":null,"tier":"easy","length_m":284,"district":"仁愛區"},"geometry":{"type":"MultiLineString","coordinates":[[[121.73659,25.12972],[121.73734,25.12931],[121.73783,25.12904],[121.73902,25.12842]]]}},{"type":"Feature","properties":{"name":"三號隧道","base":"三號隧道","section":null,"tier":"easy","length_m":2500,"district":"信義區"},"geometry":{"type":"MultiLineString","coordinates":[[[121.77562,25.11543],[121.77574,25.11573],[121.7759,25.116],[121.7761,25.11627],[121.77631,25.11649],[121.77657,25.11671],[121.77679,25.11685],[121.77709,25.11703],[121.77746,25.11721],[121.77781,25.11737],[121.77816,25.11752],[121.77851,25.11769],[121.77891,25.11791],[121.77924,25.11813],[121.77952,25.11836],[121.77975,25.11856],[121.77996,25.1188],[121.78014,25.11902],[121.78034,25.11929],[121.78049,25.11953],[121.78063,25.1198],[121.78073,25.12003],[121.78079,25.12023],[121.78085,25.12047],[121.7809,25.12074],[121.78093,25.12103],[121.78093,25.12125],[121.78092,25.12144],[121.78091,25.12165],[121.78087,25.12193],[121.78082,25.12216],[121.78075,25.12242],[121.78067,25.12266],[121.78057,25.12288],[121.78046,25.1231],[121.78034,25.12333],[121.78019,25.12358],[121.78001,25.12383],[121.77981,25.12409],[121.77962,25.12435]],[[121.77949,25.12427],[121.77976,25.1239],[121.77993,25.12366],[121.78006,25.12346],[121.78021,25.1232],[121.78031,25.12299],[121.78043,25.12273],[121.78052,25.12248],[121.78058,25.12223],[121.78063,25.12202],[121.78066,25.12177],[121.78067,25.12151],[121.78067,25.12125],[121.78065,25.12099],[121.78063,25.12074],[121.78058,25.12051],[121.78048,25.1202],[121.78036,25.11992],[121.78022,25.11966],[121.78001,25.11934],[121.77985,25.11912],[121.77968,25.11892],[121.77947,25.11872],[121.77923,25.11852],[121.779,25.11834],[121.77875,25.11818],[121.7782,25.11788],[121.77761,25.11759],[121.77713,25.11737],[121.77694,25.11727],[121.77674,25.11714],[121.77655,25.11699],[121.77636,25.11684],[121.7762,25.11668],[121.776,25.11644],[121.77585,25.11625],[121.77572,25.11603],[121.77558,25.11576],[121.77546,25.11544]]]}},{"type":"Feature","properties":{"name":"中和橋","base":"中和橋","section":null,"tier":"hard","length_m":13,"district":"中山區"},"geometry":{"type":"MultiLineString","coordinates":[[[121.725,25.14172],[121.72501,25.14184]]]}},{"type":"Feature","properties":{"name":"中和路164巷","base":"中和路164巷","section":null,"tier":"hard","length_m":749,"lane":true,"district":"中山區"},"geometry":{"type":"MultiLineString","coordinates":[[[121.71404,25.15003],[121.71431,25.14994],[121.71456,25.14984],[121.71486,25.14974],[121.71516,25.14963],[121.71544,25.14953],[121.71567,25.14944],[121.71576,25.14941],[121.71608,25.14929],[121.71633,25.1492],[121.71663,25.14909],[121.7169,25.149],[121.71714,25.14891],[121.71741,25.14875],[121.71766,25.14854],[121.7179,25.14867]],[[121.71802,25.1487],[121.71852,25.14898]],[[121.71963,25.14741],[121.71934,25.1474],[121.71906,25.1474],[121.71889,25.14738],[121.71875,25.14739],[121.7186,25.14747],[121.71847,25.1476],[121.71804,25.14812],[121.71766,25.14854]]]}},{"type":"Feature","properties":{"name":"中和路168巷","base":"中和路168巷","section":null,"tier":"hard","length_m":476,"lane":true,"district":"中山區"},"geometry":{"type":"MultiLineString","coordinates":[[[121.71361,25.15092],[121.7139,25.15082],[121.71418,25.15072],[121.71423,25.15071],[121.71455,25.15059],[121.71483,25.1505],[121.71514,25.15038],[121.71544,25.15029],[121.71572,25.15017],[121.71598,25.15009],[121.71603,25.15007],[121.71634,25.14996],[121.7166,25.14987],[121.71688,25.14978],[121.71719,25.14966],[121.71725,25.14964],[121.71727,25.14963]],[[121.71741,25.14959],[121.71747,25.14958],[121.71762,25.14952],[121.71768,25.14949],[121.71802,25.14938]],[[121.71727,25.14963],[121.71741,25.14959]]]}},{"type":"Feature","properties":{"name":"中和路200巷","base":"中和路200巷","section":null,"tier":"hard","length_m":328,"lane":true,"district":"中山區"},"geometry":{"type":"MultiLineString","coordinates":[[[121.71802,25.14938],[121.71808,25.14952],[121.71804,25.14974],[121.71787,25.15028],[121.71784,25.15042],[121.71783,25.15077],[121.71781,25.15085],[121.71781,25.15086]],[[121.71763,25.1512],[121.71748,25.15146],[121.7174,25.15155],[121.71694,25.15192],[121.71691,25.152]],[[121.71767,25.15113],[121.71763,25.1512]],[[121.71778,25.15094],[121.71775,25.151],[121.71767,25.15113]],[[121.71781,25.15086],[121.71778,25.15094]]]}},{"type":"Feature","properties":{"name":"中和路85巷","base":"中和路85巷","section":null,"tier":"hard","length_m":754,"lane":true,"district":"中山區"},"geometry":{"type":"MultiLineString","coordinates":[[[121.7208,25.14653],[121.72112,25.14659],[121.72117,25.14661],[121.72121,25.14665],[121.72123,25.14669],[121.72128,25.1469],[121.72097,25.14695],[121.7209,25.14701],[121.72087,25.1471],[121.72087,25.1472],[121.72091,25.14733],[121.721,25.14763],[121.72105,25.14782],[121.7211,25.14802],[121.72111,25.14811],[121.72113,25.14817],[121.72115,25.14831],[121.72117,25.14837],[121.72121,25.14856],[121.72124,25.14869],[121.7213,25.14887],[121.72136,25.14901],[121.72138,25.14905],[121.72148,25.1491],[121.72154,25.14911],[121.72165,25.14911],[121.72178,25.14908],[121.72182,25.14905],[121.72187,25.14896],[121.72189,25.14883],[121.72182,25.14847],[121.72178,25.14832],[121.72179,25.1483],[121.72179,25.14828],[121.72182,25.14827],[121.72235,25.14819],[121.72239,25.14818],[121.72243,25.14815],[121.72244,25.14809],[121.7224,25.1479],[121.72236,25.14777],[121.7223,25.1476],[121.72226,25.14751],[121.7222,25.14743],[121.72206,25.1473],[121.7219,25.14716],[121.72162,25.14691],[121.72158,25.14688],[121.72152,25.14687],[121.72131,25.1469],[121.72128,25.1469]]]}},{"type":"Feature","properties":{"name":"中和路（中山區2）","base":"中和路（中山區2）","section":null,"tier":"hard","length_m":769,"district":"中山區"},"geometry":{"type":"MultiLineString","coordinates":[[[121.71688,25.15638],[121.71744,25.15611],[121.71744,25.15625],[121.71748,25.1564],[121.71758,25.15661],[121.71775,25.15671],[121.71792,25.1567],[121.71801,25.15664],[121.71804,25.15656],[121.71803,25.15634],[121.71807,25.15621],[121.71823,25.15593],[121.71828,25.15576],[121.71828,25.15569],[121.7181,25.15337],[121.71805,25.15307],[121.71791,25.15275],[121.71788,25.15204],[121.71783,25.1519],[121.71769,25.15179],[121.71748,25.15146]]]}},{"type":"Feature","properties":{"name":"中和路（中山區）","base":"中和路（中山區）","section":null,"tier":"hard","length_m":1532,"district":"中山區"},"geometry":{"type":"MultiLineString","coordinates":[[[121.72503,25.14207],[121.72502,25.14213],[121.72501,25.14218],[121.72498,25.14226],[121.7249,25.14237],[121.72486,25.14241],[121.7242,25.14301],[121.72407,25.14312],[121.72383,25.14334],[121.72366,25.14344],[121.72357,25.14351],[121.72347,25.14367],[121.72323,25.14386],[121.72308,25.14399],[121.72302,25.14406],[121.72298,25.14413]],[[121.71802,25.14938],[121.71808,25.1493],[121.71821,25.14915],[121.71843,25.149],[121.71852,25.14898],[121.71871,25.14897],[121.71942,25.14893],[121.71973,25.14857],[121.71976,25.14847],[121.71976,25.14842],[121.71972,25.14827],[121.71961,25.14805],[121.71959,25.14789],[121.7196,25.14778],[121.7197,25.14753],[121.71982,25.14742],[121.72009,25.14738],[121.72032,25.14733],[121.72048,25.14725],[121.72058,25.14713],[121.72065,25.14699],[121.72074,25.14674],[121.7208,25.14653],[121.72082,25.14643],[121.72083,25.14625],[121.72083,25.14593],[121.72088,25.14576],[121.72091,25.1457],[121.72094,25.14566],[121.72097,25.14564],[121.72099,25.14563],[121.72104,25.14561]],[[121.72501,25.14184],[121.72503,25.14207]],[[121.72127,25.14556],[121.72141,25.14555],[121.72148,25.14554],[121.72152,25.14553],[121.72157,25.14551],[121.72162,25.14548],[121.72166,25.14545],[121.72167,25.14541],[121.72168,25.14538],[121.72169,25.14523],[121.7217,25.14519],[121.72173,25.14513],[121.72176,25.14508],[121.72187,25.14498],[121.72206,25.14484],[121.72216,25.14473],[121.72223,25.14462],[121.72229,25.14456],[121.72231,25.14454],[121.72234,25.14452],[121.72258,25.14441],[121.72268,25.14436],[121.72275,25.14431],[121.72298,25.14413],[121.72308,25.1441],[121.72317,25.14409],[121.72355,25.14407],[121.72364,25.14405],[121.72405,25.14392],[121.72417,25.14388],[121.72424,25.14386],[121.72464,25.14387],[121.72546,25.14391]],[[121.72104,25.14561],[121.7211,25.14559],[121.72127,25.14556]],[[121.72546,25.14391],[121.72595,25.14394]]]}},{"type":"Feature","properties":{"name":"中山1橋","base":"中山1橋","section":null,"tier":"hard","length_m":12,"district":"中山區"},"geometry":{"type":"MultiLineString","coordinates":[[[121.73968,25.14602],[121.73976,25.1461]]]}},{"type":"Feature","properties":{"name":"中山一路","base":"中山一路","section":null,"tier":"medium","length_m":2131,"district":"中山區"},"geometry":{"type":"MultiLineString","coordinates":[[[121.73659,25.12972],[121.73673,25.12995],[121.73682,25.13008],[121.73698,25.1303]],[[121.73963,25.13394],[121.73953,25.134]],[[121.74074,25.13607],[121.74069,25.13599],[121.74019,25.13523],[121.74004,25.13501],[121.73974,25.13455],[121.7395,25.13418],[121.73942,25.13406]],[[121.74095,25.13596],[121.741,25.13604],[121.74135,25.13658]],[[121.73698,25.1303],[121.73767,25.13105],[121.7384,25.13217],[121.73843,25.13221],[121.73849,25.1323]],[[121.74025,25.13489],[121.7409,25.13588],[121.74095,25.13596]],[[121.73828,25.13229],[121.73826,25.13226],[121.73825,25.13225],[121.73818,25.13213]],[[121.73637,25.1294],[121.73659,25.12972]],[[121.74114,25.13668],[121.74082,25.13619],[121.7408,25.13616],[121.74074,25.13607]],[[121.73942,25.13406],[121.73918,25.13368],[121.73892,25.13328],[121.73864,25.13284],[121.73834,25.13238],[121.73828,25.13229]],[[121.73818,25.13213],[121.73802,25.13186],[121.73781,25.13153],[121.7377,25.13134],[121.73729,25.13073],[121.73719,25.1306],[121.73698,25.1303]],[[121.73859,25.13245],[121.73963,25.13394]],[[121.74014,25.13491],[121.73961,25.13412],[121.73953,25.134]],[[121.74085,25.13601],[121.7408,25.13593],[121.74014,25.13491]],[[121.73963,25.13394],[121.73971,25.13406],[121.74025,25.13489]],[[121.74085,25.13601],[121.74091,25.1361],[121.74121,25.13657],[121.74124,25.13662]],[[121.73953,25.134],[121.73942,25.13406]],[[121.73849,25.1323],[121.73859,25.13245]]]}},{"type":"Feature","properties":{"name":"中山三路","base":"中山三路","section":null,"tier":"medium","length_m":2007,"district":"中山區"},"geometry":{"type":"MultiLineString","coordinates":[[[121.74691,25.14205],[121.74673,25.14173],[121.74658,25.14138],[121.7464,25.14107],[121.74606,25.14084],[121.74566,25.14063],[121.7451,25.14041],[121.74488,25.14033],[121.74453,25.14029],[121.74415,25.14032],[121.74382,25.14043],[121.74354,25.14057],[121.74327,25.14076],[121.74311,25.14096],[121.74303,25.14109],[121.743,25.14124],[121.74301,25.1414],[121.74304,25.14164],[121.74306,25.14179],[121.74302,25.14194],[121.74292,25.14216],[121.74279,25.14245],[121.74274,25.14255],[121.74254,25.14295],[121.74248,25.14309],[121.74237,25.14325],[121.74215,25.14349],[121.74201,25.14365],[121.74127,25.1445],[121.74102,25.14476],[121.74065,25.14501],[121.74025,25.14515],[121.74022,25.14516]],[[121.74022,25.14516],[121.73999,25.1452]],[[121.74691,25.14205],[121.74705,25.14221],[121.74723,25.14247],[121.74736,25.14257],[121.74785,25.14293],[121.74793,25.14297],[121.74811,25.14302],[121.7483,25.14306],[121.74848,25.14312],[121.74862,25.14319],[121.74874,25.14329],[121.74912,25.14361],[121.7492,25.14372]],[[121.7492,25.14372],[121.74905,25.14364],[121.7486,25.14328],[121.74838,25.14316],[121.74815,25.14311],[121.74793,25.14305],[121.74769,25.14291],[121.74738,25.14268],[121.7473,25.14262],[121.74717,25.14252],[121.74691,25.14205]],[[121.74854,25.14554],[121.74873,25.14553],[121.74883,25.1455],[121.74913,25.14538],[121.74932,25.14525],[121.7495,25.1451],[121.74963,25.14495],[121.74974,25.14476],[121.74979,25.14459],[121.74975,25.14438],[121.74966,25.14413],[121.74955,25.14401],[121.7492,25.14372]]]}},{"type":"Feature","properties":{"name":"中山三路103巷","base":"中山三路103巷","section":null,"tier":"hard","length_m":1539,"lane":true,"district":"中山區"},"geometry":{"type":"MultiLineString","coordinates":[[[121.74673,25.14173],[121.74653,25.14183],[121.7465,25.14189],[121.74648,25.14199],[121.74649,25.14211],[121.74645,25.14219],[121.74639,25.14231],[121.74631,25.14242],[121.74618,25.14258],[121.74604,25.1427],[121.7458,25.1428],[121.74565,25.14285],[121.74558,25.14286],[121.7455,25.14283],[121.74546,25.14275],[121.74549,25.14265],[121.74556,25.14262],[121.74579,25.14263],[121.74593,25.14258],[121.74601,25.14246],[121.74603,25.14229],[121.74618,25.14205],[121.74616,25.14194],[121.7461,25.14186],[121.74599,25.14182],[121.74585,25.14184],[121.74563,25.14195],[121.7455,25.14197],[121.74534,25.14209],[121.74514,25.14213],[121.74471,25.14179],[121.74465,25.14179],[121.74445,25.14197],[121.74435,25.14207],[121.74435,25.14211],[121.74492,25.14253],[121.74487,25.14267],[121.74469,25.14285],[121.74452,25.1427],[121.74404,25.14234],[121.74406,25.14229],[121.74415,25.14219],[121.74374,25.14187]],[[121.74465,25.14179],[121.74448,25.14165],[121.74395,25.14124]],[[121.74445,25.14197],[121.74396,25.14158]],[[121.74491,25.14448],[121.74523,25.14447],[121.7453,25.14446],[121.74552,25.14444],[121.74566,25.14439],[121.74602,25.14427],[121.74629,25.1442],[121.74658,25.14422],[121.74681,25.14422],[121.74704,25.14416],[121.74726,25.14402],[121.74735,25.14379],[121.74749,25.14377],[121.74761,25.14381],[121.74767,25.14382],[121.74782,25.14408],[121.74784,25.14416],[121.74795,25.14435]],[[121.74477,25.14361],[121.74486,25.14376],[121.74488,25.14392],[121.74491,25.14448],[121.74496,25.14503]]]}},{"type":"Feature","properties":{"name":"中山二路","base":"中山二路","section":null,"tier":"medium","length_m":3030,"district":"中山區"},"geometry":{"type":"MultiLineString","coordinates":[[[121.73999,25.1452],[121.73982,25.14517],[121.73968,25.14513],[121.73946,25.14501],[121.73912,25.1448]],[[121.7389,25.14155],[121.73894,25.14148],[121.73921,25.14086],[121.7395,25.14027],[121.74051,25.13821],[121.74062,25.13799],[121.74116,25.13687],[121.74117,25.13684],[121.74117,25.13681],[121.74117,25.13677],[121.74116,25.13672],[121.74114,25.13668]],[[121.74039,25.13884],[121.73965,25.14033],[121.73908,25.14152]],[[121.73847,25.14276],[121.73842,25.14291],[121.7384,25.14299],[121.73839,25.14309],[121.7384,25.14319],[121.73842,25.14332],[121.7388,25.14414],[121.73882,25.1442],[121.73891,25.14439]],[[121.74124,25.13662],[121.74127,25.13668],[121.74129,25.13681],[121.74128,25.1369],[121.74125,25.137],[121.74073,25.13804],[121.7406,25.13823],[121.73959,25.14031],[121.73929,25.14089],[121.73901,25.1415],[121.73897,25.14158],[121.73883,25.14186],[121.73846,25.14263],[121.73838,25.14278],[121.73834,25.14291],[121.73831,25.14303],[121.7383,25.14315],[121.73832,25.14327],[121.73872,25.14418],[121.73874,25.14423],[121.73882,25.14442]],[[121.73873,25.14445],[121.73865,25.14427],[121.73841,25.14373],[121.7383,25.14348],[121.73822,25.14325],[121.7382,25.14313],[121.73819,25.14303],[121.73822,25.14292],[121.73825,25.14285]],[[121.74135,25.13658],[121.74138,25.13668],[121.7414,25.13677],[121.74139,25.13685],[121.74139,25.13693],[121.74134,25.13706],[121.74082,25.13807],[121.74068,25.13827],[121.74039,25.13884]],[[121.73908,25.14152],[121.73904,25.14161],[121.73898,25.14174],[121.73847,25.14276]],[[121.73912,25.1448],[121.73893,25.14463]],[[121.73893,25.14463],[121.73882,25.14442]],[[121.73891,25.14439],[121.73893,25.14452],[121.73893,25.14463]],[[121.73893,25.14463],[121.73881,25.14453],[121.73873,25.14445]],[[121.73825,25.14285],[121.7387,25.14192],[121.73879,25.14176],[121.7389,25.14155]]]}},{"type":"Feature","properties":{"name":"中山二路65巷","base":"中山二路65巷","section":null,"tier":"hard","length_m":146,"lane":true,"district":"中山區"},"geometry":{"type":"MultiLineString","coordinates":[[[121.7396,25.13744],[121.73967,25.13751],[121.73976,25.1376],[121.73995,25.13786],[121.73998,25.13788],[121.74016,25.13801],[121.7404,25.13816],[121.74046,25.13818],[121.74051,25.13821],[121.7406,25.13823],[121.74068,25.13827]]]}},{"type":"Feature","properties":{"name":"中山四路","base":"中山四路","section":null,"tier":"medium","length_m":774,"district":"中山區"},"geometry":{"type":"MultiLineString","coordinates":[[[121.74397,25.15],[121.744,25.1499],[121.74405,25.14963],[121.74408,25.14956],[121.7442,25.1493],[121.74425,25.14922],[121.74428,25.14917],[121.74433,25.14912],[121.74439,25.14907],[121.74446,25.14904],[121.74454,25.14901],[121.74462,25.14899],[121.74473,25.14898],[121.74492,25.14898],[121.745,25.14897],[121.74511,25.14895],[121.74519,25.14892],[121.74558,25.14879],[121.7457,25.14874],[121.7458,25.14869],[121.7459,25.14863],[121.74599,25.14856],[121.74608,25.14848],[121.74622,25.14831],[121.74639,25.14813],[121.74655,25.14801],[121.74666,25.14794],[121.74678,25.14788],[121.74719,25.14771],[121.74724,25.14768],[121.74726,25.14766],[121.74729,25.14759],[121.74729,25.14751],[121.74727,25.14744],[121.74725,25.14732],[121.74726,25.14723],[121.74727,25.14704],[121.7473,25.14686],[121.74735,25.14666],[121.74736,25.14662],[121.74742,25.14629],[121.74748,25.1461],[121.74757,25.14591],[121.74767,25.14574],[121.74777,25.14562],[121.74783,25.14559],[121.74791,25.14553],[121.74808,25.14548],[121.7483,25.14546],[121.74854,25.14554]]]}},{"type":"Feature","properties":{"name":"中山橋","base":"中山橋","section":null,"tier":"medium","length_m":225,"district":"仁愛區"},"geometry":{"type":"MultiLineString","coordinates":[[[121.73813,25.12989],[121.7382,25.13026],[121.73822,25.1303],[121.73825,25.13038],[121.7385,25.1309],[121.7385,25.13091],[121.7385,25.13094],[121.7385,25.13095],[121.73848,25.13096],[121.73774,25.13137],[121.73765,25.13142]]]}},{"type":"Feature","properties":{"name":"中山隧道","base":"中山隧道","section":null,"tier":"hard","length_m":343,"district":"中山區"},"geometry":{"type":"MultiLineString","coordinates":[[[121.74651,25.14247],[121.74312,25.14276]]]}},{"type":"Feature","properties":{"name":"中崙隧道","base":"中崙隧道","section":null,"tier":"easy","length_m":1340,"district":"七堵區"},"geometry":{"type":"MultiLineString","coordinates":[[[121.70299,25.13958],[121.69759,25.13227],[121.69729,25.13182],[121.69697,25.13114],[121.69684,25.13066],[121.69676,25.13008],[121.69666,25.12917]]]}},{"type":"Feature","properties":{"name":"中平街","base":"中平街","section":null,"tier":"hard","length_m":640,"district":"中山區"},"geometry":{"type":"MultiLineString","coordinates":[[[121.72503,25.14207],[121.72494,25.1421]],[[121.72249,25.14186],[121.72245,25.14172],[121.72243,25.14157],[121.72247,25.14133],[121.72255,25.14105],[121.72257,25.14101],[121.7226,25.14099],[121.72263,25.14096],[121.72267,25.14094],[121.72272,25.14093],[121.72277,25.14092],[121.72281,25.14092],[121.72299,25.14091],[121.72302,25.14091],[121.72306,25.14092],[121.7231,25.14092],[121.72315,25.14093],[121.7232,25.14094],[121.72324,25.14094],[121.72328,25.14094],[121.72331,25.14093],[121.72334,25.14093],[121.72342,25.1409]],[[121.72479,25.14217],[121.72486,25.14216]],[[121.72491,25.14216],[121.72495,25.14217],[121.72497,25.1422],[121.72498,25.14226]],[[121.72486,25.14216],[121.72491,25.14216]],[[121.72485,25.14214],[121.72479,25.14217],[121.72451,25.14229],[121.72433,25.14233],[121.72417,25.14237],[121.7241,25.14237],[121.72404,25.14234],[121.72352,25.14168],[121.72347,25.14167],[121.7234,25.14166],[121.72336,25.14167],[121.72328,25.14173],[121.7232,25.14188],[121.72321,25.14193],[121.72343,25.14222],[121.72343,25.14229],[121.72338,25.14234],[121.72325,25.1424],[121.7231,25.14243],[121.72296,25.14241],[121.72289,25.14233],[121.72266,25.14195],[121.72249,25.14186]],[[121.72494,25.1421],[121.72485,25.14214]]]}},{"type":"Feature","properties":{"name":"中正路","base":"中正路","section":null,"tier":"easy","length_m":6040,"district":"中正區"},"geometry":{"type":"MultiLineString","coordinates":[[[121.74817,25.13697],[121.74838,25.13705],[121.74863,25.1372],[121.74944,25.13764]],[[121.77021,25.15188],[121.77063,25.15172],[121.77087,25.15163],[121.7712,25.15151],[121.77141,25.15143],[121.7715,25.1514],[121.77155,25.15138],[121.77161,25.15136],[121.77166,25.15133],[121.77171,25.1513],[121.77178,25.15125],[121.77204,25.15103]],[[121.75599,25.14068],[121.75605,25.1407],[121.75658,25.14091],[121.75661,25.14092],[121.75665,25.14092],[121.75668,25.14092],[121.75675,25.14092],[121.75685,25.14092],[121.75783,25.14058],[121.75789,25.14057],[121.75796,25.14057],[121.75803,25.14056],[121.75808,25.14056],[121.75814,25.14056],[121.75818,25.14057]],[[121.75565,25.14061],[121.75554,25.14057],[121.75541,25.14053],[121.7553,25.14049],[121.75523,25.14044],[121.75516,25.14038],[121.75496,25.14012],[121.75482,25.13999],[121.75458,25.1398],[121.75436,25.13969],[121.75353,25.1394],[121.75339,25.13938],[121.75327,25.13938],[121.75315,25.13942],[121.75304,25.13949],[121.75293,25.13958],[121.75286,25.13968]],[[121.74342,25.13129],[121.74355,25.13148],[121.74379,25.13182],[121.74405,25.13221],[121.74418,25.13239],[121.74469,25.13315],[121.74524,25.13397],[121.74528,25.13404],[121.74588,25.13496],[121.74614,25.13536],[121.74622,25.13555],[121.74624,25.13559],[121.74643,25.13592],[121.74663,25.13624],[121.74674,25.13633],[121.74703,25.13651],[121.74782,25.13691],[121.74811,25.13695],[121.74817,25.13697]],[[121.74815,25.13706],[121.74811,25.13705],[121.7481,25.13705]],[[121.75077,25.13852],[121.75061,25.13843],[121.74938,25.13774]],[[121.7481,25.13705],[121.74778,25.13696],[121.747,25.13656],[121.74668,25.13637],[121.74658,25.13628],[121.74639,25.13599],[121.74632,25.13588],[121.74626,25.13576],[121.74618,25.13562],[121.74606,25.13539],[121.74581,25.135],[121.74567,25.13479],[121.7452,25.13408],[121.74516,25.13402],[121.74462,25.13319],[121.74428,25.13269],[121.74374,25.13191],[121.74348,25.13156],[121.74346,25.13153],[121.74332,25.13134]],[[121.74944,25.13764],[121.75083,25.13841]],[[121.75319,25.13921],[121.75333,25.13919],[121.75342,25.13919],[121.7537,25.13926],[121.75431,25.13948],[121.75454,25.13956],[121.75464,25.13961],[121.75472,25.13966],[121.75476,25.13969],[121.75496,25.13982],[121.75513,25.14001],[121.75525,25.14019]],[[121.75818,25.14057],[121.75841,25.14071],[121.75856,25.14081],[121.75867,25.14088],[121.75913,25.14117],[121.75917,25.1412],[121.75939,25.14133],[121.75948,25.14139],[121.7595,25.1414],[121.75966,25.1415],[121.75971,25.14153],[121.75971,25.14153],[121.75976,25.14155],[121.75982,25.14158],[121.75989,25.14161],[121.76042,25.14187],[121.76052,25.14193]],[[121.76151,25.14387],[121.76154,25.14393],[121.76156,25.14397],[121.76158,25.14404],[121.76162,25.1442],[121.76164,25.14436],[121.76165,25.14451],[121.76165,25.14491],[121.76165,25.14505],[121.76162,25.14523],[121.76153,25.14597],[121.76152,25.14602],[121.7615,25.14625],[121.76151,25.14631],[121.76152,25.14649],[121.76159,25.14693],[121.7616,25.14697],[121.76166,25.14729],[121.76167,25.14735],[121.76169,25.14741],[121.76173,25.14752],[121.76195,25.14807],[121.76198,25.14814],[121.762,25.14819],[121.76204,25.14825],[121.76208,25.14829],[121.76213,25.14834],[121.76223,25.14843],[121.76236,25.14851],[121.76252,25.14858],[121.76272,25.14862],[121.76282,25.14867],[121.76324,25.14895],[121.76408,25.14951],[121.76468,25.1499],[121.76514,25.15022],[121.76545,25.15043],[121.76549,25.15046],[121.76573,25.15063],[121.76578,25.15066],[121.76584,25.15069],[121.76591,25.15072],[121.76598,25.15075],[121.7661,25.15079],[121.76633,25.15086],[121.76653,25.15092],[121.76674,25.15099],[121.76684,25.15102],[121.76695,25.15105],[121.7671,25.1511],[121.76722,25.15114],[121.76729,25.15116],[121.76732,25.15118],[121.76735,25.15119],[121.76736,25.1512],[121.76738,25.15122],[121.7674,25.15124],[121.76767,25.15162],[121.76792,25.15208],[121.7681,25.15242],[121.76812,25.15245],[121.76814,25.15248],[121.76817,25.1525],[121.7682,25.15251],[121.76823,25.15253],[121.76826,25.15254],[121.7683,25.15255],[121.76833,25.15255],[121.76837,25.15255],[121.76841,25.15255],[121.76845,25.15254],[121.76849,25.15253],[121.76861,25.15248],[121.77009,25.15193],[121.77021,25.15188]],[[121.75286,25.13968],[121.75277,25.13964],[121.75077,25.13852]],[[121.74938,25.13774],[121.74826,25.13711],[121.74815,25.13706]],[[121.77204,25.15103],[121.7721,25.151],[121.77218,25.15097],[121.77226,25.15095],[121.7723,25.15095],[121.77239,25.15095],[121.77248,25.15096]],[[121.75525,25.14019],[121.7554,25.14036],[121.75554,25.14045],[121.75567,25.14052],[121.75599,25.14068]],[[121.75251,25.13935],[121.75285,25.13953]],[[121.75285,25.13953],[121.7529,25.13939],[121.75296,25.13932],[121.75301,25.1393],[121.75319,25.13921]],[[121.75083,25.13841],[121.7519,25.139],[121.75251,25.13935]],[[121.76052,25.14193],[121.76056,25.14201],[121.76076,25.14243],[121.76083,25.14258],[121.76097,25.14286],[121.76112,25.14313],[121.76126,25.14337],[121.7613,25.14345],[121.76135,25.14353],[121.76147,25.14378],[121.76149,25.14382],[121.76151,25.14387]],[[121.75599,25.14068],[121.75565,25.14061]]]}},{"type":"Feature","properties":{"name":"中正路170巷","base":"中正路170巷","section":null,"tier":"hard","length_m":167,"lane":true,"district":"中正區"},"geometry":{"type":"MultiLineString","coordinates":[[[121.75431,25.13948],[121.75444,25.13911],[121.75453,25.13886],[121.75469,25.13869],[121.75526,25.13834]]]}},{"type":"Feature","properties":{"name":"中正路182巷","base":"中正路182巷","section":null,"tier":"hard","length_m":196,"lane":true,"district":"中正區"},"geometry":{"type":"MultiLineString","coordinates":[[[121.75464,25.13961],[121.75499,25.13894],[121.75505,25.13889],[121.75519,25.13883],[121.75535,25.13876],[121.75545,25.13869],[121.75554,25.13862],[121.75574,25.13841],[121.7558,25.13827]]]}},{"type":"Feature","properties":{"name":"中興路","base":"中興路","section":null,"tier":"hard","length_m":104,"district":"信義區"},"geometry":{"type":"MultiLineString","coordinates":[[[121.75456,25.12928],[121.75449,25.12883],[121.75447,25.12856],[121.75446,25.12853],[121.75445,25.12835]]]}},{"type":"Feature","properties":{"name":"中船路","base":"中船路","section":null,"tier":"hard","length_m":93,"district":"中正區"},"geometry":{"type":"MultiLineString","coordinates":[[[121.74938,25.13774],[121.74944,25.13764]],[[121.74944,25.13764],[121.74967,25.13732],[121.74987,25.13703]]]}},{"type":"Feature","properties":{"name":"中船路112巷","base":"中船路112巷","section":null,"tier":"hard","length_m":273,"lane":true,"district":"中正區"},"geometry":{"type":"MultiLineString","coordinates":[[[121.75115,25.13785],[121.75147,25.13803],[121.75221,25.13844],[121.75227,25.13848],[121.75342,25.13919]]]}},{"type":"Feature","properties":{"name":"中船路36巷","base":"中船路36巷","section":null,"tier":"hard","length_m":423,"lane":true,"district":"中正區"},"geometry":{"type":"MultiLineString","coordinates":[[[121.75022,25.13726],[121.75031,25.13706],[121.75034,25.13697],[121.75046,25.1366],[121.7505,25.13653],[121.75052,25.1365],[121.75053,25.13648],[121.75055,25.13646],[121.75057,25.13645],[121.75061,25.1364],[121.75065,25.13637],[121.75067,25.13637],[121.7507,25.13635],[121.75074,25.13634],[121.75079,25.13631],[121.75087,25.13626],[121.75099,25.13618],[121.75102,25.13615],[121.75106,25.13609],[121.75108,25.13604],[121.7511,25.13596],[121.75114,25.1359],[121.75116,25.13587],[121.7512,25.13583],[121.75123,25.13581],[121.75127,25.13578],[121.75129,25.13576],[121.75141,25.13559],[121.75159,25.13542],[121.7517,25.13534],[121.75189,25.1352],[121.75204,25.1351],[121.75232,25.13493],[121.75235,25.13491],[121.75239,25.13489],[121.75243,25.13486],[121.75272,25.13467],[121.75284,25.13469],[121.75291,25.13472],[121.75293,25.13472],[121.75296,25.13473]]]}},{"type":"Feature","properties":{"name":"中船路7巷","base":"中船路7巷","section":null,"tier":"hard","length_m":158,"lane":true,"district":"中正區"},"geometry":{"type":"MultiLineString","coordinates":[[[121.75115,25.13785],[121.75026,25.13728],[121.75022,25.13726],[121.74987,25.13703]]]}},{"type":"Feature","properties":{"name":"中華路","base":"中華路","section":null,"tier":"medium","length_m":759,"district":"中山區"},"geometry":{"type":"MultiLineString","coordinates":[[[121.73888,25.1447],[121.73888,25.14472],[121.73887,25.14501],[121.73882,25.14516]],[[121.73869,25.14602],[121.73845,25.14665],[121.73839,25.14681],[121.73808,25.14762],[121.73798,25.14795],[121.73785,25.14823],[121.73783,25.14828],[121.73782,25.14829],[121.73779,25.14836],[121.73774,25.14845],[121.73749,25.14871],[121.73737,25.14894],[121.73729,25.14925],[121.73715,25.14962],[121.73708,25.14978],[121.737,25.14988],[121.73691,25.14999],[121.73664,25.15025],[121.73651,25.15036],[121.73641,25.15045],[121.73637,25.1505],[121.73635,25.15054],[121.73633,25.15058],[121.73631,25.15061],[121.7363,25.15064],[121.7363,25.15066],[121.7363,25.15068],[121.73629,25.15071],[121.73629,25.15075],[121.73629,25.15078],[121.73629,25.15082],[121.7363,25.15085]],[[121.73882,25.14516],[121.73876,25.14532],[121.73871,25.14549],[121.7387,25.14564],[121.7387,25.14597],[121.73869,25.14602]],[[121.73893,25.14463],[121.73888,25.1447]]]}},{"type":"Feature","properties":{"name":"二號隧道","base":"二號隧道","section":null,"tier":"easy","length_m":623,"district":"中正區"},"geometry":{"type":"MultiLineString","coordinates":[[[121.76143,25.13767],[121.76242,25.1375],[121.76334,25.13735],[121.76449,25.13713]],[[121.76448,25.13744],[121.76344,25.13762],[121.76227,25.13782],[121.76146,25.13795]]]}},{"type":"Feature","properties":{"name":"五福橋","base":"五福橋","section":null,"tier":"medium","length_m":439,"district":"七堵區","area":"六堵"},"geometry":{"type":"MultiLineString","coordinates":[[[121.69714,25.09039],[121.69864,25.09181]],[[121.69859,25.09185],[121.69708,25.09042]]]}},{"type":"Feature","properties":{"name":"仁一路","base":"仁一路","section":null,"tier":"medium","length_m":1645,"district":"仁愛區"},"geometry":{"type":"MultiLineString","coordinates":[[[121.75094,25.12811],[121.75265,25.12795]],[[121.74398,25.13046],[121.74404,25.13043]],[[121.7527,25.12794],[121.75276,25.12791],[121.75282,25.1279],[121.75328,25.12786],[121.75371,25.12782]],[[121.74404,25.13043],[121.74409,25.1304],[121.74465,25.1301],[121.74472,25.13006],[121.74478,25.13003],[121.74544,25.12967],[121.74608,25.12934],[121.74613,25.12931],[121.74618,25.12928],[121.74769,25.12844]],[[121.74769,25.12844],[121.74803,25.1284],[121.74864,25.12834],[121.74923,25.12827],[121.75008,25.12819],[121.75053,25.12815],[121.75094,25.12811]],[[121.74319,25.13089],[121.74327,25.13085],[121.7439,25.13051]],[[121.74313,25.13092],[121.74319,25.13089]],[[121.75556,25.128],[121.75622,25.12805]],[[121.75371,25.12782],[121.75398,25.12782],[121.75451,25.12787],[121.75498,25.12792],[121.75502,25.12792],[121.75506,25.12793],[121.7551,25.12795]],[[121.7439,25.13051],[121.74398,25.13046]],[[121.75265,25.12795],[121.7527,25.12794]],[[121.7551,25.12795],[121.75556,25.128]],[[121.7551,25.12795],[121.75505,25.12797],[121.75502,25.12797],[121.7545,25.12793],[121.75425,25.12791],[121.75402,25.12789],[121.75382,25.12789],[121.75355,25.12791],[121.75282,25.12798],[121.75277,25.12797],[121.7527,25.12794]]]}},{"type":"Feature","properties":{"name":"仁三路","base":"仁三路","section":null,"tier":"hard","length_m":388,"district":"仁愛區"},"geometry":{"type":"MultiLineString","coordinates":[[[121.74107,25.12956],[121.74109,25.12954],[121.74133,25.12941],[121.74148,25.12933],[121.74207,25.129],[121.74278,25.1286]],[[121.74522,25.1279],[121.74515,25.12784],[121.74506,25.12783],[121.74497,25.12783],[121.74489,25.12787],[121.74464,25.12797],[121.74434,25.12807],[121.74378,25.12805],[121.74358,25.12816],[121.74351,25.1282]]]}},{"type":"Feature","properties":{"name":"仁二路","base":"仁二路","section":null,"tier":"hard","length_m":1062,"district":"仁愛區"},"geometry":{"type":"MultiLineString","coordinates":[[[121.75089,25.12759],[121.75047,25.12762],[121.75003,25.12767],[121.7492,25.12775]],[[121.7434,25.12952],[121.74332,25.12958],[121.74275,25.12989]],[[121.74205,25.13033],[121.74181,25.13048]],[[121.74861,25.12762],[121.74797,25.12747],[121.74755,25.1274],[121.74751,25.1274],[121.74722,25.12744],[121.74702,25.12751],[121.74656,25.12776],[121.74616,25.12798],[121.74549,25.12836],[121.74506,25.1286],[121.74498,25.12864],[121.74481,25.12873],[121.74478,25.12875],[121.74411,25.12912],[121.74351,25.12945],[121.74347,25.12947],[121.7434,25.12952]],[[121.74174,25.13037],[121.74191,25.13028]],[[121.74191,25.13028],[121.74212,25.13016]],[[121.74275,25.12989],[121.74268,25.12993],[121.74224,25.13017],[121.74205,25.13033]],[[121.7492,25.12775],[121.74895,25.12771],[121.74872,25.12766],[121.74865,25.12764],[121.74861,25.12762]]]}},{"type":"Feature","properties":{"name":"仁五路","base":"仁五路","section":null,"tier":"easy","length_m":160,"district":"仁愛區"},"geometry":{"type":"MultiLineString","coordinates":[[[121.74036,25.1277],[121.74097,25.12734],[121.74105,25.12731],[121.74162,25.12702],[121.7417,25.12694]]]}},{"type":"Feature","properties":{"name":"仁四路","base":"仁四路","section":null,"tier":"hard","length_m":261,"district":"仁愛區"},"geometry":{"type":"MultiLineString","coordinates":[[[121.74302,25.12765],[121.74243,25.12755],[121.74237,25.12757]],[[121.74237,25.12757],[121.74217,25.12768],[121.7418,25.12789],[121.74175,25.12791],[121.74146,25.12807],[121.74085,25.12841],[121.74072,25.12848]]]}},{"type":"Feature","properties":{"name":"仁安街","base":"仁安街","section":null,"tier":"hard","length_m":366,"district":"中山區"},"geometry":{"type":"MultiLineString","coordinates":[[[121.7483,25.14546],[121.74834,25.14531],[121.74819,25.14525],[121.74795,25.14527],[121.74756,25.14531],[121.74743,25.14546],[121.74726,25.14573],[121.74724,25.14589],[121.74723,25.14603],[121.74731,25.14621],[121.74733,25.14627],[121.74727,25.14642],[121.74725,25.14644],[121.74722,25.1465],[121.7472,25.14655],[121.74717,25.14669],[121.74715,25.14696],[121.74715,25.14715],[121.74716,25.1476]]]}},{"type":"Feature","properties":{"name":"仁愛橋","base":"仁愛橋","section":null,"tier":"easy","length_m":27,"district":"仁愛區"},"geometry":{"type":"MultiLineString","coordinates":[[[121.74,25.12789],[121.74023,25.12777]]]}},{"type":"Feature","properties":{"name":"仁愛隧道","base":"仁愛隧道","section":null,"tier":"easy","length_m":419,"district":"中山區"},"geometry":{"type":"MultiLineString","coordinates":[[[121.74141,25.1516],[121.73743,25.15271]]]}},{"type":"Feature","properties":{"name":"仙洞湖橋","base":"仙洞湖橋","section":null,"tier":"hard","length_m":20,"district":"七堵區"},"geometry":{"type":"MultiLineString","coordinates":[[[121.67975,25.12479],[121.67986,25.12494]]]}},{"type":"Feature","properties":{"name":"來福橋","base":"來福橋","section":null,"tier":"hard","length_m":38,"district":"暖暖區"},"geometry":{"type":"MultiLineString","coordinates":[[[121.74089,25.08962],[121.74122,25.08979]]]}},{"type":"Feature","properties":{"name":"俊德街","base":"俊德街","section":null,"tier":"hard","length_m":203,"district":"七堵區","area":"六堵"},"geometry":{"type":"MultiLineString","coordinates":[[[121.70622,25.0965],[121.70633,25.09626],[121.70638,25.0962],[121.70644,25.09616],[121.70652,25.09613],[121.70712,25.09594],[121.70719,25.09591],[121.70724,25.09588],[121.70727,25.09584],[121.70749,25.09535],[121.70752,25.09529]]]}},{"type":"Feature","properties":{"name":"俊賢路","base":"俊賢路","section":null,"tier":"medium","length_m":747,"district":"七堵區","area":"六堵"},"geometry":{"type":"MultiLineString","coordinates":[[[121.70435,25.09508],[121.70445,25.09508],[121.70497,25.09509],[121.7057,25.09511],[121.70623,25.09513],[121.7068,25.09514],[121.70714,25.09518],[121.70752,25.09529],[121.70802,25.09544]],[[121.70799,25.0955],[121.70749,25.09535],[121.70715,25.09525],[121.70711,25.09524],[121.7067,25.09521],[121.70589,25.09519],[121.70565,25.09518],[121.70496,25.09516],[121.70486,25.09516],[121.70444,25.09515],[121.70434,25.09514]]]}},{"type":"Feature","properties":{"name":"信一路","base":"信一路","section":null,"tier":"medium","length_m":1550,"district":"信義區"},"geometry":{"type":"MultiLineString","coordinates":[[[121.75791,25.12847],[121.75702,25.12847],[121.75619,25.12847],[121.75592,25.12846],[121.75551,25.12845],[121.75528,25.12844],[121.75445,25.12835],[121.75387,25.1283],[121.75358,25.1283],[121.75271,25.12839],[121.75226,25.12844],[121.75182,25.12848],[121.75142,25.12853],[121.75099,25.12857],[121.75044,25.12861],[121.74926,25.12872],[121.74783,25.12887],[121.74712,25.12926],[121.74637,25.12968],[121.74588,25.12995],[121.74506,25.13039],[121.74499,25.13043]],[[121.74499,25.13043],[121.7449,25.13049],[121.74436,25.13078],[121.7443,25.13081]],[[121.74424,25.13084],[121.74416,25.13089],[121.74351,25.13124],[121.74342,25.13129]],[[121.74342,25.13129],[121.74332,25.13134]],[[121.7443,25.13081],[121.74424,25.13084]]]}},{"type":"Feature","properties":{"name":"信七路","base":"信七路","section":null,"tier":"hard","length_m":87,"district":"中正區"},"geometry":{"type":"MultiLineString","coordinates":[[[121.74855,25.13581],[121.74827,25.13596],[121.74785,25.13616],[121.7478,25.13619]]]}},{"type":"Feature","properties":{"name":"信三路","base":"信三路","section":null,"tier":"hard","length_m":189,"district":"中正區"},"geometry":{"type":"MultiLineString","coordinates":[[[121.7462,25.13227],[121.74581,25.1325],[121.74553,25.13267],[121.74548,25.1327],[121.74509,25.13291],[121.74469,25.13315],[121.74462,25.13319]]]}},{"type":"Feature","properties":{"name":"信二路","base":"信二路","section":null,"tier":"medium","length_m":1506,"district":"信義區"},"geometry":{"type":"MultiLineString","coordinates":[[[121.75293,25.12944],[121.75322,25.12941],[121.75355,25.12938],[121.75382,25.12935],[121.75456,25.12928]],[[121.74405,25.13221],[121.7443,25.13207],[121.74445,25.13199],[121.7448,25.13181],[121.74486,25.13177]],[[121.74492,25.13174],[121.74497,25.13172],[121.74535,25.1315],[121.74561,25.13136]],[[121.74561,25.13136],[121.74599,25.13116],[121.74601,25.13115],[121.74622,25.13104],[121.74649,25.13089],[121.747,25.13061],[121.7474,25.1304],[121.74774,25.13027],[121.74836,25.13003],[121.74883,25.12986],[121.74894,25.12983]],[[121.74894,25.12983],[121.74939,25.12979],[121.75058,25.12967],[121.75112,25.12962],[121.75169,25.12956],[121.75196,25.12953],[121.75206,25.12952],[121.75237,25.12949],[121.75284,25.12945],[121.75293,25.12944]],[[121.75456,25.12928],[121.75548,25.12914],[121.75613,25.12908],[121.75637,25.12905],[121.75709,25.12897],[121.75716,25.12896],[121.75764,25.12891],[121.75769,25.1289],[121.75775,25.12889],[121.7578,25.12886],[121.75784,25.12883],[121.75787,25.12879],[121.75789,25.12864],[121.75791,25.12847]],[[121.74486,25.13177],[121.74492,25.13174]]]}},{"type":"Feature","properties":{"name":"信五路","base":"信五路","section":null,"tier":"hard","length_m":297,"district":"中正區"},"geometry":{"type":"MultiLineString","coordinates":[[[121.74744,25.1341],[121.74704,25.13433],[121.74674,25.13449],[121.74669,25.13452],[121.74647,25.13464],[121.74634,25.13471],[121.7463,25.13473],[121.74588,25.13496],[121.74581,25.135]],[[121.74806,25.13376],[121.74785,25.13388],[121.7478,25.13391],[121.74744,25.1341]],[[121.74833,25.13361],[121.74806,25.13376]]]}},{"type":"Feature","properties":{"name":"信六路","base":"信六路","section":null,"tier":"hard","length_m":157,"district":"中正區"},"geometry":{"type":"MultiLineString","coordinates":[[[121.74729,25.13542],[121.74734,25.13539],[121.74763,25.13523],[121.74803,25.13501],[121.74862,25.13469]]]}},{"type":"Feature","properties":{"name":"信四路","base":"信四路","section":null,"tier":"hard","length_m":183,"district":"中正區"},"geometry":{"type":"MultiLineString","coordinates":[[[121.74528,25.13404],[121.74571,25.1338],[121.74608,25.1336],[121.74613,25.13357],[121.74642,25.13342],[121.74683,25.13318]]]}},{"type":"Feature","properties":{"name":"信義隧道","base":"信義隧道","section":null,"tier":"easy","length_m":274,"district":"中山區"},"geometry":{"type":"MultiLineString","coordinates":[[[121.72309,25.1484],[121.72186,25.1462]]]}},{"type":"Feature","properties":{"name":"健民街","base":"健民街","section":null,"tier":"hard","length_m":850,"district":"中山區"},"geometry":{"type":"MultiLineString","coordinates":[[[121.73753,25.13951],[121.73754,25.13962],[121.73752,25.13971],[121.73749,25.1398],[121.73737,25.13998],[121.73709,25.14042],[121.73705,25.14051],[121.73705,25.14082],[121.73705,25.14103],[121.73704,25.14114],[121.7371,25.14118],[121.73717,25.14119],[121.7373,25.14114],[121.73743,25.14107],[121.7376,25.14102],[121.73777,25.14103],[121.73786,25.14105],[121.73791,25.14111],[121.73792,25.14119],[121.73786,25.14124],[121.73762,25.14138],[121.73758,25.14142],[121.73745,25.14151],[121.7374,25.1416],[121.73735,25.14167],[121.73723,25.14179],[121.73679,25.14231],[121.73669,25.14238],[121.73665,25.14238],[121.73654,25.14241],[121.73645,25.14246],[121.7364,25.14254],[121.73639,25.14257],[121.7364,25.1426],[121.73643,25.14264],[121.73648,25.14265],[121.73661,25.14263],[121.73675,25.14258],[121.73683,25.14257],[121.73692,25.14258],[121.73711,25.1426],[121.73722,25.1426],[121.73743,25.14256],[121.73759,25.14254],[121.73763,25.14253],[121.7379,25.14227],[121.73796,25.14222],[121.73807,25.14216],[121.73865,25.14174],[121.73883,25.14149],[121.73894,25.14148],[121.73901,25.1415],[121.73908,25.14152]]]}},{"type":"Feature","properties":{"name":"光一路","base":"光一路","section":null,"tier":"hard","length_m":538,"district":"仁愛區"},"geometry":{"type":"MultiLineString","coordinates":[[[121.73813,25.12698],[121.73786,25.12657],[121.73768,25.12631],[121.73744,25.12594],[121.73719,25.12555]],[[121.73657,25.12411],[121.73668,25.12429],[121.73682,25.1245],[121.73684,25.12453],[121.73724,25.12514],[121.73743,25.12543],[121.73757,25.12563],[121.73769,25.1258],[121.73825,25.12664],[121.73838,25.12683]]]}},{"type":"Feature","properties":{"name":"光二路","base":"光二路","section":null,"tier":"hard","length_m":287,"district":"仁愛區"},"geometry":{"type":"MultiLineString","coordinates":[[[121.73722,25.12748],[121.737,25.12715],[121.73695,25.12708],[121.73677,25.12681],[121.73653,25.12645],[121.73626,25.12605],[121.73608,25.12579],[121.73592,25.12554],[121.73588,25.12543],[121.73599,25.12526]]]}},{"type":"Feature","properties":{"name":"光明路","base":"光明路","section":null,"tier":"medium","length_m":1069,"district":"七堵區"},"geometry":{"type":"MultiLineString","coordinates":[[[121.71054,25.09259],[121.71083,25.09279],[121.71195,25.09364],[121.7123,25.09398],[121.71296,25.09467],[121.71348,25.09517],[121.71403,25.09567],[121.71417,25.0958],[121.71432,25.09596],[121.71474,25.09639],[121.71485,25.09651],[121.71486,25.09651],[121.71526,25.0969],[121.71537,25.097],[121.71567,25.09726],[121.71575,25.09737],[121.71583,25.09745],[121.71595,25.09756]],[[121.71595,25.09756],[121.7164,25.09799],[121.71645,25.09804],[121.71671,25.09829],[121.71703,25.09854],[121.71741,25.09887],[121.71772,25.09918],[121.7179,25.0994],[121.71786,25.09945]]]}},{"type":"Feature","properties":{"name":"光華橋","base":"光華橋","section":null,"tier":"easy","length_m":1175,"district":"中山區"},"geometry":{"type":"MultiLineString","coordinates":[[[121.74639,25.14903],[121.74537,25.14944],[121.74485,25.14967],[121.74449,25.14987],[121.74425,25.15008],[121.7439,25.15044],[121.74374,25.15061],[121.74356,25.15076],[121.7432,25.151],[121.74224,25.15132],[121.74155,25.15157],[121.74141,25.1516]],[[121.74131,25.15132],[121.74143,25.1513],[121.74192,25.15122],[121.74238,25.15114],[121.7425,25.15111],[121.74292,25.15098],[121.74303,25.15094],[121.74322,25.15088],[121.74337,25.1508],[121.74347,25.15073],[121.74361,25.15062],[121.74412,25.15006],[121.74429,25.14991],[121.74437,25.14985],[121.74473,25.14966],[121.74545,25.14936],[121.74639,25.14898]]]}},{"type":"Feature","properties":{"name":"光華路","base":"光華路","section":null,"tier":"hard","length_m":1307,"district":"中山區"},"geometry":{"type":"MultiLineString","coordinates":[[[121.74269,25.15124],[121.74222,25.1508],[121.74198,25.15051],[121.7419,25.15028]],[[121.7419,25.15028],[121.74223,25.15062],[121.7423,25.15067],[121.74238,25.1507],[121.74245,25.15072],[121.74272,25.15079]],[[121.74401,25.15211],[121.74365,25.15187],[121.74295,25.15143]],[[121.74401,25.15211],[121.7443,25.15232],[121.74462,25.15253]],[[121.74462,25.15253],[121.74552,25.15313],[121.74611,25.15354],[121.74672,25.15397],[121.74914,25.15565],[121.75197,25.15526]]]}},{"type":"Feature","properties":{"name":"光華路15巷","base":"光華路15巷","section":null,"tier":"hard","length_m":81,"lane":true,"district":"中山區"},"geometry":{"type":"MultiLineString","coordinates":[[[121.74447,25.15311],[121.74453,25.15301],[121.74436,25.15284],[121.74462,25.15253]]]}},{"type":"Feature","properties":{"name":"光華路37巷","base":"光華路37巷","section":null,"tier":"hard","length_m":519,"lane":true,"district":"中山區"},"geometry":{"type":"MultiLineString","coordinates":[[[121.74552,25.15313],[121.74541,25.15323],[121.74531,25.15317],[121.74519,25.15311],[121.7451,25.15311],[121.74505,25.15313],[121.74499,25.15321],[121.74495,25.15344],[121.74489,25.15352],[121.74441,25.15375],[121.74389,25.15402],[121.74385,25.15404],[121.74369,25.15413],[121.74373,25.15417],[121.74379,25.15422],[121.74421,25.1544],[121.7443,25.15445],[121.74429,25.15454],[121.74412,25.15459],[121.74396,25.15466],[121.74385,25.1547],[121.74374,25.15479],[121.74369,25.15481],[121.74357,25.15482],[121.74338,25.15484],[121.74331,25.15484],[121.74326,25.15485],[121.74323,25.15487],[121.74309,25.15496],[121.74289,25.15502],[121.74273,25.15504],[121.74248,25.15507]]]}},{"type":"Feature","properties":{"name":"光華隧道","base":"光華隧道","section":null,"tier":"hard","length_m":455,"district":"中山區"},"geometry":{"type":"MultiLineString","coordinates":[[[121.7419,25.15028],[121.7402,25.14814],[121.73939,25.14688]]]}},{"type":"Feature","properties":{"name":"內寮澳底產業道路","base":"內寮澳底產業道路","section":null,"tier":"hard","length_m":563,"district":"安樂區"},"geometry":{"type":"MultiLineString","coordinates":[[[121.70161,25.1621],[121.70157,25.16212],[121.70146,25.16216],[121.70139,25.16213],[121.70113,25.16178],[121.70104,25.16167],[121.70092,25.16153],[121.70074,25.16125],[121.70067,25.16108],[121.70063,25.16099],[121.70047,25.1609],[121.69988,25.16061],[121.69958,25.16043],[121.699,25.16016],[121.69873,25.16005],[121.69848,25.15994],[121.6981,25.15969],[121.69799,25.15961],[121.69784,25.15948],[121.69776,25.15943],[121.69767,25.15942]],[[121.69767,25.15942],[121.69757,25.15946],[121.6973,25.1596]]]}},{"type":"Feature","properties":{"name":"八堵橋","base":"八堵橋","section":null,"tier":"easy","length_m":200,"district":"暖暖區"},"geometry":{"type":"MultiLineString","coordinates":[[[121.73352,25.11019],[121.73268,25.10971]],[[121.73272,25.10966],[121.73356,25.11014]]]}},{"type":"Feature","properties":{"name":"八堵路","base":"八堵路","section":null,"tier":"easy","length_m":4264,"district":"暖暖區"},"geometry":{"type":"MultiLineString","coordinates":[[[121.73684,25.11068],[121.73715,25.1107],[121.73723,25.11071],[121.7374,25.11073],[121.73748,25.11076],[121.73757,25.11081],[121.73777,25.11093]],[[121.73489,25.1108],[121.73452,25.11074],[121.73443,25.11071],[121.73434,25.11068],[121.73411,25.11054],[121.73369,25.11029],[121.73361,25.11025]],[[121.73007,25.10862],[121.7302,25.10863],[121.73033,25.10861],[121.73066,25.10851],[121.73079,25.10852]],[[121.73361,25.11025],[121.73352,25.11019]],[[121.73689,25.11077],[121.7367,25.11076],[121.73655,25.11075],[121.73592,25.11078],[121.73577,25.11079],[121.73531,25.11084]],[[121.73258,25.10967],[121.73247,25.10963],[121.73227,25.10955]],[[121.73218,25.10939],[121.73226,25.10944],[121.73233,25.10948],[121.7325,25.10957],[121.7326,25.10961],[121.73272,25.10966]],[[121.73745,25.11102],[121.73733,25.11093],[121.7372,25.11086],[121.7371,25.11083],[121.73689,25.11077]],[[121.73125,25.10917],[121.73107,25.1091]],[[121.73149,25.10889],[121.73156,25.10894],[121.73198,25.10924]],[[121.73532,25.11075],[121.73541,25.11075],[121.73601,25.1107],[121.73613,25.1107],[121.73653,25.11067],[121.73684,25.11068]],[[121.73365,25.11019],[121.73415,25.11048],[121.73437,25.11061],[121.73454,25.11068],[121.73492,25.11073],[121.73508,25.11074],[121.73532,25.11075]],[[121.73356,25.11014],[121.73365,25.11019]],[[121.72449,25.10201],[121.72406,25.10176],[121.72366,25.10151],[121.72329,25.10125],[121.7228,25.10086],[121.72244,25.10059],[121.72224,25.10048],[121.722,25.10039],[121.72186,25.10036],[121.72164,25.10032]],[[121.72514,25.10245],[121.72449,25.10201]],[[121.72444,25.10187],[121.72511,25.10234]],[[121.7307,25.10895],[121.73005,25.1087]],[[121.72511,25.10234],[121.72541,25.10255],[121.72559,25.1027],[121.72573,25.10286],[121.72588,25.10306],[121.7261,25.1034],[121.72619,25.10362],[121.72629,25.10401],[121.72633,25.10447],[121.72643,25.10574],[121.72647,25.10594],[121.72652,25.10609],[121.7266,25.1063],[121.7267,25.10647],[121.72688,25.10669],[121.72703,25.10682],[121.72731,25.10701],[121.72751,25.10713],[121.7283,25.10761],[121.72877,25.10793],[121.72906,25.10813],[121.7292,25.10821],[121.72961,25.10844],[121.72992,25.10857],[121.73007,25.10862]],[[121.73005,25.1087],[121.72955,25.10848],[121.72916,25.10827],[121.72902,25.10818],[121.72873,25.10799],[121.72826,25.10767],[121.72747,25.10719],[121.72726,25.10707],[121.72698,25.10686],[121.72682,25.10673],[121.72664,25.10651],[121.72653,25.10633],[121.72645,25.10612],[121.7264,25.10595],[121.72636,25.10575],[121.72626,25.10452],[121.72622,25.10402],[121.72612,25.10364],[121.72603,25.10342],[121.72582,25.10309],[121.72567,25.1029],[121.72553,25.10275],[121.72536,25.1026],[121.72514,25.10245]],[[121.73079,25.10852],[121.73091,25.10852],[121.73103,25.10856],[121.73114,25.10862],[121.73121,25.10867],[121.73149,25.10889]],[[121.71931,25.09993],[121.7194,25.09995],[121.72065,25.10013],[121.72159,25.10024],[121.72189,25.10027],[121.72205,25.10032],[121.72225,25.10039],[121.72252,25.10053],[121.72282,25.10076],[121.72358,25.10135],[121.72398,25.10161],[121.72444,25.10187]],[[121.73107,25.1091],[121.7307,25.10895]],[[121.73531,25.11084],[121.73489,25.1108]],[[121.73268,25.10971],[121.73258,25.10967]]]}},{"type":"Feature","properties":{"name":"八堵路169巷","base":"八堵路169巷","section":null,"tier":"hard","length_m":120,"lane":true,"district":"暖暖區"},"geometry":{"type":"MultiLineString","coordinates":[[[121.72751,25.10454],[121.72706,25.10447],[121.72681,25.10444],[121.7266,25.10445],[121.72633,25.10447]]]}},{"type":"Feature","properties":{"name":"八堵路2巷","base":"八堵路2巷","section":null,"tier":"hard","length_m":48,"lane":true,"district":"暖暖區"},"geometry":{"type":"MultiLineString","coordinates":[[[121.7367,25.11076],[121.73666,25.11081],[121.7366,25.11083],[121.7365,25.11083],[121.73648,25.11087],[121.73651,25.11094],[121.73658,25.11102]]]}},{"type":"Feature","properties":{"name":"八堵陸橋","base":"八堵陸橋","section":null,"tier":"easy","length_m":137,"district":"暖暖區"},"geometry":{"type":"MultiLineString","coordinates":[[[121.73198,25.10924],[121.73218,25.10939]],[[121.73227,25.10955],[121.73125,25.10917]]]}},{"type":"Feature","properties":{"name":"八堵隧道","base":"八堵隧道","section":null,"tier":"easy","length_m":399,"district":"暖暖區"},"geometry":{"type":"MultiLineString","coordinates":[[[121.73777,25.11093],[121.73922,25.11208]],[[121.73896,25.11226],[121.73745,25.11102]]]}},{"type":"Feature","properties":{"name":"八德橋","base":"八德橋","section":null,"tier":"hard","length_m":116,"district":"七堵區"},"geometry":{"type":"MultiLineString","coordinates":[[[121.72694,25.11016],[121.72702,25.1101],[121.72779,25.10946]]]}},{"type":"Feature","properties":{"name":"八德路","base":"八德路","section":null,"tier":"hard","length_m":2375,"district":"七堵區"},"geometry":{"type":"MultiLineString","coordinates":[[[121.72762,25.11265],[121.72812,25.11328],[121.72821,25.11342],[121.72831,25.11358]],[[121.72858,25.11437],[121.72845,25.11411],[121.7284,25.11401],[121.7283,25.1138],[121.72822,25.11366],[121.72813,25.11354],[121.72797,25.11337],[121.72775,25.11315],[121.72768,25.11308],[121.72764,25.11302],[121.72762,25.11296],[121.72761,25.1129]],[[121.71944,25.10076],[121.71949,25.1009],[121.71953,25.10098],[121.71959,25.10106]],[[121.7288,25.11598],[121.72864,25.1164],[121.72853,25.11667],[121.72841,25.11693],[121.72837,25.11708],[121.72838,25.11718],[121.7284,25.1173],[121.72851,25.11746],[121.72859,25.11759],[121.72865,25.11766],[121.72871,25.11773]],[[121.72831,25.11358],[121.72845,25.11387],[121.72856,25.11411],[121.72865,25.11432]],[[121.72892,25.11472],[121.72908,25.11491],[121.72912,25.115],[121.72915,25.11512],[121.72912,25.11525],[121.72911,25.1153],[121.72906,25.11545],[121.72901,25.11554],[121.72894,25.11567]],[[121.72761,25.1129],[121.72761,25.11275]],[[121.72761,25.11275],[121.72762,25.11265]],[[121.71959,25.10106],[121.71964,25.10109],[121.71972,25.10112],[121.72012,25.10124],[121.72022,25.10129],[121.72032,25.10134],[121.72129,25.10201],[121.72144,25.10214],[121.72158,25.10229],[121.7219,25.10276],[121.72203,25.10291],[121.7221,25.10297],[121.72238,25.10316],[121.72285,25.10348],[121.72295,25.10355],[121.72306,25.10367],[121.72313,25.10377],[121.72319,25.10389],[121.72343,25.10432],[121.72347,25.10438],[121.72352,25.10444],[121.7236,25.1045],[121.72392,25.10477],[121.72407,25.10492],[121.72416,25.10502],[121.72421,25.10508],[121.72437,25.10531],[121.72462,25.10572],[121.72465,25.10578],[121.72481,25.10612],[121.725,25.10655],[121.72519,25.10706],[121.72543,25.10759],[121.72557,25.10789],[121.7258,25.10845],[121.7262,25.10947],[121.72632,25.10975],[121.72636,25.10984],[121.72641,25.10992],[121.72669,25.11035],[121.72707,25.11097],[121.72712,25.11106],[121.72716,25.1112],[121.72718,25.1114],[121.72718,25.11165],[121.72719,25.11174],[121.72721,25.11183],[121.72727,25.11202],[121.72737,25.1123],[121.72743,25.11239],[121.72762,25.11265]]]}},{"type":"Feature","properties":{"name":"八斗街","base":"八斗街","section":null,"tier":"hard","length_m":890,"district":"中正區"},"geometry":{"type":"MultiLineString","coordinates":[[[121.79584,25.14351],[121.79644,25.1434],[121.79666,25.14333],[121.79724,25.14325],[121.79729,25.14324],[121.79738,25.14308],[121.7974,25.143],[121.7974,25.14289],[121.79738,25.14274],[121.79736,25.14265],[121.79731,25.14251],[121.7972,25.14217],[121.79713,25.14173],[121.79712,25.1415]],[[121.79644,25.1434],[121.79632,25.14348],[121.79611,25.14367],[121.79608,25.14373],[121.79604,25.14384],[121.79604,25.14411],[121.79604,25.14436],[121.79602,25.14446],[121.79579,25.14463],[121.79544,25.14488],[121.7952,25.14501],[121.79505,25.14503],[121.79483,25.14504],[121.79477,25.14499]],[[121.7964,25.14109],[121.79633,25.14079],[121.79605,25.13966],[121.79609,25.13958]],[[121.79712,25.1415],[121.79678,25.14134],[121.7966,25.14118],[121.7964,25.14109]]]}},{"type":"Feature","properties":{"name":"公園街","base":"公園街","section":null,"tier":"hard","length_m":135,"district":"仁愛區"},"geometry":{"type":"MultiLineString","coordinates":[[[121.73813,25.12989],[121.73812,25.12977],[121.73812,25.12955],[121.73813,25.12943],[121.73813,25.12934],[121.73815,25.12922],[121.73817,25.12908],[121.73818,25.12904],[121.73819,25.12901],[121.73822,25.12896],[121.73826,25.12891],[121.73831,25.12888],[121.73846,25.1288]]]}},{"type":"Feature","properties":{"name":"六合橋","base":"六合橋","section":null,"tier":"medium","length_m":264,"district":"七堵區","area":"六堵"},"geometry":{"type":"MultiLineString","coordinates":[[[121.70305,25.09502],[121.70318,25.09504],[121.70422,25.09507],[121.70427,25.09507],[121.70435,25.09508]],[[121.70434,25.09514],[121.70427,25.09514],[121.70317,25.0951],[121.70303,25.09507]]]}},{"type":"Feature","properties":{"name":"六和街（信義區2）","base":"六和街（信義區2）","section":null,"tier":"hard","length_m":985,"district":"信義區"},"geometry":{"type":"MultiLineString","coordinates":[[[121.76408,25.11864],[121.76404,25.11857],[121.76373,25.11832],[121.76357,25.11819],[121.76341,25.11804],[121.76335,25.11793],[121.76334,25.11784],[121.76334,25.11772],[121.76337,25.11763],[121.76345,25.11755],[121.76349,25.1175],[121.76357,25.11748],[121.7637,25.11744],[121.76392,25.11741],[121.76402,25.11738],[121.76408,25.11732],[121.7641,25.11724],[121.7641,25.11712],[121.7641,25.11704],[121.76409,25.11696],[121.76405,25.11686],[121.764,25.11678],[121.76387,25.11666],[121.76378,25.11653],[121.76372,25.11646],[121.76371,25.11637],[121.76369,25.11629],[121.76371,25.11616],[121.76375,25.11599],[121.76376,25.11592],[121.76377,25.11586],[121.76377,25.11579],[121.76367,25.11569],[121.76365,25.11567],[121.7636,25.11562],[121.76337,25.11547],[121.76293,25.11523],[121.76277,25.11514],[121.76268,25.11504],[121.76261,25.11492],[121.76251,25.11478],[121.76236,25.11462],[121.76218,25.11443],[121.76207,25.11432],[121.76198,25.11419],[121.76182,25.1139],[121.7617,25.1137],[121.76161,25.1135],[121.76146,25.11305],[121.76126,25.11264],[121.76117,25.11227],[121.76112,25.11186],[121.76104,25.11159],[121.76099,25.1115]]]}},{"type":"Feature","properties":{"name":"六和街（信義區）","base":"六和街（信義區）","section":null,"tier":"hard","length_m":437,"district":"信義區"},"geometry":{"type":"MultiLineString","coordinates":[[[121.75878,25.12787],[121.75875,25.12673],[121.75874,25.12623],[121.75871,25.12606],[121.75867,25.12585],[121.75823,25.12465],[121.75817,25.12449],[121.75804,25.12403]]]}},{"type":"Feature","properties":{"name":"劉銘傳路","base":"劉銘傳路","section":null,"tier":"hard","length_m":415,"district":"仁愛區"},"geometry":{"type":"MultiLineString","coordinates":[[[121.75053,25.1244],[121.75057,25.12484],[121.7506,25.12506],[121.75068,25.12572],[121.75071,25.12597],[121.75076,25.12633],[121.7508,25.12668],[121.75082,25.12689],[121.75086,25.12724],[121.75089,25.12759],[121.75092,25.12782],[121.75093,25.12794],[121.75094,25.12811]]]}},{"type":"Feature","properties":{"name":"北寧路","base":"北寧路","section":null,"tier":"easy","length_m":4188,"district":"中正區"},"geometry":{"type":"MultiLineString","coordinates":[[[121.782,25.14951],[121.78216,25.14941],[121.78225,25.14934],[121.78233,25.14927],[121.78239,25.14921],[121.78246,25.14915],[121.78253,25.14907],[121.78259,25.14898],[121.78265,25.14889],[121.7827,25.14881],[121.78275,25.1487],[121.78317,25.14795],[121.78324,25.14779],[121.78327,25.14772],[121.78332,25.14758],[121.78363,25.14618],[121.78367,25.14609],[121.78371,25.146],[121.78376,25.14593],[121.78381,25.14585],[121.78384,25.14579],[121.78389,25.14573],[121.78395,25.14568],[121.78402,25.14564],[121.78428,25.14547],[121.78492,25.14506],[121.78613,25.1443],[121.78631,25.14418],[121.78643,25.14411],[121.78657,25.14406],[121.78672,25.14401],[121.78727,25.14383],[121.78806,25.14359],[121.78825,25.14351]],[[121.78825,25.14351],[121.78847,25.14334],[121.78904,25.14289],[121.78912,25.14283],[121.78917,25.14279],[121.78961,25.14239],[121.78976,25.14231],[121.79,25.14217],[121.79056,25.14192],[121.79187,25.14134],[121.79218,25.1412],[121.79223,25.14116],[121.79227,25.14111],[121.79231,25.14104],[121.79242,25.14073],[121.79265,25.14003],[121.79266,25.14001],[121.79273,25.13989],[121.79283,25.13979],[121.79297,25.1397],[121.79311,25.13963],[121.79329,25.13959],[121.79355,25.13959],[121.79402,25.13967]],[[121.79567,25.13959],[121.79609,25.13958]],[[121.79609,25.13958],[121.79623,25.13958],[121.79633,25.13961],[121.79655,25.13971],[121.79668,25.1398],[121.79694,25.14003],[121.79697,25.14005],[121.797,25.14007],[121.79704,25.14008],[121.79709,25.14009],[121.79712,25.1401],[121.79718,25.1401],[121.79725,25.1401],[121.79732,25.14008],[121.79749,25.14002],[121.79756,25.14],[121.79769,25.13995],[121.79778,25.13994],[121.798,25.13994],[121.79834,25.13995],[121.79929,25.13995],[121.79942,25.13998],[121.79953,25.14002],[121.79978,25.14011]],[[121.80165,25.13991],[121.80175,25.13989],[121.8018,25.13986],[121.80186,25.13982],[121.80192,25.13978],[121.80193,25.13976],[121.80202,25.13964],[121.80217,25.1394],[121.80241,25.13897],[121.80252,25.13878],[121.80257,25.13866],[121.80259,25.13854],[121.80258,25.13848],[121.80256,25.13843],[121.80254,25.13839],[121.80209,25.13777],[121.80203,25.13767],[121.80199,25.13754],[121.8019,25.13716],[121.80186,25.13686],[121.80181,25.13659],[121.80181,25.13646],[121.80181,25.13636],[121.80183,25.13625],[121.80186,25.13617],[121.80192,25.13608],[121.80196,25.13602],[121.80206,25.13592]],[[121.80206,25.13592],[121.80229,25.13573],[121.80246,25.13563],[121.8026,25.13556],[121.80277,25.13547],[121.803,25.13538]],[[121.77248,25.15096],[121.77256,25.15097],[121.77296,25.15104],[121.77312,25.15106],[121.77327,25.15107],[121.7734,25.15107],[121.77355,25.15105],[121.77532,25.15088],[121.77546,25.15087],[121.77551,25.15087],[121.77558,25.15086],[121.77564,25.15087],[121.7757,25.15088],[121.77576,25.15089],[121.77582,25.15091],[121.77613,25.15103],[121.7762,25.15107],[121.7765,25.15123]],[[121.7765,25.15123],[121.77656,25.15125],[121.77662,25.15127],[121.77669,25.15129],[121.77686,25.15131],[121.77698,25.15131],[121.77736,25.15124],[121.77973,25.15056],[121.77988,25.15051],[121.78017,25.15042],[121.781,25.15006],[121.78136,25.1499]],[[121.78136,25.1499],[121.78149,25.14983],[121.78159,25.14978],[121.782,25.14951]],[[121.79453,25.13972],[121.79493,25.13972],[121.79513,25.13968],[121.79567,25.13959]],[[121.79402,25.13967],[121.79453,25.13972]],[[121.79978,25.14011],[121.79989,25.14016],[121.80002,25.1402],[121.8001,25.14023],[121.80027,25.14026],[121.80034,25.14026],[121.80043,25.14025],[121.80054,25.14024],[121.80137,25.14],[121.80165,25.13991]]]}},{"type":"Feature","properties":{"name":"北寧路154巷","base":"北寧路154巷","section":null,"tier":"hard","length_m":210,"lane":true,"district":"中正區"},"geometry":{"type":"MultiLineString","coordinates":[[[121.78136,25.1499],[121.78133,25.14984],[121.78131,25.14977],[121.78129,25.14975],[121.78127,25.14974],[121.78123,25.14974],[121.78089,25.14979],[121.78079,25.14981],[121.78055,25.14984],[121.78008,25.14986],[121.77976,25.14984],[121.77941,25.14976]]]}},{"type":"Feature","properties":{"name":"北寧路275巷","base":"北寧路275巷","section":null,"tier":"hard","length_m":207,"lane":true,"district":"中正區"},"geometry":{"type":"MultiLineString","coordinates":[[[121.79402,25.13967],[121.79381,25.13976],[121.79357,25.13983],[121.79342,25.13991],[121.79313,25.14009],[121.7928,25.14037],[121.79249,25.14075],[121.79242,25.14073]]]}},{"type":"Feature","properties":{"name":"北寧路369巷","base":"北寧路369巷","section":null,"tier":"hard","length_m":626,"lane":true,"district":"中正區"},"geometry":{"type":"MultiLineString","coordinates":[[[121.79989,25.14016],[121.79991,25.14028],[121.79992,25.14062],[121.79991,25.14074],[121.79994,25.14081],[121.80018,25.1408],[121.80032,25.14073],[121.80064,25.14074],[121.801,25.14082],[121.80117,25.14086],[121.80138,25.14103],[121.80148,25.14114],[121.80155,25.14126],[121.80164,25.14135],[121.80175,25.14148],[121.80188,25.1417],[121.80203,25.1421],[121.80211,25.14218],[121.80219,25.14222]],[[121.80219,25.14222],[121.8024,25.14243],[121.80257,25.14258],[121.80275,25.14278],[121.80291,25.14297],[121.80298,25.14311],[121.80301,25.14326],[121.80317,25.14409]]]}},{"type":"Feature","properties":{"name":"北寧路446巷","base":"北寧路446巷","section":null,"tier":"hard","length_m":98,"lane":true,"district":"中正區"},"geometry":{"type":"MultiLineString","coordinates":[[[121.79868,25.13926],[121.79841,25.13936],[121.79838,25.13938],[121.79836,25.1394],[121.79834,25.13943],[121.79834,25.13957],[121.79834,25.13967],[121.79834,25.13995]]]}},{"type":"Feature","properties":{"name":"十一號橋","base":"十一號橋","section":null,"tier":"easy","length_m":14,"district":"七堵區"},"geometry":{"type":"MultiLineString","coordinates":[[[121.70627,25.09907],[121.70616,25.099]]]}},{"type":"Feature","properties":{"name":"千祥橋","base":"千祥橋","section":null,"tier":"hard","length_m":140,"district":"七堵區"},"geometry":{"type":"MultiLineString","coordinates":[[[121.68404,25.08369],[121.68467,25.08257]]]}},{"type":"Feature","properties":{"name":"半山圓環","base":"半山圓環","section":null,"tier":"hard","length_m":56,"district":"信義區"},"geometry":{"type":"MultiLineString","coordinates":[[[121.74933,25.13234],[121.74931,25.13235],[121.7493,25.13238],[121.7493,25.13239],[121.7493,25.1324],[121.7493,25.13243],[121.74931,25.13245],[121.74935,25.13247],[121.74942,25.13247],[121.74943,25.13247],[121.74944,25.13247],[121.74944,25.13246],[121.74946,25.13244],[121.74947,25.13242],[121.74947,25.13239],[121.74946,25.13236],[121.74945,25.13235],[121.74942,25.13233],[121.74939,25.13232],[121.74936,25.13233],[121.74933,25.13234]]]}},{"type":"Feature","properties":{"name":"協和街","base":"協和街","section":null,"tier":"hard","length_m":962,"district":"中山區"},"geometry":{"type":"MultiLineString","coordinates":[[[121.73352,25.15457],[121.73353,25.1546],[121.73362,25.15485],[121.73375,25.15516],[121.73387,25.15564],[121.73394,25.15591],[121.73403,25.15617],[121.73409,25.1564],[121.7341,25.15645],[121.73415,25.15662],[121.73429,25.1571],[121.73431,25.15715],[121.73432,25.15735],[121.73422,25.15734],[121.73395,25.15728],[121.73368,25.15726],[121.73333,25.15724],[121.73296,25.15728],[121.73268,25.15738],[121.73213,25.15768],[121.73175,25.158]],[[121.73325,25.15833],[121.73344,25.1582],[121.73365,25.1581]],[[121.73325,25.15833],[121.73295,25.15857],[121.73302,25.15875],[121.733,25.15901],[121.73298,25.15918],[121.73279,25.15936],[121.73257,25.15967],[121.73235,25.16018],[121.73218,25.16026]],[[121.73218,25.16026],[121.73211,25.16031]],[[121.7334,25.15422],[121.73345,25.15436],[121.73352,25.15457]]]}},{"type":"Feature","properties":{"name":"南光街","base":"南光街","section":null,"tier":"hard","length_m":256,"district":"七堵區","area":"六堵"},"geometry":{"type":"MultiLineString","coordinates":[[[121.71048,25.09418],[121.71054,25.09418],[121.71168,25.09438],[121.71282,25.09466],[121.71296,25.09467]]]}},{"type":"Feature","properties":{"name":"南新街31巷","base":"南新街31巷","section":null,"tier":"hard","length_m":439,"lane":true,"district":"仁愛區"},"geometry":{"type":"MultiLineString","coordinates":[[[121.74496,25.12449],[121.74518,25.12482],[121.74543,25.12518],[121.74535,25.12524],[121.74516,25.12542],[121.74507,25.1256],[121.74502,25.12578],[121.74503,25.126],[121.74505,25.1261],[121.74508,25.12608]],[[121.7442,25.12397],[121.74434,25.12408],[121.74466,25.12428],[121.74496,25.12449]],[[121.74508,25.12608],[121.74513,25.12602],[121.74516,25.12594],[121.74521,25.12586],[121.74535,25.12578],[121.74555,25.12571],[121.74579,25.12568],[121.74605,25.12565],[121.7461,25.12567],[121.74612,25.12571],[121.74613,25.12576]]]}},{"type":"Feature","properties":{"name":"南新街（仁愛區2）","base":"南新街（仁愛區2）","section":null,"tier":"hard","length_m":336,"district":"仁愛區"},"geometry":{"type":"MultiLineString","coordinates":[[[121.74306,25.1217],[121.74311,25.12171],[121.74324,25.12182],[121.74327,25.12204],[121.74329,25.12231],[121.74331,25.12236],[121.74335,25.1224],[121.7436,25.12257],[121.74367,25.12264],[121.74383,25.12279],[121.74403,25.12296],[121.74424,25.1231],[121.74437,25.12321],[121.74444,25.12345],[121.74441,25.1236],[121.74424,25.12363],[121.74415,25.12367],[121.7441,25.12378],[121.74413,25.12389],[121.7442,25.12397]]]}},{"type":"Feature","properties":{"name":"南新街（仁愛區）","base":"南新街（仁愛區）","section":null,"tier":"hard","length_m":374,"district":"仁愛區"},"geometry":{"type":"MultiLineString","coordinates":[[[121.74656,25.12776],[121.74662,25.12615],[121.74643,25.12616],[121.7461,25.12615],[121.74598,25.12614],[121.7459,25.12615],[121.74587,25.12619],[121.74583,25.12628],[121.74582,25.12633],[121.74576,25.12634],[121.74572,25.12627],[121.7457,25.12615],[121.74569,25.12601],[121.74571,25.12593],[121.74576,25.12588],[121.74587,25.12584],[121.74601,25.12582],[121.74607,25.1258],[121.74613,25.12576]]]}},{"type":"Feature","properties":{"name":"南榮路","base":"南榮路","section":null,"tier":"easy","length_m":3688,"district":"仁愛區"},"geometry":{"type":"MultiLineString","coordinates":[[[121.74169,25.11405],[121.74213,25.11436],[121.74249,25.11467],[121.74279,25.11493],[121.74306,25.11523]],[[121.73922,25.11208],[121.73975,25.11258],[121.73985,25.11266],[121.74001,25.1128],[121.74027,25.11303]],[[121.7402,25.11311],[121.74011,25.11304],[121.74,25.11297],[121.73988,25.11291],[121.73971,25.1128],[121.7396,25.11273],[121.73931,25.11252],[121.73896,25.11226]],[[121.7417,25.12694],[121.74171,25.12694],[121.74177,25.12688],[121.742,25.12675],[121.74214,25.12666],[121.74226,25.12656],[121.74236,25.12647],[121.74244,25.12636],[121.74248,25.1263],[121.74257,25.12613],[121.74265,25.12595],[121.74274,25.12571],[121.74283,25.1254],[121.74283,25.12528],[121.74282,25.12518],[121.74279,25.12496],[121.74276,25.12477],[121.74276,25.12454],[121.74285,25.12372],[121.74292,25.12315],[121.74306,25.1217],[121.74318,25.12066],[121.74328,25.12006],[121.74338,25.11955],[121.74339,25.11949],[121.74368,25.11801],[121.74374,25.1176],[121.74373,25.11754],[121.74373,25.11747],[121.7437,25.11739],[121.74366,25.11729],[121.74359,25.11716]],[[121.74379,25.11719],[121.74382,25.11735],[121.74384,25.1175],[121.74383,25.1176],[121.7438,25.11779],[121.74375,25.11804],[121.74345,25.11957],[121.74338,25.11992],[121.74331,25.12034],[121.74327,25.12051],[121.74325,25.12067],[121.7432,25.12104],[121.74317,25.12124],[121.74311,25.12171],[121.74304,25.12253],[121.74301,25.12284],[121.74299,25.12316],[121.74295,25.12351],[121.74293,25.12373],[121.74288,25.12423],[121.74285,25.12448],[121.74284,25.12464],[121.74284,25.12479],[121.74287,25.12495],[121.7429,25.1252],[121.7429,25.12529],[121.74288,25.12546],[121.74283,25.12565],[121.7428,25.12574],[121.74271,25.12598],[121.74267,25.12607],[121.74263,25.12617],[121.74253,25.12636],[121.74249,25.12643],[121.74243,25.1265],[121.74235,25.12658],[121.74221,25.1267],[121.74204,25.12683],[121.74182,25.12695],[121.74177,25.12695],[121.7417,25.12694]],[[121.74317,25.11567],[121.74306,25.11545],[121.74296,25.11526],[121.74285,25.11512],[121.74272,25.11499],[121.74243,25.11472],[121.74208,25.11443],[121.74165,25.11411],[121.74128,25.11383],[121.74074,25.11346],[121.74024,25.11315],[121.7402,25.11311]],[[121.74359,25.11716],[121.74352,25.11699],[121.74348,25.11685],[121.7434,25.11639],[121.74331,25.11604],[121.74317,25.11567]],[[121.74324,25.11555],[121.74328,25.11565],[121.7434,25.116],[121.74351,25.11635]],[[121.74306,25.11523],[121.74319,25.11544],[121.74324,25.11555]],[[121.74027,25.11303],[121.7403,25.11306],[121.74077,25.11337],[121.74094,25.1135],[121.74105,25.11357],[121.74134,25.11377],[121.74169,25.11405]]]}},{"type":"Feature","properties":{"name":"南榮路200巷","base":"南榮路200巷","section":null,"tier":"hard","length_m":332,"lane":true,"district":"仁愛區"},"geometry":{"type":"MultiLineString","coordinates":[[[121.74,25.11297],[121.73979,25.1132],[121.73964,25.11326],[121.73953,25.11332],[121.7394,25.11344],[121.73925,25.1135],[121.73922,25.11354],[121.73923,25.11371],[121.73918,25.11379],[121.73909,25.11388],[121.73897,25.11393],[121.73878,25.11396],[121.7385,25.11404],[121.73828,25.11413],[121.73801,25.11424],[121.73786,25.11423],[121.73777,25.11414],[121.73768,25.11408],[121.73739,25.11413]]]}},{"type":"Feature","properties":{"name":"南榮路509巷","base":"南榮路509巷","section":null,"tier":"hard","length_m":464,"lane":true,"district":"仁愛區"},"geometry":{"type":"MultiLineString","coordinates":[[[121.74074,25.11207],[121.7405,25.11229],[121.74046,25.11237],[121.74046,25.11243],[121.74048,25.11249],[121.74052,25.11253],[121.74058,25.11256],[121.74062,25.11256],[121.74083,25.11259],[121.74089,25.11262],[121.74092,25.11265],[121.74094,25.11268],[121.74094,25.11274],[121.74094,25.11277],[121.74093,25.11281],[121.74089,25.11283],[121.74085,25.11285],[121.74081,25.11287],[121.74076,25.11287],[121.74059,25.11287],[121.74056,25.11286],[121.74054,25.11287],[121.74047,25.11292],[121.74037,25.113],[121.7403,25.11306],[121.74024,25.11315]],[[121.74074,25.11207],[121.7411,25.11237],[121.74124,25.11244],[121.74143,25.11249],[121.74199,25.11258],[121.7421,25.11258],[121.74268,25.11247],[121.74307,25.11243]]]}},{"type":"Feature","properties":{"name":"南興路","base":"南興路","section":null,"tier":"hard","length_m":519,"district":"七堵區"},"geometry":{"type":"MultiLineString","coordinates":[[[121.71072,25.09592],[121.71169,25.09626],[121.71275,25.09667]],[[121.71275,25.09667],[121.71345,25.09693],[121.7145,25.09734],[121.7154,25.09771]],[[121.71065,25.09592],[121.71072,25.09592]]]}},{"type":"Feature","properties":{"name":"南興路63巷","base":"南興路63巷","section":null,"tier":"hard","length_m":84,"lane":true,"district":"七堵區"},"geometry":{"type":"MultiLineString","coordinates":[[[121.71345,25.09693],[121.71357,25.09664],[121.7136,25.09658],[121.71376,25.09623]]]}},{"type":"Feature","properties":{"name":"南興路63巷8弄","base":"南興路63巷8弄","section":null,"tier":"hard","length_m":64,"lane":true,"district":"七堵區"},"geometry":{"type":"MultiLineString","coordinates":[[[121.7136,25.09658],[121.71419,25.0968]]]}},{"type":"Feature","properties":{"name":"友愛橋","base":"友愛橋","section":null,"tier":"hard","length_m":14,"district":"七堵區"},"geometry":{"type":"MultiLineString","coordinates":[[[121.66585,25.09637],[121.66598,25.09632]]]}},{"type":"Feature","properties":{"name":"友新橋","base":"友新橋","section":null,"tier":"hard","length_m":44,"district":"七堵區"},"geometry":{"type":"MultiLineString","coordinates":[[[121.66622,25.10826],[121.66579,25.10817]],[[121.66622,25.10826],[121.66622,25.10826]]]}},{"type":"Feature","properties":{"name":"友益橋","base":"友益橋","section":null,"tier":"hard","length_m":29,"district":"七堵區"},"geometry":{"type":"MultiLineString","coordinates":[[[121.6663,25.0995],[121.66635,25.09976]]]}},{"type":"Feature","properties":{"name":"友諒橋","base":"友諒橋","section":null,"tier":"hard","length_m":19,"district":"七堵區"},"geometry":{"type":"MultiLineString","coordinates":[[[121.66927,25.09394],[121.66912,25.09383]]]}},{"type":"Feature","properties":{"name":"友諒產業道路","base":"友諒產業道路","section":null,"tier":"hard","length_m":1542,"district":"七堵區"},"geometry":{"type":"MultiLineString","coordinates":[[[121.66938,25.09404],[121.66948,25.09386],[121.66983,25.0933],[121.66994,25.09312],[121.67003,25.09298],[121.67015,25.09268],[121.67067,25.09187],[121.67072,25.09175],[121.67074,25.09167],[121.67067,25.09153],[121.67057,25.09143],[121.67032,25.09113],[121.67022,25.09097],[121.67006,25.09069],[121.66981,25.09033],[121.66968,25.0901],[121.66956,25.08994],[121.66939,25.08971],[121.66929,25.08958],[121.66923,25.08943],[121.6692,25.08927],[121.66923,25.08905],[121.66929,25.08885],[121.66953,25.08862],[121.66972,25.08846],[121.66999,25.08831],[121.67023,25.0882],[121.67047,25.08808],[121.6708,25.08794],[121.67118,25.08779],[121.67137,25.08771],[121.67149,25.08763],[121.67167,25.0875],[121.67211,25.08727],[121.67242,25.08708],[121.67263,25.08692],[121.67281,25.08671],[121.67295,25.08646],[121.67306,25.08635],[121.6732,25.08629]],[[121.6732,25.08629],[121.67344,25.08627],[121.67379,25.08627],[121.67397,25.08628],[121.67429,25.08633],[121.67454,25.08639],[121.67467,25.0865],[121.67479,25.08662],[121.67495,25.08672],[121.67507,25.08676],[121.67525,25.08678],[121.67541,25.08682],[121.67547,25.08689],[121.67554,25.08692],[121.67565,25.08691],[121.67581,25.08683],[121.67597,25.08675],[121.67617,25.0867],[121.67658,25.08674],[121.6768,25.08676]]]}},{"type":"Feature","properties":{"name":"吉羊橋","base":"吉羊橋","section":null,"tier":"hard","length_m":50,"district":"仁愛區"},"geometry":{"type":"MultiLineString","coordinates":[[[121.74769,25.12844],[121.7477,25.12849],[121.74772,25.12855],[121.7478,25.12879],[121.74783,25.12887]]]}},{"type":"Feature","properties":{"name":"和一路","base":"和一路","section":null,"tier":"hard","length_m":635,"district":"中正區"},"geometry":{"type":"MultiLineString","coordinates":[[[121.76465,25.15499],[121.76539,25.15497],[121.76562,25.15497],[121.76616,25.15495],[121.76632,25.15495]],[[121.76632,25.15495],[121.76676,25.15493],[121.76731,25.15491],[121.76769,25.1549],[121.76783,25.15489]],[[121.76783,25.15489],[121.76793,25.15488],[121.76808,25.15482],[121.76827,25.1547],[121.76857,25.1545],[121.76865,25.15441],[121.76867,25.15438],[121.7687,25.15433]],[[121.76827,25.1547],[121.7681,25.15448],[121.76806,25.15435],[121.76815,25.15419]],[[121.76327,25.15503],[121.76411,25.155],[121.76419,25.155],[121.76465,25.15499]]]}},{"type":"Feature","properties":{"name":"和一路2巷","base":"和一路2巷","section":null,"tier":"hard","length_m":821,"lane":true,"district":"中正區"},"geometry":{"type":"MultiLineString","coordinates":[[[121.7687,25.15433],[121.76877,25.15439],[121.76886,25.15447],[121.77001,25.15562],[121.7701,25.1557],[121.77015,25.15578],[121.77045,25.15614],[121.77065,25.15633],[121.77084,25.15649],[121.77113,25.15664],[121.77163,25.15683]],[[121.77163,25.15683],[121.77248,25.15714],[121.77268,25.15722],[121.77274,25.15726],[121.77278,25.15731],[121.77297,25.15756],[121.77302,25.15762],[121.77314,25.15772],[121.7733,25.15779],[121.77513,25.15859]]]}},{"type":"Feature","properties":{"name":"和一路41巷4弄","base":"和一路41巷4弄","section":null,"tier":"hard","length_m":62,"lane":true,"district":"中正區"},"geometry":{"type":"MultiLineString","coordinates":[[[121.76791,25.15452],[121.76729,25.15453]]]}},{"type":"Feature","properties":{"name":"和二路","base":"和二路","section":null,"tier":"hard","length_m":156,"district":"中正區"},"geometry":{"type":"MultiLineString","coordinates":[[[121.76329,25.15603],[121.76401,25.15602]],[[121.76472,25.15641],[121.76401,25.15602]]]}},{"type":"Feature","properties":{"name":"和平島污水處理廠聯外道路","base":"和平島污水處理廠聯外道路","section":null,"tier":"medium","length_m":23,"district":"中正區"},"geometry":{"type":"MultiLineString","coordinates":[[[121.77277,25.15703],[121.77274,25.1571],[121.77268,25.15722]]]}},{"type":"Feature","properties":{"name":"和平島聯外道路","base":"和平島聯外道路","section":null,"tier":"medium","length_m":515,"district":"中正區"},"geometry":{"type":"MultiLineString","coordinates":[[[121.77532,25.15088],[121.77533,25.151],[121.77533,25.15103],[121.77529,25.15114],[121.77445,25.15281],[121.77406,25.15363],[121.77369,25.1544],[121.7736,25.15459],[121.77352,25.15475],[121.77337,25.15514]]]}},{"type":"Feature","properties":{"name":"和平街","base":"和平街","section":null,"tier":"hard","length_m":542,"district":"中正區"},"geometry":{"type":"MultiLineString","coordinates":[[[121.76808,25.15482],[121.7681,25.1549],[121.76816,25.1551],[121.76822,25.1553],[121.76841,25.15566],[121.76846,25.15574],[121.76854,25.1559],[121.76868,25.15618],[121.76898,25.15656],[121.76905,25.15665],[121.76923,25.15687],[121.76923,25.15699],[121.76901,25.15725],[121.76874,25.15758],[121.76862,25.1576],[121.76844,25.15764],[121.76811,25.15782],[121.76788,25.1577],[121.76748,25.15762],[121.767,25.15747]]]}},{"type":"Feature","properties":{"name":"和平街29巷51弄","base":"和平街29巷51弄","section":null,"tier":"hard","length_m":159,"lane":true,"district":"中正區"},"geometry":{"type":"MultiLineString","coordinates":[[[121.76852,25.15752],[121.76839,25.15753],[121.76821,25.15758],[121.76812,25.15755],[121.76806,25.15751],[121.76795,25.15729],[121.76774,25.15719],[121.76766,25.15711],[121.76768,25.15686],[121.76787,25.15688]]]}},{"type":"Feature","properties":{"name":"和平隧道","base":"和平隧道","section":null,"tier":"easy","length_m":199,"district":"中山區"},"geometry":{"type":"MultiLineString","coordinates":[[[121.72219,25.14611],[121.72308,25.14771]]]}},{"type":"Feature","properties":{"name":"和豐街","base":"和豐街","section":null,"tier":"hard","length_m":844,"district":"中正區"},"geometry":{"type":"MultiLineString","coordinates":[[[121.79596,25.13594],[121.79589,25.13595],[121.79516,25.13629],[121.79513,25.13632],[121.7951,25.13637],[121.79495,25.13654],[121.79489,25.13659],[121.79484,25.13662],[121.79476,25.13666],[121.79467,25.13668],[121.79405,25.13675],[121.79394,25.13674],[121.79384,25.13673],[121.79376,25.13671],[121.79368,25.13668],[121.7936,25.13663],[121.79355,25.13658],[121.79343,25.13648],[121.79332,25.13639],[121.79326,25.13636],[121.79319,25.13633],[121.79313,25.13632],[121.79306,25.13632],[121.79296,25.13633],[121.79286,25.13637],[121.79277,25.13643],[121.79271,25.13647],[121.79267,25.13651],[121.79261,25.13655],[121.79255,25.13661],[121.79251,25.13667],[121.79246,25.13688],[121.7924,25.137],[121.79236,25.13706],[121.79229,25.13714],[121.79175,25.13762],[121.79152,25.13784],[121.79143,25.13792],[121.79135,25.13798],[121.79118,25.13804],[121.79108,25.13806],[121.79099,25.13808],[121.7909,25.13809],[121.79084,25.13808],[121.78927,25.13785],[121.78908,25.13781]],[[121.79602,25.13592],[121.79596,25.13594]],[[121.7961,25.1359],[121.79602,25.13592]]]}},{"type":"Feature","properties":{"name":"喜豬橋","base":"喜豬橋","section":null,"tier":"medium","length_m":127,"district":"中正區"},"geometry":{"type":"MultiLineString","coordinates":[[[121.74332,25.13134],[121.74323,25.13129],[121.74306,25.13104]],[[121.74332,25.13134],[121.74329,25.13126],[121.74313,25.13101]],[[121.74319,25.13097],[121.74337,25.13121],[121.7434,25.13126],[121.74342,25.13129]]]}},{"type":"Feature","properties":{"name":"國安路","base":"國安路","section":null,"tier":"medium","length_m":1015,"district":"七堵區"},"geometry":{"type":"MultiLineString","coordinates":[[[121.72933,25.11357],[121.72931,25.11343],[121.72927,25.11321],[121.72921,25.11303],[121.72908,25.11275],[121.72903,25.11264],[121.72895,25.11256],[121.72873,25.11235],[121.72856,25.11216],[121.72846,25.11202],[121.72844,25.11191],[121.72846,25.11176],[121.72853,25.11164],[121.72866,25.11157],[121.72883,25.11153],[121.72901,25.11155],[121.72919,25.11161],[121.7297,25.11182],[121.7303,25.11203],[121.73054,25.11208],[121.73086,25.11212],[121.73126,25.11215],[121.73341,25.11205],[121.7339,25.11203],[121.73403,25.11201],[121.73414,25.11199],[121.73423,25.11197],[121.73432,25.11195],[121.73441,25.11192],[121.7345,25.11188],[121.73456,25.11185],[121.73471,25.11174],[121.73484,25.11163],[121.73491,25.11156],[121.73494,25.11151]],[[121.73531,25.11084],[121.73532,25.11075]],[[121.73512,25.11125],[121.73526,25.11101],[121.73531,25.11084]],[[121.72933,25.11357],[121.72945,25.11385]]]}},{"type":"Feature","properties":{"name":"國安路30巷","base":"國安路30巷","section":null,"tier":"hard","length_m":402,"lane":true,"district":"暖暖區"},"geometry":{"type":"MultiLineString","coordinates":[[[121.7345,25.11188],[121.73463,25.11198],[121.7347,25.11205],[121.73604,25.11275],[121.7361,25.11274],[121.73622,25.11261],[121.73622,25.11254],[121.73486,25.11184],[121.7348,25.11185],[121.73463,25.11198]]]}},{"type":"Feature","properties":{"name":"培德路","base":"培德路","section":null,"tier":"hard","length_m":2948,"district":"信義區"},"geometry":{"type":"MultiLineString","coordinates":[[[121.76853,25.128],[121.76826,25.12793],[121.7678,25.12779]],[[121.7728,25.12908],[121.77293,25.12915],[121.77302,25.1292],[121.77322,25.12927],[121.77338,25.12927],[121.77358,25.12924],[121.77385,25.12919],[121.77402,25.12905],[121.77407,25.12898],[121.7741,25.12889],[121.77407,25.12873],[121.77399,25.12857],[121.77397,25.12847],[121.77398,25.12836],[121.77406,25.12824],[121.77414,25.12816],[121.77423,25.12808],[121.77434,25.12804],[121.77449,25.12803],[121.77457,25.12806],[121.77463,25.12811],[121.77467,25.12816],[121.77467,25.12824],[121.77463,25.12831],[121.7746,25.1284],[121.7746,25.12847],[121.7746,25.12856],[121.77464,25.1288],[121.77466,25.12905],[121.77467,25.12916],[121.77464,25.12927],[121.77459,25.12937],[121.77455,25.12945],[121.77446,25.12951],[121.77432,25.1296],[121.77421,25.12969],[121.77411,25.12984],[121.77384,25.13029],[121.77371,25.13047],[121.77352,25.13077],[121.77343,25.13088],[121.77343,25.13097],[121.77347,25.13108],[121.7735,25.13118]],[[121.77467,25.12824],[121.77477,25.12824],[121.77496,25.12817]],[[121.77496,25.12817],[121.77523,25.12808]],[[121.77523,25.12808],[121.7753,25.12804],[121.77533,25.12799],[121.77535,25.12789],[121.77536,25.12779],[121.77535,25.12774],[121.77532,25.1277],[121.77525,25.12764],[121.77517,25.12758],[121.77511,25.1275],[121.7751,25.12743],[121.77512,25.12733],[121.77519,25.12724],[121.77529,25.12719],[121.77549,25.12705],[121.7756,25.12695],[121.77565,25.1269],[121.77569,25.12683],[121.7757,25.12677],[121.7757,25.12672],[121.7757,25.12667],[121.77566,25.12661],[121.77561,25.12655],[121.77557,25.12648],[121.77556,25.12641],[121.77555,25.12631],[121.77554,25.12623],[121.77551,25.1261],[121.77542,25.12598],[121.7753,25.12589],[121.77511,25.12577],[121.77506,25.12574],[121.77505,25.12569],[121.77505,25.12562],[121.77509,25.12559],[121.77512,25.12557],[121.77523,25.12553],[121.77538,25.12551],[121.77563,25.12548],[121.77576,25.12549],[121.77582,25.12549],[121.77589,25.12547],[121.77594,25.12543],[121.77596,25.1254],[121.77588,25.12533],[121.77581,25.12526],[121.77572,25.12519],[121.77545,25.12476],[121.77528,25.12445],[121.77491,25.12338],[121.77485,25.12326],[121.7748,25.12315],[121.77472,25.12298],[121.77452,25.12252],[121.7745,25.12239],[121.77454,25.12233],[121.77462,25.12227],[121.77489,25.12214],[121.77509,25.12207],[121.77535,25.12202],[121.77542,25.12201],[121.77555,25.12201],[121.77573,25.12206]],[[121.7728,25.12908],[121.7727,25.12916],[121.77234,25.12933],[121.77228,25.12935],[121.7722,25.12937],[121.77212,25.12937],[121.77203,25.12937],[121.77097,25.1293],[121.77083,25.12928],[121.77074,25.12923],[121.77065,25.12915],[121.77055,25.12905],[121.77042,25.12894],[121.77037,25.12891],[121.7703,25.12889],[121.77001,25.12889],[121.76991,25.12888],[121.76984,25.12886],[121.76977,25.12882],[121.76956,25.12866],[121.76942,25.12857],[121.76919,25.12836],[121.76853,25.128]],[[121.7735,25.13118],[121.77352,25.13126],[121.77352,25.13136],[121.77352,25.13155],[121.77351,25.13174],[121.77345,25.1319],[121.77343,25.13195],[121.77338,25.13202],[121.77332,25.13208],[121.77326,25.13214],[121.77321,25.13217],[121.77313,25.13222],[121.77306,25.13227],[121.77298,25.13233],[121.77291,25.1324],[121.77287,25.13247],[121.77284,25.13254],[121.77284,25.1326],[121.77285,25.13266],[121.77288,25.13272],[121.77292,25.13277],[121.77295,25.13279],[121.773,25.13282],[121.77304,25.13284],[121.77308,25.13286],[121.77313,25.13288],[121.77318,25.13291],[121.7732,25.13293],[121.77323,25.13296],[121.77325,25.13299],[121.77328,25.13311],[121.77328,25.13325],[121.7732,25.13347],[121.77315,25.13357],[121.77311,25.13368],[121.7731,25.13379],[121.77308,25.13391],[121.77307,25.13401],[121.77305,25.13409],[121.77305,25.13419],[121.77305,25.13424],[121.77303,25.13429],[121.773,25.13435],[121.77295,25.1344],[121.77286,25.13449],[121.77264,25.13464],[121.77261,25.13466],[121.77256,25.13469],[121.77219,25.13499],[121.77216,25.13502],[121.77213,25.13506],[121.77212,25.13509],[121.7721,25.13512],[121.77204,25.13535],[121.77203,25.13538],[121.77201,25.1354],[121.77199,25.13542],[121.77169,25.13565],[121.77153,25.13576],[121.7715,25.13577],[121.77146,25.13579],[121.77142,25.1358],[121.77138,25.13581],[121.77131,25.13582],[121.77117,25.13582],[121.77102,25.1358],[121.77087,25.13576]]]}},{"type":"Feature","properties":{"name":"基平隧道","base":"基平隧道","section":null,"tier":"easy","length_m":2608,"district":"暖暖區"},"geometry":{"type":"MultiLineString","coordinates":[[[121.75823,25.07438],[121.7669,25.06231],[121.77107,25.05648],[121.77129,25.05618],[121.77149,25.05586],[121.77169,25.05549],[121.77187,25.05512],[121.772,25.05478],[121.77207,25.05459]]]}},{"type":"Feature","properties":{"name":"基福公路","base":"基福公路","section":null,"tier":"easy","length_m":393,"district":"暖暖區"},"geometry":{"type":"MultiLineString","coordinates":[[[121.75606,25.07652],[121.75605,25.07656],[121.75602,25.07662],[121.75596,25.0767],[121.75581,25.07681],[121.75564,25.07686],[121.75555,25.07689]],[[121.75823,25.07438],[121.75803,25.07469],[121.75792,25.07488],[121.75787,25.07501],[121.75784,25.07526]],[[121.75815,25.07606],[121.75814,25.0762],[121.75812,25.07629],[121.75801,25.07642],[121.75787,25.07651],[121.7577,25.07655],[121.75753,25.07653],[121.75738,25.07647],[121.75725,25.07633]],[[121.757,25.07572],[121.75691,25.07563],[121.7568,25.07555],[121.75668,25.07551],[121.75656,25.0755],[121.75639,25.07554],[121.75628,25.07559]]]}},{"type":"Feature","properties":{"name":"基金一路","base":"基金一路","section":null,"tier":"easy","length_m":4938,"district":"安樂區"},"geometry":{"type":"MultiLineString","coordinates":[[[121.70361,25.14197],[121.70369,25.14194],[121.70382,25.14192],[121.704,25.14189],[121.70436,25.14183],[121.70498,25.14173],[121.70541,25.14167],[121.70557,25.14168],[121.70565,25.14168],[121.70586,25.14172],[121.7065,25.14184],[121.70674,25.14187],[121.70694,25.14187],[121.70718,25.14181],[121.70754,25.14178],[121.7077,25.14178],[121.70784,25.14179],[121.7079,25.1418],[121.708,25.14182],[121.70858,25.14203],[121.70891,25.14211],[121.70907,25.14214],[121.70926,25.14214],[121.70935,25.14212],[121.70945,25.14208],[121.70954,25.14204],[121.70963,25.14198],[121.7097,25.14194],[121.70986,25.14179],[121.71022,25.14145],[121.71101,25.14066],[121.71108,25.14062],[121.71114,25.14058],[121.71126,25.14052],[121.71159,25.14039],[121.71202,25.14024],[121.71265,25.14006],[121.71282,25.14003],[121.71293,25.14003],[121.71304,25.14004],[121.71314,25.14006],[121.71332,25.14014]],[[121.72167,25.13566],[121.72159,25.1357],[121.72154,25.13573],[121.72149,25.13575],[121.72143,25.13578],[121.72093,25.13592],[121.72053,25.13603],[121.72042,25.13612],[121.72031,25.13623],[121.71992,25.13688],[121.7198,25.13719],[121.71975,25.13726],[121.71973,25.13729],[121.71967,25.13734],[121.71911,25.13766],[121.71903,25.13771],[121.71894,25.13781],[121.71888,25.13793],[121.71878,25.13845],[121.7187,25.13857],[121.71856,25.13869],[121.71854,25.1387],[121.71847,25.13872],[121.71822,25.13878],[121.71803,25.13881],[121.71791,25.13883]],[[121.71436,25.14005],[121.71408,25.14023],[121.71395,25.14028],[121.71382,25.1403],[121.7137,25.14031],[121.7136,25.1403],[121.71349,25.14028],[121.71311,25.14016],[121.71302,25.14013],[121.71293,25.14012],[121.71283,25.14012],[121.71266,25.14014],[121.71233,25.14024],[121.71194,25.14036],[121.71163,25.14047],[121.71149,25.14052],[121.7112,25.14065],[121.71113,25.14069],[121.71107,25.14074],[121.70994,25.14183],[121.70985,25.14191],[121.70977,25.14198],[121.70968,25.14204],[121.70959,25.14209],[121.70948,25.14215],[121.70936,25.14219],[121.70927,25.14222],[121.70906,25.14222],[121.70888,25.14219],[121.70855,25.1421],[121.70793,25.14189],[121.70777,25.14186],[121.70757,25.14187],[121.70719,25.14191],[121.70699,25.14195],[121.70676,25.14196],[121.70648,25.14193],[121.7061,25.14186],[121.70584,25.14181],[121.70554,25.14175],[121.70541,25.14175],[121.70498,25.1418],[121.70438,25.1419],[121.70433,25.14191],[121.7038,25.14201],[121.70366,25.14208]],[[121.71496,25.13973],[121.71524,25.13968],[121.71532,25.13966]],[[121.71332,25.14014],[121.71363,25.14023],[121.71371,25.14024],[121.71392,25.14021],[121.71414,25.14009],[121.71433,25.13997],[121.71444,25.1399],[121.71472,25.1398],[121.71496,25.13973]],[[121.72229,25.13573],[121.72221,25.13567],[121.72215,25.13564],[121.7221,25.13562],[121.72203,25.13561],[121.72197,25.1356],[121.72189,25.13561],[121.72172,25.13565]],[[121.72229,25.13573],[121.72235,25.13579],[121.7224,25.13585],[121.72247,25.13594],[121.72263,25.13624],[121.72271,25.13634],[121.7228,25.1364],[121.72291,25.13646],[121.72311,25.13648],[121.72327,25.13646],[121.72338,25.13642],[121.72346,25.13638],[121.72356,25.1363],[121.72399,25.13589],[121.72424,25.13572]],[[121.71532,25.13966],[121.71547,25.13962],[121.71551,25.13961],[121.7156,25.13956],[121.71611,25.13929],[121.71626,25.13923],[121.71642,25.13916],[121.71736,25.13885],[121.71773,25.13876],[121.7179,25.13874],[121.71801,25.13872],[121.7182,25.13869],[121.71844,25.13863],[121.71851,25.13861],[121.71862,25.13852],[121.71868,25.13842],[121.71878,25.1379],[121.71885,25.13776],[121.71896,25.13764],[121.71906,25.13758],[121.71961,25.13726],[121.71965,25.13723],[121.71967,25.1372],[121.71971,25.13715],[121.71983,25.13684],[121.72022,25.13618],[121.72035,25.13605],[121.72048,25.13595],[121.7209,25.13583],[121.72129,25.13573]],[[121.72424,25.13572],[121.72463,25.13544],[121.72502,25.13516],[121.72539,25.1348],[121.72543,25.13476],[121.72549,25.13468],[121.72553,25.13461],[121.72557,25.13452],[121.72559,25.13445],[121.7256,25.13441],[121.72564,25.13409],[121.72565,25.13403],[121.72568,25.13394],[121.72572,25.13388]],[[121.71791,25.13883],[121.71772,25.13886],[121.71739,25.13894],[121.71645,25.13925],[121.71632,25.13931],[121.71616,25.13937],[121.71569,25.13963],[121.71565,25.13965],[121.71557,25.13969],[121.71552,25.13971]],[[121.71552,25.13971],[121.71535,25.13976],[121.71527,25.13978]],[[121.71527,25.13978],[121.71502,25.13983],[121.71496,25.13984]],[[121.71496,25.13984],[121.71469,25.13991],[121.71436,25.14005]],[[121.72172,25.13565],[121.72167,25.13566]],[[121.72129,25.13573],[121.72136,25.1357],[121.72141,25.13568],[121.72146,25.13565],[121.72159,25.13555],[121.72166,25.13553],[121.72174,25.13553],[121.72184,25.13554],[121.72199,25.13555],[121.72204,25.13555],[121.72209,25.13556],[121.72214,25.13558],[121.72219,25.13561],[121.72229,25.13573]]]}},{"type":"Feature","properties":{"name":"基金一路112巷","base":"基金一路112巷","section":null,"tier":"hard","length_m":440,"lane":true,"district":"安樂區"},"geometry":{"type":"MultiLineString","coordinates":[[[121.71371,25.14024],[121.7137,25.14031],[121.71369,25.14038],[121.71373,25.14054],[121.71379,25.1406],[121.71386,25.14064],[121.71397,25.14068],[121.71418,25.14067],[121.71435,25.14065],[121.71439,25.14068],[121.71441,25.14072],[121.71441,25.14076],[121.71439,25.1408],[121.71435,25.14082],[121.71395,25.14088],[121.71389,25.1409],[121.71384,25.14094],[121.71382,25.14098],[121.71382,25.14102],[121.71385,25.14114],[121.71389,25.14117],[121.71395,25.14119],[121.714,25.14119],[121.71478,25.14106]],[[121.71501,25.1423],[121.71492,25.14161],[121.71489,25.14134]],[[121.71478,25.14106],[121.71489,25.14134]]]}},{"type":"Feature","properties":{"name":"基金一路112巷110弄","base":"基金一路112巷110弄","section":null,"tier":"hard","length_m":396,"lane":true,"district":"安樂區"},"geometry":{"type":"MultiLineString","coordinates":[[[121.71532,25.13996],[121.7152,25.14011],[121.71517,25.14012],[121.71514,25.14012],[121.71506,25.14009],[121.71501,25.14008],[121.71497,25.14009],[121.71493,25.1401],[121.71491,25.14012],[121.71489,25.14016],[121.71488,25.14021],[121.71489,25.14027],[121.71491,25.14033],[121.71496,25.14039],[121.71504,25.14045],[121.71562,25.14081],[121.71574,25.14089],[121.71603,25.14144],[121.71607,25.14154],[121.7161,25.14167],[121.71607,25.14176],[121.71601,25.1418],[121.7159,25.14182],[121.71564,25.1418],[121.71558,25.14182],[121.71555,25.14187],[121.71554,25.14213],[121.71553,25.14234]]]}},{"type":"Feature","properties":{"name":"基金一路112巷116弄","base":"基金一路112巷116弄","section":null,"tier":"hard","length_m":41,"lane":true,"district":"安樂區"},"geometry":{"type":"MultiLineString","coordinates":[[[121.71489,25.14134],[121.71529,25.14127]]]}},{"type":"Feature","properties":{"name":"基金一路112巷91弄","base":"基金一路112巷91弄","section":null,"tier":"hard","length_m":77,"lane":true,"district":"安樂區"},"geometry":{"type":"MultiLineString","coordinates":[[[121.71413,25.14145],[121.71489,25.14134]]]}},{"type":"Feature","properties":{"name":"基金一路121巷","base":"基金一路121巷","section":null,"tier":"hard","length_m":338,"lane":true,"district":"安樂區"},"geometry":{"type":"MultiLineString","coordinates":[[[121.71704,25.13626],[121.71709,25.13658],[121.71714,25.13687],[121.71719,25.13714],[121.71727,25.13742],[121.71735,25.13769],[121.71736,25.13773],[121.71743,25.13776],[121.71774,25.1377],[121.71785,25.13776],[121.71789,25.13802],[121.71794,25.13831],[121.71797,25.13849],[121.71801,25.13872],[121.71803,25.13881]]]}},{"type":"Feature","properties":{"name":"基金一路129巷","base":"基金一路129巷","section":null,"tier":"hard","length_m":418,"lane":true,"district":"安樂區"},"geometry":{"type":"MultiLineString","coordinates":[[[121.71259,25.1391],[121.71265,25.13934],[121.71267,25.13944]],[[121.7137,25.13874],[121.71409,25.1389],[121.71448,25.13907],[121.71454,25.13909],[121.71519,25.13944],[121.71523,25.13946],[121.71527,25.13949],[121.7153,25.13959],[121.7153,25.13961],[121.71532,25.13966]],[[121.71259,25.1391],[121.71278,25.13907],[121.7137,25.13874]],[[121.71278,25.1399],[121.71282,25.14003],[121.71283,25.14012]],[[121.71267,25.13944],[121.71275,25.13976]]]}},{"type":"Feature","properties":{"name":"基金一路135巷","base":"基金一路135巷","section":null,"tier":"hard","length_m":336,"lane":true,"district":"安樂區"},"geometry":{"type":"MultiLineString","coordinates":[[[121.70951,25.14175],[121.70926,25.14151],[121.70923,25.14145],[121.70895,25.14097],[121.70884,25.14079],[121.70868,25.14052],[121.70862,25.14036],[121.70851,25.13989],[121.70845,25.13971],[121.70839,25.13954],[121.70804,25.13908]]]}},{"type":"Feature","properties":{"name":"基金一路135巷21弄","base":"基金一路135巷21弄","section":null,"tier":"hard","length_m":198,"lane":true,"district":"安樂區"},"geometry":{"type":"MultiLineString","coordinates":[[[121.70966,25.14021],[121.70962,25.14013],[121.70954,25.13993],[121.70943,25.13967],[121.70934,25.13944],[121.70924,25.13919],[121.70913,25.13895],[121.70896,25.13855]]]}},{"type":"Feature","properties":{"name":"基金一路208巷138弄","base":"基金一路208巷138弄","section":null,"tier":"hard","length_m":116,"lane":true,"district":"安樂區"},"geometry":{"type":"MultiLineString","coordinates":[[[121.70844,25.14632],[121.70736,25.14596]]]}},{"type":"Feature","properties":{"name":"基金一路208巷148弄","base":"基金一路208巷148弄","section":null,"tier":"hard","length_m":118,"lane":true,"district":"安樂區"},"geometry":{"type":"MultiLineString","coordinates":[[[121.70719,25.14623],[121.70829,25.1466]]]}},{"type":"Feature","properties":{"name":"基金一路208巷154弄","base":"基金一路208巷154弄","section":null,"tier":"hard","length_m":125,"lane":true,"district":"安樂區"},"geometry":{"type":"MultiLineString","coordinates":[[[121.70824,25.14681],[121.70795,25.14677],[121.70706,25.14648]]]}},{"type":"Feature","properties":{"name":"基金一路208巷164弄","base":"基金一路208巷164弄","section":null,"tier":"hard","length_m":186,"lane":true,"district":"安樂區"},"geometry":{"type":"MultiLineString","coordinates":[[[121.7082,25.14718],[121.70806,25.14713],[121.70647,25.1466]]]}},{"type":"Feature","properties":{"name":"基金一路208巷174弄","base":"基金一路208巷174弄","section":null,"tier":"hard","length_m":180,"lane":true,"district":"安樂區"},"geometry":{"type":"MultiLineString","coordinates":[[[121.70649,25.14693],[121.70738,25.14723],[121.70791,25.14741],[121.70817,25.14748]]]}},{"type":"Feature","properties":{"name":"基金一路208巷（安樂區2）","base":"基金一路208巷（安樂區2）","section":null,"tier":"hard","length_m":5,"lane":true,"district":"安樂區"},"geometry":{"type":"MultiLineString","coordinates":[[[121.70922,25.15856],[121.70919,25.15852]]]}},{"type":"Feature","properties":{"name":"基金一路208巷（安樂區）","base":"基金一路208巷（安樂區）","section":null,"tier":"hard","length_m":2047,"lane":true,"district":"安樂區"},"geometry":{"type":"MultiLineString","coordinates":[[[121.70602,25.15694],[121.70603,25.1569],[121.70606,25.15684],[121.70611,25.15672],[121.7062,25.1566],[121.70636,25.15636],[121.70651,25.15606],[121.70672,25.15567],[121.70677,25.1556],[121.70729,25.15513],[121.7074,25.15487],[121.70746,25.15476],[121.70765,25.15454],[121.70776,25.15438],[121.70788,25.15391],[121.70798,25.15342],[121.70804,25.15321],[121.70812,25.15295],[121.70812,25.15279],[121.70805,25.15243],[121.70801,25.15212],[121.70802,25.1519],[121.70808,25.15168],[121.70817,25.15143],[121.70827,25.15127],[121.70833,25.15112],[121.70837,25.15088],[121.70835,25.15056],[121.70837,25.15041],[121.70845,25.15026],[121.70851,25.15013],[121.70852,25.14992],[121.70839,25.14968],[121.70829,25.14943],[121.70824,25.14922],[121.70818,25.14907],[121.70818,25.14889],[121.7083,25.14849],[121.70842,25.14807],[121.70845,25.14794],[121.70847,25.14786],[121.7085,25.14778],[121.70863,25.1474],[121.7087,25.14723],[121.70897,25.14648],[121.70907,25.14622],[121.70923,25.14557],[121.7093,25.14535],[121.70968,25.14462],[121.70982,25.14438],[121.71005,25.14413],[121.71014,25.14402],[121.71018,25.14393],[121.71019,25.1438],[121.71016,25.14362],[121.71014,25.14334],[121.71019,25.14267],[121.71018,25.14262],[121.71018,25.14257],[121.7101,25.14244],[121.70995,25.1422],[121.70989,25.14196],[121.70985,25.14191]],[[121.70847,25.14786],[121.70822,25.14782],[121.70816,25.14778],[121.70814,25.1477],[121.70817,25.14748],[121.7082,25.14718],[121.70824,25.14681],[121.70826,25.14669],[121.70829,25.1466],[121.70831,25.14654],[121.70844,25.14632],[121.70861,25.14604],[121.70865,25.1459]]]}},{"type":"Feature","properties":{"name":"基金三路","base":"基金三路","section":null,"tier":"hard","length_m":4857,"district":"安樂區"},"geometry":{"type":"MultiLineString","coordinates":[[[121.6967,25.15515],[121.69641,25.15562],[121.69635,25.15581],[121.69624,25.15625],[121.69614,25.15646],[121.69601,25.15661],[121.69571,25.15685],[121.69514,25.15721],[121.69488,25.15737],[121.69476,25.15746],[121.69468,25.15758],[121.69457,25.15772],[121.69451,25.15782],[121.69446,25.15803],[121.69444,25.15824],[121.69445,25.15842],[121.69452,25.15898],[121.69456,25.1593],[121.69463,25.15974],[121.69463,25.15988],[121.6946,25.16009],[121.69454,25.16024],[121.69446,25.16042],[121.69436,25.16052],[121.69424,25.16062],[121.69412,25.16069],[121.69398,25.16078],[121.69375,25.16086],[121.69335,25.16094],[121.69264,25.16109],[121.69231,25.16115],[121.6918,25.16121],[121.69157,25.16123],[121.69131,25.16125],[121.69027,25.16135],[121.69003,25.16138],[121.68977,25.16149],[121.68922,25.16187],[121.68861,25.16226],[121.68839,25.16232]],[[121.70075,25.14661],[121.70071,25.14671],[121.70057,25.14767],[121.70053,25.14785],[121.70047,25.148],[121.70032,25.1482],[121.70014,25.14842],[121.70007,25.14854],[121.69991,25.14885],[121.69975,25.14944],[121.69931,25.15061],[121.69922,25.15084],[121.6992,25.15087],[121.69911,25.15102],[121.69901,25.15115],[121.69885,25.15129],[121.69849,25.15153],[121.69782,25.15198],[121.69761,25.15213],[121.69754,25.15219],[121.69745,25.15229],[121.69734,25.15252],[121.69732,25.15286],[121.69729,25.15317],[121.69726,25.15338],[121.69711,25.15376],[121.69684,25.15448],[121.69676,25.15479]],[[121.68925,25.16174],[121.68972,25.16144],[121.69002,25.16131],[121.69023,25.16128],[121.69157,25.16116],[121.69238,25.16107],[121.69371,25.16079],[121.69395,25.16071],[121.69408,25.16064],[121.69419,25.16057],[121.69429,25.16047],[121.69439,25.16037],[121.69447,25.16022],[121.69453,25.16005],[121.69454,25.15991],[121.69454,25.1598],[121.69444,25.15899],[121.69436,25.15824],[121.69438,25.158],[121.69444,25.15779],[121.69453,25.15764],[121.69466,25.15746],[121.69477,25.15736],[121.69495,25.15722],[121.69508,25.15715],[121.69564,25.15678],[121.69596,25.15655],[121.69604,25.15646],[121.69609,25.15635],[121.69614,25.15624],[121.69617,25.15609],[121.69618,25.15589],[121.69622,25.15573],[121.69632,25.15554]],[[121.69632,25.15554],[121.69642,25.15541],[121.69653,25.15524]],[[121.69653,25.15524],[121.69659,25.15512],[121.69662,25.15497],[121.69666,25.15476],[121.69677,25.15439],[121.69702,25.15373],[121.69716,25.15334],[121.6972,25.15319],[121.69724,25.15287],[121.69725,25.15251],[121.69737,25.15222],[121.69749,25.1521],[121.69781,25.15187],[121.69843,25.15146],[121.69879,25.15121],[121.69896,25.1511],[121.69908,25.15096],[121.69924,25.15058],[121.69968,25.14942],[121.69985,25.14883],[121.69997,25.14859],[121.70004,25.14844],[121.70032,25.14809],[121.70044,25.14789],[121.70048,25.14773],[121.70065,25.1467],[121.70066,25.14658]],[[121.68839,25.16232],[121.68857,25.16219],[121.68881,25.16203],[121.68925,25.16174]],[[121.69717,25.15212],[121.69737,25.15222],[121.69745,25.15229]],[[121.69676,25.15479],[121.6967,25.15515]]]}},{"type":"Feature","properties":{"name":"基金三路196巷","base":"基金三路196巷","section":null,"tier":"hard","length_m":381,"lane":true,"district":"安樂區"},"geometry":{"type":"MultiLineString","coordinates":[[[121.69444,25.15899],[121.69452,25.15898],[121.69492,25.15894],[121.69506,25.15917],[121.6953,25.15956],[121.69555,25.15996],[121.69625,25.15982]],[[121.69506,25.15917],[121.69571,25.15905]],[[121.6953,25.15956],[121.69592,25.15946]]]}},{"type":"Feature","properties":{"name":"基金三路80巷","base":"基金三路80巷","section":null,"tier":"hard","length_m":519,"lane":true,"district":"安樂區"},"geometry":{"type":"MultiLineString","coordinates":[[[121.69508,25.15715],[121.69514,25.15721],[121.69549,25.15765],[121.69577,25.158],[121.69571,25.15905],[121.69571,25.15927],[121.69592,25.15946],[121.69624,25.15977],[121.69625,25.15982]],[[121.69549,25.15765],[121.69521,25.15782],[121.69513,25.1579],[121.69506,25.15803],[121.69503,25.15813],[121.69501,25.15831],[121.6951,25.15884],[121.69509,25.15889],[121.69506,25.15891],[121.69501,25.15892],[121.69492,25.15894]]]}},{"type":"Feature","properties":{"name":"基金二路","base":"基金二路","section":null,"tier":"easy","length_m":1161,"district":"安樂區"},"geometry":{"type":"MultiLineString","coordinates":[[[121.70066,25.14658],[121.70078,25.14635],[121.70144,25.14538],[121.70171,25.14498],[121.70192,25.14452],[121.70213,25.14416],[121.70234,25.1439],[121.70274,25.14338],[121.70298,25.14293],[121.70315,25.14262],[121.70334,25.14233],[121.70347,25.14212]],[[121.70353,25.14219],[121.70347,25.14229],[121.70279,25.14343],[121.7024,25.14398],[121.70218,25.14425],[121.70201,25.14456],[121.70183,25.14493],[121.70161,25.14527],[121.70115,25.14592],[121.70084,25.14639],[121.70075,25.14661]],[[121.70347,25.14212],[121.70352,25.14203]],[[121.70352,25.14203],[121.70361,25.14197]]]}},{"type":"Feature","properties":{"name":"基金二路1巷","base":"基金二路1巷","section":null,"tier":"hard","length_m":189,"lane":true,"district":"安樂區"},"geometry":{"type":"MultiLineString","coordinates":[[[121.70156,25.14176],[121.70204,25.14188],[121.70228,25.14188],[121.70267,25.14196],[121.7029,25.14197],[121.70322,25.14196]],[[121.70332,25.14196],[121.70341,25.14196]],[[121.70328,25.14196],[121.70332,25.14196]],[[121.70322,25.14196],[121.70328,25.14196]]]}},{"type":"Feature","properties":{"name":"基金二路3巷","base":"基金二路3巷","section":null,"tier":"hard","length_m":2317,"lane":true,"district":"安樂區"},"geometry":{"type":"MultiLineString","coordinates":[[[121.68738,25.14156],[121.6875,25.14151],[121.68755,25.14141],[121.68764,25.14123],[121.68771,25.14117],[121.6879,25.14104],[121.68801,25.14097],[121.68825,25.14083],[121.68839,25.14086],[121.68854,25.14083],[121.68863,25.14077],[121.68882,25.14053],[121.68896,25.14048],[121.6893,25.14049],[121.68942,25.1405],[121.68953,25.14046],[121.68978,25.14035],[121.68996,25.14035],[121.69016,25.14039],[121.6903,25.14048],[121.6905,25.1407],[121.69062,25.14081],[121.69071,25.1411],[121.69077,25.14129],[121.69095,25.14154],[121.69114,25.14172],[121.69127,25.14186],[121.69157,25.14213],[121.69176,25.14226],[121.69184,25.14234],[121.69186,25.14245],[121.69188,25.14257],[121.69178,25.14263],[121.69172,25.14261],[121.69167,25.14254],[121.69162,25.14239],[121.69143,25.14228],[121.69128,25.14223],[121.69113,25.1422],[121.69091,25.14205],[121.69074,25.14196],[121.69062,25.14181],[121.69049,25.14167],[121.69025,25.1414],[121.69008,25.14137],[121.68982,25.14152],[121.6897,25.14161],[121.68966,25.1417],[121.68975,25.14197],[121.68987,25.14218],[121.69003,25.14239],[121.69,25.14274],[121.68999,25.14298],[121.69015,25.14331],[121.69019,25.14364],[121.69019,25.14384],[121.69035,25.144],[121.69051,25.14409],[121.69054,25.14413],[121.69055,25.14419],[121.69051,25.14439],[121.69052,25.14468],[121.69048,25.14481],[121.6904,25.14484],[121.69032,25.14481],[121.69024,25.14477],[121.69006,25.14476],[121.68996,25.14484],[121.68993,25.14494],[121.68999,25.14515],[121.69,25.1454],[121.69002,25.14558],[121.69002,25.14572],[121.69003,25.14585],[121.69009,25.14589],[121.69021,25.14588],[121.69025,25.14586]],[[121.69453,25.14489],[121.69481,25.14466],[121.69525,25.14433],[121.69546,25.14416],[121.69561,25.14393],[121.69585,25.14343],[121.69595,25.14331],[121.69605,25.14322],[121.6965,25.14292],[121.69677,25.14284]],[[121.69025,25.14586],[121.69033,25.14582]],[[121.69033,25.14582],[121.69033,25.14581],[121.69041,25.14573],[121.69048,25.14567],[121.69063,25.14563],[121.69078,25.14558],[121.69094,25.14552],[121.69144,25.1453],[121.69173,25.1452],[121.6918,25.14516],[121.69194,25.14515],[121.69232,25.14519],[121.69288,25.14529],[121.69297,25.14531]],[[121.69297,25.14531],[121.69306,25.14533]],[[121.69306,25.14533],[121.69309,25.14533],[121.69351,25.14533],[121.69377,25.14533],[121.69392,25.1453],[121.69417,25.14513],[121.69441,25.14498],[121.69446,25.14494]],[[121.69446,25.14494],[121.69453,25.14489]]]}},{"type":"Feature","properties":{"name":"基金公路","base":"基金公路","section":null,"tier":"easy","length_m":5120,"district":"安樂區"},"geometry":{"type":"MultiLineString","coordinates":[[[121.6966,25.15631],[121.69645,25.15606],[121.69635,25.15581],[121.69632,25.15554]],[[121.70783,25.17462],[121.70789,25.17458],[121.70796,25.17452],[121.70806,25.17443],[121.70817,25.17427],[121.70825,25.17407],[121.70831,25.17388],[121.70833,25.1737],[121.70832,25.17347],[121.70828,25.17321],[121.70815,25.17277],[121.70803,25.17233],[121.708,25.17203],[121.70799,25.17182],[121.70799,25.1715],[121.70805,25.1712],[121.70809,25.17095],[121.70818,25.17059],[121.70819,25.17041],[121.7082,25.17018],[121.70817,25.16995],[121.70812,25.16985],[121.70811,25.16982],[121.70799,25.16965],[121.70797,25.16959]],[[121.70331,25.16385],[121.7032,25.16366],[121.70306,25.16348],[121.70279,25.16323],[121.70212,25.16283],[121.70183,25.1626],[121.70165,25.16232],[121.70157,25.16212],[121.70149,25.16197],[121.7013,25.16151],[121.70112,25.16119],[121.70088,25.16095],[121.70039,25.16064],[121.69966,25.16019],[121.69844,25.15947]],[[121.70411,25.16476],[121.70461,25.16498],[121.7048,25.16508],[121.70491,25.16516],[121.70502,25.16528],[121.70511,25.16543],[121.70514,25.16558],[121.70513,25.16626],[121.70519,25.16656],[121.70528,25.16676],[121.70539,25.1669],[121.70556,25.16705],[121.70588,25.16728],[121.70629,25.16755],[121.70647,25.16772],[121.70665,25.16802],[121.7069,25.16847]],[[121.6966,25.15583],[121.69659,25.15592],[121.69661,25.15611],[121.69667,25.15632],[121.69676,25.1565],[121.69698,25.15671],[121.69729,25.15698],[121.69749,25.15716],[121.69761,25.15733],[121.69772,25.15755],[121.69778,25.15784],[121.69779,25.1583],[121.69781,25.15849],[121.69785,25.15865],[121.69789,25.15874]],[[121.70807,25.17204],[121.70811,25.17235],[121.70815,25.17254],[121.70822,25.17273],[121.70832,25.17308],[121.7084,25.17347],[121.70839,25.17376],[121.70836,25.17394],[121.7083,25.17414],[121.70825,25.17426],[121.70816,25.17441],[121.70808,25.17452],[121.70796,25.17462],[121.70788,25.17467]],[[121.70788,25.17467],[121.70777,25.17473],[121.70767,25.17477],[121.70755,25.1748],[121.70737,25.17483],[121.70711,25.17483],[121.70691,25.1748],[121.7068,25.17478],[121.70639,25.1747],[121.70608,25.17467],[121.70591,25.17468],[121.70579,25.17471],[121.70567,25.17476],[121.70554,25.17484],[121.7051,25.17514]],[[121.70803,25.16955],[121.70806,25.16962],[121.70816,25.16977],[121.70823,25.16993],[121.70827,25.17019],[121.70826,25.17059],[121.70812,25.17121],[121.70808,25.1715],[121.70806,25.17183],[121.70807,25.17204]],[[121.70683,25.16851],[121.7066,25.16805],[121.70642,25.16775],[121.70625,25.1676],[121.70585,25.16734],[121.7055,25.16709],[121.70533,25.16694],[121.70522,25.16678],[121.70513,25.16657],[121.70507,25.16628],[121.70508,25.16559],[121.70504,25.16543],[121.70497,25.1653],[121.70485,25.16518],[121.70467,25.16507],[121.70451,25.165],[121.7041,25.16481]],[[121.6985,25.15941],[121.69854,25.15944],[121.6997,25.16014],[121.7004,25.16057],[121.70095,25.16091],[121.7012,25.16117],[121.70138,25.16146],[121.70157,25.16195],[121.70161,25.1621],[121.7017,25.16231],[121.70188,25.16256],[121.70215,25.16278],[121.70281,25.16319],[121.70308,25.16342],[121.70325,25.16362],[121.70337,25.16382]],[[121.69783,25.1588],[121.69777,25.15862],[121.69774,25.15847],[121.69769,25.15778],[121.69765,25.15762],[121.69759,25.15747],[121.6975,25.15732],[121.69737,25.15719],[121.69716,25.15699],[121.69693,25.15679],[121.69679,25.15665],[121.69667,25.15649],[121.6966,25.15631]],[[121.70506,25.17509],[121.7055,25.17479],[121.70564,25.1747],[121.70577,25.17465],[121.7059,25.17462],[121.70609,25.17461],[121.7064,25.17464],[121.70682,25.17472],[121.70713,25.17477],[121.70735,25.17477],[121.70749,25.17475],[121.70761,25.17472],[121.70774,25.17466],[121.70783,25.17462]],[[121.6967,25.15515],[121.69664,25.15541],[121.6966,25.15575],[121.6966,25.15583]]]}},{"type":"Feature","properties":{"name":"基隆港東岸聯外道路（中正區）","base":"基隆港東岸聯外道路（中正區）","section":null,"tier":"easy","length_m":1775,"district":"中正區"},"geometry":{"type":"MultiLineString","coordinates":[[[121.76146,25.13795],[121.76112,25.13801],[121.76103,25.13802],[121.76077,25.13807],[121.76043,25.13813],[121.75996,25.13823],[121.75957,25.13838]],[[121.75947,25.13827],[121.76012,25.13797],[121.76056,25.13782],[121.76094,25.13774],[121.76097,25.13774],[121.76118,25.1377],[121.76143,25.13767]],[[121.75857,25.13919],[121.7582,25.13953]],[[121.75695,25.14052],[121.75729,25.14021],[121.75767,25.13985],[121.75778,25.13975]],[[121.75706,25.14058],[121.75689,25.14069],[121.75677,25.14075],[121.75658,25.14083],[121.75642,25.14087],[121.75625,25.14089],[121.75608,25.14088],[121.75587,25.14085],[121.75571,25.14081],[121.75556,25.14075],[121.75537,25.14065],[121.75524,25.14056],[121.75513,25.14047],[121.75479,25.14009],[121.7546,25.13994],[121.75446,25.13984],[121.7543,25.13976],[121.75351,25.13948],[121.75339,25.13946],[121.75329,25.13947],[121.75318,25.13951],[121.75311,25.13956]],[[121.75297,25.13943],[121.75312,25.13935],[121.75324,25.1393],[121.75336,25.13928],[121.75349,25.13929],[121.75431,25.13957],[121.7545,25.13966],[121.75464,25.13975],[121.75484,25.1399],[121.75495,25.14],[121.75505,25.14012],[121.75517,25.1403],[121.75535,25.14048],[121.75548,25.14059],[121.7556,25.14067],[121.75575,25.14073],[121.75594,25.14078],[121.75608,25.14079],[121.75623,25.1408],[121.75638,25.14079],[121.75654,25.14076],[121.75667,25.1407],[121.75685,25.1406],[121.75695,25.14052]],[[121.75788,25.13982],[121.75775,25.13994],[121.75706,25.14058]],[[121.7582,25.13953],[121.75788,25.13982]],[[121.75778,25.13975],[121.75811,25.13944]],[[121.75811,25.13944],[121.75846,25.1391]]]}},{"type":"Feature","properties":{"name":"基隆港東岸聯外道路（信義區）","base":"基隆港東岸聯外道路（信義區）","section":null,"tier":"easy","length_m":4610,"district":"信義區"},"geometry":{"type":"MultiLineString","coordinates":[[[121.77764,25.12755],[121.77759,25.12797],[121.77752,25.12837]],[[121.77754,25.12753],[121.77761,25.12725],[121.77773,25.12694],[121.7779,25.12658],[121.77809,25.12625],[121.77831,25.12591],[121.77876,25.12526]],[[121.76449,25.13713],[121.76473,25.1371],[121.76501,25.13706],[121.76559,25.13699],[121.76569,25.13698],[121.76617,25.13691],[121.76659,25.13686]],[[121.77867,25.12559],[121.77846,25.12586],[121.77825,25.12617],[121.778,25.12662],[121.77786,25.12689],[121.77772,25.12726],[121.77764,25.12755]],[[121.77742,25.12836],[121.77749,25.12795],[121.77754,25.12753]],[[121.77743,25.12875],[121.77735,25.12897],[121.77727,25.12915],[121.77719,25.1293],[121.77713,25.12941],[121.77705,25.12952],[121.77688,25.12969],[121.77671,25.12987],[121.77647,25.13004],[121.77634,25.13013],[121.77616,25.13021],[121.77584,25.13036],[121.77539,25.13053]],[[121.77214,25.13228],[121.772,25.13257],[121.77191,25.13278],[121.77181,25.133],[121.77159,25.13368],[121.77138,25.13435],[121.77118,25.13494]],[[121.77411,25.13102],[121.77319,25.13139]],[[121.77313,25.13131],[121.77406,25.13093]],[[121.77538,25.13043],[121.77578,25.13028],[121.77611,25.13014],[121.77624,25.13008],[121.77635,25.13001],[121.77641,25.12997],[121.77663,25.12981],[121.77681,25.12965],[121.77699,25.12945],[121.77711,25.12925],[121.77723,25.12902],[121.77733,25.12872]],[[121.77019,25.13607],[121.7704,25.13593],[121.77054,25.13579],[121.77068,25.13567],[121.77076,25.13556],[121.77086,25.13539]],[[121.77108,25.13491],[121.77129,25.13431],[121.77172,25.13295],[121.7718,25.13275],[121.77189,25.13255],[121.77205,25.13225]],[[121.77093,25.13548],[121.77086,25.1356],[121.77077,25.13572],[121.77062,25.13589],[121.77037,25.13608]],[[121.77037,25.13608],[121.77019,25.13618],[121.7698,25.13637]],[[121.77733,25.12872],[121.77738,25.12854],[121.77742,25.12836]],[[121.77406,25.13093],[121.77538,25.13043]],[[121.77539,25.13053],[121.77411,25.13102]],[[121.77752,25.12837],[121.77748,25.12857],[121.77743,25.12875]],[[121.77929,25.12454],[121.77949,25.12427]],[[121.77951,25.12449],[121.77867,25.12559]],[[121.77876,25.12526],[121.77929,25.12454]],[[121.77962,25.12435],[121.77951,25.12449]],[[121.76977,25.13627],[121.76997,25.13618],[121.77019,25.13607]],[[121.76926,25.13643],[121.76951,25.13636],[121.76977,25.13627]],[[121.76927,25.13652],[121.76905,25.13657],[121.76804,25.13673]],[[121.7698,25.13637],[121.76956,25.13644],[121.76927,25.13652]],[[121.76659,25.137],[121.76589,25.13715],[121.76565,25.13721],[121.76527,25.1373],[121.76478,25.13738],[121.76448,25.13744]],[[121.76804,25.13673],[121.76738,25.13685],[121.76683,25.13695],[121.76659,25.137]],[[121.76803,25.13663],[121.76903,25.13647],[121.76926,25.13643]],[[121.76659,25.13686],[121.76725,25.13676],[121.76803,25.13663]],[[121.77118,25.13494],[121.77112,25.13508],[121.77105,25.13527],[121.77093,25.13548]],[[121.77269,25.1317],[121.77253,25.13184],[121.7723,25.13206],[121.77214,25.13228]],[[121.77205,25.13225],[121.77213,25.13212],[121.77222,25.13201],[121.77244,25.13178],[121.77262,25.13163]],[[121.77086,25.13539],[121.77096,25.1352],[121.77103,25.13505],[121.77108,25.13491]],[[121.77299,25.13148],[121.77284,25.13158],[121.77269,25.1317]],[[121.77319,25.13139],[121.77299,25.13148]],[[121.77294,25.1314],[121.77313,25.13131]],[[121.77262,25.13163],[121.77273,25.13155],[121.77294,25.1314]]]}},{"type":"Feature","properties":{"name":"基隆港西岸聯外道路（中山區2）","base":"基隆港西岸聯外道路（中山區2）","section":null,"tier":"easy","length_m":1071,"district":"中山區"},"geometry":{"type":"MultiLineString","coordinates":[[[121.73209,25.15313],[121.7314,25.15264],[121.73084,25.15229],[121.73037,25.15212],[121.72987,25.15206],[121.72956,25.15205],[121.72915,25.15211]],[[121.7291,25.15201],[121.72953,25.15195],[121.72993,25.15195],[121.73031,25.152],[121.73065,25.1521],[121.73105,25.15228],[121.7314,25.15251],[121.73175,25.15276],[121.73217,25.15306]],[[121.72812,25.15235],[121.72789,25.15237],[121.72765,25.15235],[121.72742,25.1523],[121.72722,25.15224],[121.72702,25.15214],[121.72683,25.15201],[121.72666,25.15188],[121.72643,25.15164]],[[121.72645,25.15147],[121.72661,25.15165],[121.72675,25.15179],[121.72693,25.15195],[121.7271,25.15205],[121.72725,25.15213],[121.72743,25.1522],[121.72762,25.15224],[121.72785,25.15226],[121.72808,25.15224]]]}},{"type":"Feature","properties":{"name":"基隆港西岸聯外道路（中山區）","base":"基隆港西岸聯外道路（中山區）","section":null,"tier":"easy","length_m":816,"district":"中山區"},"geometry":{"type":"MultiLineString","coordinates":[[[121.72308,25.14771],[121.72328,25.14811],[121.72337,25.14829],[121.7236,25.14876],[121.72373,25.149]],[[121.72186,25.1462],[121.72165,25.14583],[121.72159,25.14575]],[[121.71961,25.14337],[121.71978,25.14367],[121.71992,25.1439],[121.72004,25.14408],[121.72014,25.14421],[121.72031,25.14443],[121.72046,25.14459],[121.72064,25.14475],[121.72084,25.1449]],[[121.72348,25.14914],[121.72309,25.1484]],[[121.72184,25.14565],[121.72188,25.14571],[121.722,25.14585],[121.72219,25.14611]],[[121.72074,25.145],[121.71992,25.14443],[121.71976,25.14429],[121.71956,25.14412],[121.71939,25.14392],[121.71926,25.1437],[121.71916,25.14349]]]}},{"type":"Feature","properties":{"name":"基隆港西岸聯外道路（安樂區）","base":"基隆港西岸聯外道路（安樂區）","section":null,"tier":"easy","length_m":411,"district":"安樂區"},"geometry":{"type":"MultiLineString","coordinates":[[[121.71621,25.14049],[121.71654,25.14067]],[[121.715,25.13994],[121.71468,25.13975]],[[121.71532,25.14003],[121.71573,25.14025],[121.71621,25.14049]],[[121.71472,25.13966],[121.71506,25.13987]],[[121.71506,25.13987],[121.71532,25.14003]],[[121.71526,25.1401],[121.715,25.13994]],[[121.7163,25.14073],[121.71526,25.1401]]]}},{"type":"Feature","properties":{"name":"基隆隧道","base":"基隆隧道","section":null,"tier":"easy","length_m":98,"district":"仁愛區"},"geometry":{"type":"MultiLineString","coordinates":[[[121.74351,25.11635],[121.74379,25.11719]]]}},{"type":"Feature","properties":{"name":"堵南街","base":"堵南街","section":null,"tier":"hard","length_m":1633,"district":"七堵區","area":"六堵"},"geometry":{"type":"MultiLineString","coordinates":[[[121.68553,25.08235],[121.68575,25.08237],[121.68677,25.08246],[121.68701,25.08248],[121.68723,25.0825],[121.68783,25.08256]],[[121.6885,25.08261],[121.68852,25.08265],[121.68884,25.08334],[121.68896,25.08356],[121.6891,25.08375],[121.68921,25.08385],[121.68933,25.08392],[121.68949,25.08399],[121.68964,25.08404],[121.69003,25.08411],[121.6918,25.08444],[121.69263,25.08458]],[[121.6918,25.08444],[121.69133,25.08552],[121.69123,25.0856],[121.691,25.08566],[121.68879,25.08485],[121.68842,25.0847],[121.6882,25.08457],[121.68802,25.08442],[121.6879,25.08427],[121.6878,25.08412],[121.68775,25.08399],[121.68771,25.08386],[121.68768,25.08369],[121.68767,25.08343],[121.68783,25.08256]],[[121.68491,25.08179],[121.68505,25.08203],[121.68513,25.08215],[121.68522,25.08222],[121.68531,25.08227],[121.68553,25.08235]],[[121.68485,25.0823],[121.68507,25.08231],[121.68553,25.08235]],[[121.6937,25.08478],[121.69376,25.08479],[121.69382,25.08481]]]}},{"type":"Feature","properties":{"name":"壽山路","base":"壽山路","section":null,"tier":"hard","length_m":2033,"district":"信義區"},"geometry":{"type":"MultiLineString","coordinates":[[[121.75836,25.13397],[121.75838,25.13393],[121.75839,25.13385],[121.75839,25.13381],[121.75839,25.13378],[121.75838,25.13374],[121.75838,25.13371],[121.75831,25.13337],[121.75827,25.1331],[121.75825,25.13301],[121.75825,25.13296],[121.75826,25.13292],[121.75826,25.13288],[121.75828,25.13283],[121.75831,25.13277],[121.75834,25.13273],[121.75837,25.1327],[121.75842,25.13265],[121.75849,25.13261],[121.75855,25.13258],[121.75862,25.13256],[121.75925,25.13255],[121.75981,25.13254],[121.76037,25.13249]],[[121.75149,25.1332],[121.75155,25.13322],[121.75162,25.13326],[121.75172,25.13332],[121.75187,25.13346],[121.75212,25.13367],[121.75217,25.1337],[121.75223,25.13372],[121.75229,25.13373],[121.75235,25.13374],[121.75258,25.13376],[121.75281,25.13377],[121.75293,25.13377],[121.75319,25.13376],[121.75327,25.13376],[121.7534,25.13375],[121.75349,25.13377],[121.75377,25.13383],[121.754,25.13391],[121.75413,25.13395],[121.75428,25.13397],[121.75442,25.13396],[121.75467,25.13392],[121.75488,25.13389],[121.75504,25.13385],[121.75573,25.13404],[121.75579,25.13405],[121.75586,25.13405],[121.75593,25.13405],[121.75607,25.13403],[121.75613,25.13403],[121.75616,25.13403],[121.75618,25.13403],[121.75624,25.13405],[121.75644,25.13414],[121.75693,25.13435],[121.75699,25.13438],[121.75706,25.1344],[121.75712,25.13441],[121.75716,25.13441],[121.75721,25.1344],[121.75725,25.13439],[121.7573,25.13436],[121.75735,25.13431],[121.75742,25.13419],[121.75745,25.13416],[121.75748,25.13413],[121.7575,25.13411],[121.75753,25.13409],[121.75757,25.13406],[121.75762,25.13405],[121.75767,25.13404],[121.75773,25.13404],[121.75778,25.13404],[121.75793,25.13406],[121.75801,25.13407],[121.75805,25.13407],[121.75809,25.13408]],[[121.74939,25.12979],[121.74945,25.13037],[121.74942,25.1305],[121.7494,25.13055],[121.74937,25.13062],[121.74934,25.13066],[121.74924,25.13082],[121.74909,25.13102],[121.74905,25.13106],[121.749,25.13108],[121.74892,25.1311],[121.74886,25.13111],[121.7488,25.13112],[121.74876,25.13114],[121.74874,25.13118],[121.74872,25.1312],[121.7487,25.13122],[121.74867,25.13126],[121.74861,25.13144],[121.74859,25.1317],[121.74859,25.13174],[121.74857,25.13176],[121.74854,25.13178],[121.74825,25.13184],[121.74821,25.13185],[121.74816,25.13185],[121.7481,25.13185],[121.74803,25.13184],[121.74798,25.13182],[121.74793,25.13179],[121.74788,25.13176],[121.74784,25.13172],[121.74778,25.13165],[121.74777,25.13164],[121.74776,25.13163],[121.74774,25.13162],[121.74773,25.13162],[121.74771,25.13162],[121.7477,25.13162],[121.74768,25.13163],[121.74766,25.13163],[121.74765,25.13165],[121.74764,25.13166],[121.74764,25.13168],[121.74764,25.1317],[121.74765,25.13172],[121.74766,25.13174],[121.74768,25.13176],[121.74777,25.13184],[121.74781,25.13187],[121.74785,25.1319],[121.74789,25.13192],[121.74795,25.13194],[121.74801,25.13196],[121.74807,25.13197],[121.74814,25.13198],[121.74825,25.13197],[121.7483,25.13197],[121.74921,25.13188],[121.74948,25.13186],[121.74952,25.13186],[121.74957,25.13188],[121.7496,25.1319],[121.75016,25.13235],[121.75016,25.13237],[121.75017,25.13238],[121.75016,25.1324],[121.75015,25.13241],[121.75013,25.13242],[121.7501,25.13243],[121.75005,25.13243],[121.74999,25.13244],[121.74994,25.13244],[121.74984,25.13244],[121.74972,25.13242],[121.74967,25.13241],[121.74945,25.13235]],[[121.74944,25.13247],[121.74954,25.13247],[121.74958,25.13247],[121.74962,25.13247],[121.74984,25.13251],[121.74994,25.13255],[121.75004,25.13258],[121.75016,25.13263],[121.75047,25.13276],[121.75132,25.13314],[121.75149,25.1332]]]}},{"type":"Feature","properties":{"name":"大同街","base":"大同街","section":null,"tier":"hard","length_m":6133,"district":"七堵區"},"geometry":{"type":"MultiLineString","coordinates":[[[121.69518,25.11688],[121.69566,25.11676],[121.69578,25.11673],[121.69584,25.11666],[121.69596,25.11623],[121.69606,25.11604],[121.69618,25.11594],[121.69649,25.11574],[121.6966,25.11565],[121.69671,25.11563],[121.69681,25.11569],[121.69687,25.11579],[121.69688,25.11592],[121.6969,25.11613],[121.69697,25.11633],[121.69712,25.11656],[121.69723,25.11664],[121.6973,25.11667],[121.69741,25.11671],[121.69758,25.11675],[121.69778,25.11676],[121.6981,25.11675],[121.6988,25.11672],[121.69899,25.11673],[121.69918,25.11677],[121.69932,25.11683],[121.69934,25.117],[121.69927,25.11724],[121.69917,25.1174],[121.69885,25.11795],[121.69877,25.11813],[121.69875,25.11833],[121.69876,25.11909],[121.69876,25.11919],[121.69873,25.11926],[121.69854,25.1196],[121.69817,25.12027],[121.69812,25.12046]],[[121.68678,25.13394],[121.68655,25.13403],[121.6865,25.13408],[121.68649,25.13414],[121.6865,25.13424],[121.68657,25.13437],[121.68657,25.13446],[121.68652,25.13453],[121.6864,25.13459],[121.68627,25.13465],[121.68608,25.13478],[121.68592,25.13492],[121.68578,25.13506],[121.68568,25.13519],[121.6856,25.13529],[121.68542,25.13532],[121.68527,25.13533],[121.68494,25.13549],[121.68467,25.13546],[121.6844,25.1355],[121.68392,25.13575],[121.68351,25.13582],[121.68319,25.13575],[121.68292,25.13568],[121.68225,25.13546],[121.68176,25.13514],[121.68151,25.13504],[121.68128,25.135],[121.68111,25.13508],[121.68106,25.1352],[121.68109,25.13535],[121.68127,25.13583],[121.68124,25.13606],[121.68098,25.13648],[121.68096,25.13661],[121.68096,25.13683],[121.68088,25.1371],[121.68088,25.13727],[121.68102,25.13756],[121.6812,25.13773],[121.68137,25.1378],[121.68138,25.13791],[121.68129,25.13802],[121.68111,25.13821],[121.68085,25.13845],[121.68084,25.13857],[121.68085,25.13867],[121.681,25.1389],[121.68141,25.13943],[121.68166,25.13992],[121.68175,25.14012]],[[121.69366,25.13078],[121.69359,25.13077],[121.69338,25.1307],[121.69315,25.1306],[121.69302,25.1305],[121.69295,25.13044],[121.6929,25.13039],[121.69279,25.13038],[121.6927,25.13041],[121.69263,25.13049],[121.69249,25.13062],[121.69224,25.13075],[121.69197,25.13084],[121.69169,25.13091],[121.69142,25.13099],[121.6913,25.13107],[121.69123,25.13112],[121.69115,25.13115],[121.69095,25.1312],[121.69086,25.13128],[121.69082,25.13132],[121.6908,25.13138],[121.6908,25.13148],[121.69079,25.13157],[121.69073,25.13162],[121.69064,25.13165],[121.69048,25.13169],[121.69038,25.13177],[121.69031,25.13185],[121.69026,25.13199],[121.69023,25.13211],[121.69017,25.1322],[121.69008,25.13233],[121.68994,25.1324],[121.68982,25.13242],[121.68969,25.13242],[121.68959,25.13243],[121.68945,25.1325],[121.68935,25.13259],[121.6892,25.13262],[121.68906,25.13262],[121.68898,25.13263],[121.68884,25.13273],[121.68873,25.1328],[121.6886,25.13285],[121.68849,25.13292],[121.68838,25.13302],[121.68823,25.13322],[121.68813,25.13331],[121.68809,25.13332]],[[121.69812,25.12046],[121.69811,25.12089],[121.69812,25.12121],[121.69812,25.12133],[121.69818,25.12147],[121.69844,25.12166],[121.69866,25.12181],[121.69874,25.12197],[121.69876,25.1221],[121.69874,25.12226],[121.69883,25.12242],[121.69896,25.12259],[121.69919,25.12276],[121.69929,25.12287],[121.69948,25.12321],[121.69957,25.12331],[121.69981,25.12356],[121.69995,25.12384],[121.69999,25.124],[121.69992,25.12411],[121.69953,25.12437],[121.69932,25.1245],[121.69924,25.12449],[121.69898,25.12442],[121.69878,25.12433],[121.69854,25.12428],[121.69839,25.12428],[121.69827,25.12432],[121.69809,25.12443],[121.698,25.12455],[121.69795,25.12473],[121.69797,25.125],[121.69802,25.12531],[121.69801,25.12549],[121.69793,25.12558],[121.69788,25.12561],[121.69773,25.12568],[121.69753,25.12579],[121.69733,25.12605],[121.69729,25.12617],[121.6972,25.12654],[121.69716,25.12671],[121.69714,25.12698],[121.69696,25.12732],[121.69694,25.12749]],[[121.69068,25.11295],[121.69066,25.11285],[121.69057,25.11255],[121.69051,25.11236],[121.6904,25.11214],[121.69036,25.11199]],[[121.68803,25.13333],[121.68793,25.13333],[121.6879,25.13332],[121.68781,25.13332],[121.68755,25.13325],[121.68742,25.13323],[121.68734,25.13327],[121.6872,25.13338],[121.6871,25.13339],[121.68704,25.13337],[121.68699,25.13331],[121.68684,25.13323],[121.68676,25.13323],[121.68665,25.13326],[121.68648,25.1333],[121.68638,25.13332],[121.68626,25.13333],[121.6862,25.13337],[121.68619,25.13341],[121.68619,25.13346],[121.6863,25.13351],[121.68645,25.13352],[121.68658,25.13353],[121.68673,25.1336],[121.68683,25.13365],[121.6869,25.13369],[121.68695,25.13373],[121.68696,25.1338],[121.6869,25.13388],[121.68678,25.13394]],[[121.69512,25.12983],[121.69503,25.12985],[121.69485,25.12992],[121.69469,25.13003],[121.69455,25.13014],[121.69441,25.13027],[121.69433,25.13037],[121.69426,25.13049],[121.69417,25.1306],[121.69399,25.13071],[121.69377,25.13078],[121.69375,25.13078]],[[121.69375,25.13078],[121.69366,25.13078]],[[121.69693,25.12756],[121.69682,25.12771],[121.69663,25.12791],[121.69627,25.1284],[121.69607,25.12852],[121.69568,25.12875],[121.69554,25.12887],[121.6955,25.129],[121.69552,25.12913],[121.69552,25.12938],[121.69547,25.12952],[121.69538,25.12964],[121.69512,25.12983]],[[121.69076,25.11294],[121.69081,25.11322],[121.69079,25.11368],[121.69074,25.11383]],[[121.69074,25.11383],[121.69069,25.11366],[121.69071,25.11326],[121.69068,25.11295]],[[121.69036,25.11199],[121.69051,25.11212],[121.6906,25.11233],[121.69066,25.1125],[121.69073,25.11285],[121.69076,25.11294]],[[121.68984,25.11166],[121.69005,25.11177],[121.6902,25.11186],[121.69036,25.11199]],[[121.69074,25.11383],[121.69082,25.11414],[121.69094,25.11434],[121.69105,25.11456],[121.69114,25.11461],[121.69123,25.11464],[121.69142,25.11468],[121.69167,25.11469],[121.69187,25.11466],[121.69197,25.11463],[121.69223,25.11454],[121.69232,25.11453],[121.69241,25.11455],[121.69252,25.1146],[121.69262,25.11474],[121.69271,25.11496],[121.69273,25.11516],[121.6927,25.11536],[121.69263,25.11561],[121.69263,25.11575],[121.69264,25.11585],[121.69278,25.11601],[121.69345,25.1165],[121.69365,25.11659],[121.69411,25.11664],[121.6943,25.11674],[121.69452,25.11685],[121.69472,25.1169],[121.69492,25.1169],[121.69496,25.1169],[121.69508,25.11689],[121.69511,25.11688]]]}},{"type":"Feature","properties":{"name":"大同路三段","base":"大同路","section":"三段","tier":"easy","length_m":560,"district":"七堵區"},"geometry":{"type":"MultiLineString","coordinates":[[[121.68364,25.07521],[121.68352,25.0751],[121.68343,25.075],[121.68333,25.07485],[121.68329,25.07467],[121.68328,25.07448],[121.68329,25.07436],[121.6833,25.07431],[121.68342,25.07388],[121.68347,25.07369],[121.6835,25.07344],[121.68349,25.07335],[121.68346,25.07327],[121.68338,25.07309],[121.68333,25.07299],[121.68305,25.07274],[121.6827,25.07244]],[[121.6836,25.07341],[121.68357,25.07371],[121.68352,25.07388],[121.68347,25.07402],[121.68337,25.07432],[121.68336,25.07438],[121.68335,25.07448],[121.68336,25.07466],[121.6834,25.07479],[121.6835,25.07496],[121.68358,25.07504],[121.6837,25.07515]]]}},{"type":"Feature","properties":{"name":"大埔路","base":"大埔路","section":null,"tier":"hard","length_m":37,"district":"暖暖區"},"geometry":{"type":"MultiLineString","coordinates":[[[121.75774,25.10399],[121.75788,25.10374],[121.75789,25.10369]]]}},{"type":"Feature","properties":{"name":"大埔隧道","base":"大埔隧道","section":null,"tier":"easy","length_m":208,"district":"七堵區"},"geometry":{"type":"MultiLineString","coordinates":[[[121.69284,25.10672],[121.69271,25.10765]],[[121.69261,25.10763],[121.69275,25.10671]]]}},{"type":"Feature","properties":{"name":"大德路","base":"大德路","section":null,"tier":"hard","length_m":1293,"district":"七堵區","area":"六堵"},"geometry":{"type":"MultiLineString","coordinates":[[[121.68934,25.08175],[121.68939,25.08183],[121.68967,25.08221],[121.69007,25.08259],[121.6908,25.08292],[121.69087,25.08298],[121.69117,25.08325],[121.69122,25.08329],[121.69153,25.08339],[121.69177,25.08337],[121.6918,25.08336],[121.69202,25.08331],[121.69208,25.08337],[121.69216,25.08367],[121.69214,25.08376],[121.6918,25.08444]],[[121.68783,25.08256],[121.68815,25.08259],[121.6883,25.08262],[121.6885,25.08261],[121.6886,25.08257],[121.6887,25.08247],[121.68918,25.08191],[121.68934,25.08175],[121.68937,25.0817],[121.68946,25.08138],[121.68951,25.08119],[121.68956,25.08096],[121.68964,25.08054],[121.68966,25.08049],[121.68969,25.08039],[121.68979,25.0802],[121.68997,25.07992],[121.69012,25.07969],[121.69013,25.07967],[121.69025,25.07951],[121.69039,25.0793],[121.6905,25.07914],[121.69058,25.07906],[121.69069,25.07896],[121.69082,25.07889],[121.69096,25.07881],[121.69121,25.07871],[121.69143,25.07864],[121.69178,25.07854],[121.69262,25.07831],[121.69286,25.07823],[121.6931,25.07798]]]}},{"type":"Feature","properties":{"name":"大成街","base":"大成街","section":null,"tier":"hard","length_m":4743,"district":"七堵區"},"geometry":{"type":"MultiLineString","coordinates":[[[121.69155,25.10934],[121.69081,25.10907],[121.6907,25.10899],[121.69031,25.10891],[121.69007,25.10889],[121.68986,25.10889],[121.68964,25.10889],[121.68943,25.10891],[121.68921,25.10903],[121.68907,25.10909],[121.68895,25.10911],[121.68879,25.10906],[121.68857,25.109],[121.6884,25.10893],[121.68804,25.10884],[121.68772,25.1087],[121.6876,25.10863],[121.68745,25.10854],[121.68733,25.10839],[121.68715,25.10802],[121.68699,25.10769],[121.68681,25.10751],[121.68663,25.10742],[121.68647,25.10731],[121.68625,25.1072],[121.68601,25.10711],[121.68576,25.107],[121.68555,25.10695],[121.68519,25.10687],[121.68497,25.10681],[121.68473,25.10668],[121.68466,25.10658],[121.68461,25.10648],[121.6846,25.10623],[121.68459,25.10612],[121.68448,25.10597],[121.68436,25.10586],[121.68422,25.10581],[121.68411,25.1058],[121.68402,25.10579],[121.68395,25.10577],[121.68392,25.10575],[121.6839,25.1057],[121.68388,25.10565],[121.6839,25.10556],[121.68394,25.10547],[121.68406,25.1053],[121.68411,25.1052],[121.68411,25.10513],[121.68408,25.10508],[121.68403,25.10493],[121.68395,25.10467],[121.68391,25.10439],[121.68379,25.10407],[121.68367,25.10382],[121.68363,25.10374],[121.68364,25.1037],[121.68369,25.10354],[121.68376,25.10335],[121.68388,25.10313],[121.68389,25.1031],[121.6839,25.10305],[121.68388,25.10294],[121.6838,25.10279],[121.68375,25.10271],[121.68377,25.10264],[121.68383,25.10252],[121.68393,25.10236],[121.68402,25.10217],[121.68408,25.10203],[121.68414,25.10144],[121.68419,25.10121],[121.68424,25.10105],[121.6843,25.10092],[121.68428,25.1008],[121.6842,25.1007],[121.68402,25.10055],[121.68399,25.10049],[121.68398,25.10036],[121.68395,25.10021],[121.68376,25.0998],[121.68364,25.0995],[121.68359,25.0994],[121.68351,25.09935],[121.68335,25.09932],[121.68322,25.09933],[121.68318,25.09937],[121.68316,25.09943],[121.68316,25.09952],[121.68326,25.1],[121.68331,25.10021],[121.68327,25.10032],[121.68324,25.10036],[121.68317,25.10037],[121.6831,25.10033],[121.68303,25.10013],[121.68297,25.10002],[121.68289,25.09993],[121.68272,25.09984],[121.6825,25.09975],[121.68201,25.09971],[121.68181,25.09967],[121.68165,25.0996],[121.6815,25.09952],[121.68127,25.09941],[121.68108,25.09938],[121.68099,25.09941],[121.68088,25.09949],[121.6808,25.09961],[121.68071,25.09976],[121.68055,25.0999],[121.6804,25.09997],[121.68012,25.10001],[121.67977,25.10006],[121.67932,25.10023],[121.67918,25.10029],[121.67903,25.10031],[121.67893,25.10026],[121.6785,25.09996],[121.67833,25.0999],[121.67817,25.0999],[121.67787,25.09996],[121.67772,25.1],[121.6776,25.10009],[121.67748,25.10013],[121.67736,25.10012],[121.67716,25.10008],[121.67708,25.10005],[121.67701,25.09999],[121.67682,25.09977],[121.67663,25.09945],[121.67654,25.09928],[121.67649,25.09917],[121.67637,25.09908],[121.67628,25.09901],[121.67588,25.09875],[121.67554,25.09853],[121.67519,25.09835],[121.6751,25.09827],[121.67508,25.09823],[121.67512,25.09815],[121.67517,25.09813],[121.67527,25.09814],[121.67561,25.09825],[121.67576,25.09829],[121.67583,25.09828],[121.67586,25.09822],[121.67582,25.09817],[121.67548,25.09795],[121.67541,25.0979],[121.67502,25.09764],[121.67488,25.09761],[121.67465,25.09762],[121.67456,25.09765],[121.67454,25.09775],[121.67448,25.09808],[121.67441,25.0982],[121.67425,25.0983],[121.67399,25.09841],[121.67364,25.09856],[121.67324,25.09851],[121.67304,25.09859],[121.6729,25.09863],[121.67278,25.09861],[121.67253,25.09855],[121.67226,25.09847],[121.67199,25.09838],[121.67182,25.09832],[121.67165,25.09811],[121.67145,25.09789],[121.67118,25.09758],[121.67085,25.09712],[121.67069,25.09696],[121.67059,25.09691],[121.67041,25.09683],[121.67035,25.09675],[121.6703,25.09664],[121.67026,25.09652],[121.67022,25.09638],[121.67011,25.09628],[121.66996,25.09617],[121.66987,25.09613],[121.66964,25.09603],[121.66953,25.09594],[121.66942,25.0958],[121.66929,25.09548],[121.66916,25.09518],[121.66915,25.09487],[121.66909,25.09455]],[[121.69021,25.10913],[121.6902,25.10915],[121.69019,25.10926],[121.68992,25.10974],[121.6898,25.1098],[121.68912,25.10979],[121.68878,25.1098],[121.68875,25.10991],[121.68869,25.11029],[121.68863,25.11052],[121.68807,25.11028],[121.68717,25.10987],[121.68687,25.10978],[121.68667,25.10998],[121.68651,25.11036],[121.68643,25.11064],[121.68642,25.11088],[121.68633,25.11119]],[[121.68897,25.11075],[121.68914,25.11092]],[[121.68863,25.11052],[121.68875,25.1106]],[[121.69081,25.10907],[121.69048,25.10901],[121.69028,25.10903],[121.69026,25.10906]],[[121.69026,25.10906],[121.69021,25.10913]]]}},{"type":"Feature","properties":{"name":"大武崙隧道","base":"大武崙隧道","section":null,"tier":"easy","length_m":428,"district":"中山區"},"geometry":{"type":"MultiLineString","coordinates":[[[121.71916,25.14349],[121.71868,25.14266],[121.71844,25.14237],[121.71817,25.14209],[121.71789,25.14183],[121.71762,25.14161],[121.7173,25.14138],[121.71684,25.14106],[121.7163,25.14073]]]}},{"type":"Feature","properties":{"name":"大竿林隧道","base":"大竿林隧道","section":null,"tier":"easy","length_m":440,"district":"中山區"},"geometry":{"type":"MultiLineString","coordinates":[[[121.71654,25.14067],[121.71695,25.14087],[121.71724,25.14102],[121.71751,25.14118],[121.71784,25.14139],[121.71818,25.14165],[121.71851,25.14191],[121.71874,25.14214],[121.71895,25.14237],[121.7191,25.14255],[121.71926,25.14277],[121.7194,25.143],[121.71952,25.14322],[121.71961,25.14337]]]}},{"type":"Feature","properties":{"name":"大華一路","base":"大華一路","section":null,"tier":"hard","length_m":1782,"district":"七堵區"},"geometry":{"type":"MultiLineString","coordinates":[[[121.71921,25.101],[121.71893,25.10135],[121.71891,25.10138],[121.71881,25.10153],[121.71878,25.10158],[121.71875,25.10165],[121.71867,25.10183],[121.71864,25.1019],[121.71859,25.10196],[121.71852,25.10199],[121.71843,25.10201],[121.71758,25.1021],[121.717,25.10216],[121.71685,25.10217],[121.71671,25.10217],[121.71656,25.10216],[121.7164,25.10214],[121.7155,25.10202],[121.71519,25.10197],[121.71508,25.10194],[121.71497,25.10189],[121.71487,25.10181],[121.71461,25.10153],[121.71448,25.10141],[121.71434,25.10134],[121.71416,25.10129],[121.714,25.10127],[121.71383,25.10129],[121.71367,25.10133],[121.71309,25.1015],[121.71295,25.1015]],[[121.71263,25.10142],[121.71254,25.1014],[121.71222,25.10132],[121.71199,25.10126],[121.7118,25.10121],[121.71156,25.10112],[121.7114,25.10105],[121.71127,25.10101],[121.71081,25.10085],[121.71049,25.10073],[121.71021,25.10061],[121.70989,25.10044],[121.70977,25.10038],[121.7097,25.10032],[121.70965,25.10026],[121.70963,25.10017],[121.7096,25.09999],[121.70957,25.09993],[121.70952,25.09988],[121.70943,25.09982],[121.7093,25.09977],[121.70895,25.09966],[121.70883,25.09961],[121.70874,25.09955],[121.7085,25.0994],[121.7083,25.09928],[121.70825,25.09926],[121.70822,25.09925],[121.70818,25.09926],[121.70812,25.09928]],[[121.70812,25.09928],[121.70779,25.09942]],[[121.70779,25.09942],[121.70764,25.09949],[121.70752,25.09951],[121.70739,25.09949],[121.70729,25.09944],[121.70723,25.09939],[121.70721,25.09937],[121.70708,25.0992],[121.70689,25.09898],[121.70667,25.09879],[121.70642,25.09858],[121.70614,25.09833],[121.70606,25.09826],[121.70599,25.09816],[121.70596,25.09811],[121.70595,25.09806],[121.70595,25.09801]],[[121.70595,25.09801],[121.70607,25.09772]],[[121.70607,25.09772],[121.70616,25.0975],[121.70619,25.09738],[121.7062,25.09724],[121.70622,25.0965]],[[121.71295,25.1015],[121.71286,25.10148]],[[121.71944,25.10076],[121.71921,25.101]]]}},{"type":"Feature","properties":{"name":"大華三路","base":"大華三路","section":null,"tier":"hard","length_m":13938,"district":"七堵區"},"geometry":{"type":"MultiLineString","coordinates":[[[121.67618,25.14473],[121.6764,25.14485],[121.6769,25.14507],[121.6773,25.1454],[121.67756,25.14571],[121.67772,25.14579],[121.67785,25.14581],[121.67807,25.14582],[121.6783,25.14594],[121.67845,25.14608],[121.67866,25.14621],[121.67895,25.14635],[121.6792,25.14645],[121.67938,25.14648],[121.67945,25.14641],[121.67948,25.14635],[121.67948,25.14631],[121.67946,25.14625],[121.67934,25.14616],[121.67915,25.14602],[121.67899,25.14589],[121.67893,25.1458],[121.67895,25.14557],[121.67896,25.14529],[121.67904,25.14509],[121.67898,25.14496],[121.6789,25.14491],[121.67878,25.14491],[121.6787,25.14496],[121.67861,25.14508],[121.67854,25.14516],[121.67845,25.1452],[121.67838,25.14518],[121.67831,25.14514],[121.67828,25.14506],[121.67831,25.14488],[121.67834,25.14477],[121.67834,25.14465],[121.6783,25.14448],[121.67819,25.1443],[121.6781,25.14419],[121.67801,25.14413],[121.6779,25.14408],[121.67771,25.14402],[121.67757,25.14393],[121.67747,25.14379],[121.67747,25.14364],[121.67754,25.14355],[121.67773,25.14345],[121.67792,25.14337],[121.67804,25.14328],[121.67805,25.14317],[121.67795,25.14294],[121.67787,25.14278],[121.67778,25.14267],[121.67772,25.14262],[121.67755,25.14254],[121.67743,25.14242],[121.67734,25.1423],[121.67733,25.14218],[121.67737,25.14205],[121.67754,25.14194],[121.67779,25.14181],[121.67807,25.14172],[121.67837,25.14165],[121.6784,25.14163],[121.67841,25.14163],[121.6785,25.14157],[121.67861,25.1415],[121.6787,25.14138],[121.67874,25.14124],[121.67878,25.1411],[121.67893,25.14063],[121.67903,25.14047],[121.67924,25.14034],[121.67939,25.14018],[121.67945,25.14006],[121.67944,25.13988],[121.67948,25.13969],[121.67955,25.13955],[121.67964,25.13943],[121.67971,25.13935],[121.67984,25.13931],[121.68001,25.13934],[121.68012,25.13937],[121.68026,25.13937],[121.68045,25.13935],[121.68057,25.13939],[121.68069,25.13951],[121.68083,25.1396],[121.68113,25.13982],[121.68134,25.13995],[121.68147,25.14001],[121.68166,25.14006],[121.68175,25.14012],[121.68182,25.14015],[121.68192,25.14032],[121.68186,25.14089],[121.68193,25.14107],[121.68193,25.14118],[121.68179,25.14137],[121.68155,25.14163],[121.6815,25.14169],[121.6815,25.14182],[121.68152,25.14199],[121.68149,25.14214],[121.68137,25.14231],[121.68127,25.14244],[121.68125,25.14261],[121.68128,25.14276],[121.68144,25.14299],[121.68158,25.14313],[121.68167,25.1432],[121.68178,25.14327],[121.68197,25.14335],[121.68213,25.14338],[121.68226,25.14344],[121.68236,25.14345],[121.6825,25.14345],[121.68266,25.14341],[121.68282,25.1434],[121.68296,25.14339],[121.68311,25.14336],[121.68337,25.14336],[121.68358,25.14335],[121.6838,25.14334],[121.68411,25.14334],[121.68427,25.14333],[121.68441,25.14327],[121.68463,25.14311],[121.68496,25.14289],[121.6854,25.14267],[121.68567,25.1426],[121.68584,25.14257],[121.68596,25.1425],[121.68601,25.14231],[121.68608,25.14215],[121.68608,25.14182],[121.68617,25.14171],[121.68627,25.14163],[121.68638,25.14156],[121.68657,25.14157],[121.68683,25.14161],[121.68695,25.14161],[121.68738,25.14156]],[[121.67185,25.14095],[121.67209,25.14112],[121.67227,25.14123],[121.67254,25.14144],[121.67268,25.14168],[121.67273,25.14196],[121.67268,25.14217],[121.67268,25.14229],[121.67275,25.14245],[121.67278,25.1425],[121.67285,25.14252],[121.67298,25.14242]],[[121.65655,25.14134],[121.65669,25.14125],[121.65687,25.14109],[121.65701,25.141],[121.65731,25.14094],[121.65749,25.14099],[121.65773,25.14113],[121.65796,25.14122],[121.65818,25.14111],[121.65833,25.14088],[121.65843,25.14068],[121.65859,25.14052],[121.65885,25.14043],[121.65904,25.14037],[121.65921,25.14039],[121.65934,25.14046],[121.65947,25.14044],[121.65962,25.14039],[121.65987,25.14043],[121.66019,25.14047],[121.66044,25.14048],[121.66061,25.14055],[121.66071,25.14057],[121.66102,25.14046],[121.66126,25.14038],[121.66131,25.14034],[121.66148,25.14021],[121.66157,25.14013],[121.66167,25.14001],[121.66197,25.13992],[121.6621,25.13977],[121.66217,25.13956],[121.66221,25.1394],[121.66241,25.13927],[121.66267,25.13911],[121.66283,25.139],[121.66297,25.13889],[121.66314,25.13886],[121.66327,25.13878],[121.66342,25.13842],[121.66354,25.13816],[121.66374,25.13785],[121.66389,25.13756],[121.66406,25.13728],[121.66417,25.137],[121.66421,25.13686],[121.66436,25.13672],[121.66443,25.13661],[121.6645,25.13619],[121.66452,25.13572],[121.66457,25.13557],[121.6647,25.13533],[121.66474,25.13509],[121.66474,25.13486],[121.66471,25.13469],[121.66462,25.13403],[121.66464,25.13388],[121.66474,25.1337],[121.66494,25.13354],[121.66518,25.13336],[121.66525,25.13318],[121.66533,25.13299],[121.66555,25.13286],[121.66602,25.13274],[121.66623,25.13269],[121.66655,25.13251],[121.66682,25.13242],[121.66702,25.13247],[121.66721,25.13252],[121.66734,25.13251],[121.66755,25.13245],[121.66777,25.13238],[121.66793,25.13222],[121.66814,25.13209],[121.66833,25.13199],[121.66841,25.1319],[121.66842,25.13166],[121.66842,25.13161],[121.6685,25.13154],[121.66878,25.13174],[121.66885,25.13181],[121.66888,25.13189],[121.66887,25.13199],[121.66882,25.13208],[121.66869,25.13224],[121.66867,25.1323],[121.66868,25.13234],[121.66872,25.13238],[121.66879,25.13239],[121.66885,25.13236],[121.669,25.13213],[121.66909,25.132],[121.66911,25.13192],[121.66912,25.13185],[121.6691,25.13171],[121.6691,25.13164],[121.66912,25.13161],[121.66915,25.13159],[121.6692,25.1316],[121.66923,25.13162],[121.66931,25.13183],[121.66943,25.13215],[121.66946,25.13218],[121.66952,25.1322],[121.66979,25.13218],[121.66986,25.13219],[121.66991,25.13223],[121.67001,25.13234],[121.67008,25.13237],[121.67014,25.13236],[121.67019,25.13231],[121.6702,25.13226],[121.6702,25.1322],[121.67014,25.13215],[121.66989,25.13202],[121.66984,25.13197],[121.66985,25.13192],[121.6699,25.13188],[121.66998,25.13188],[121.67012,25.13191],[121.6704,25.13203],[121.67044,25.13208],[121.67051,25.13221],[121.67057,25.13226],[121.67065,25.13228],[121.67074,25.13226],[121.67084,25.13224],[121.6712,25.13213],[121.67133,25.13208],[121.67148,25.13199],[121.67156,25.13193],[121.67159,25.13188],[121.6716,25.13182],[121.67155,25.13177],[121.67149,25.13176],[121.67126,25.13181],[121.67117,25.13179],[121.67111,25.13174],[121.67112,25.13168],[121.67115,25.13164],[121.6712,25.13162],[121.67159,25.13156],[121.67172,25.13157],[121.67184,25.1316],[121.67206,25.13166],[121.67215,25.13168],[121.67237,25.13168],[121.67256,25.1317],[121.67333,25.13187],[121.67343,25.13188],[121.67349,25.13187],[121.67353,25.13186],[121.67356,25.13183],[121.67356,25.1318],[121.67355,25.13175],[121.6735,25.1317],[121.67335,25.13161],[121.67331,25.13157],[121.6733,25.13153],[121.67332,25.13149],[121.67338,25.13147],[121.67345,25.13147],[121.67365,25.13153],[121.67388,25.13161],[121.6741,25.13173],[121.67415,25.13175],[121.6742,25.13174],[121.67423,25.13172],[121.67425,25.13168],[121.67425,25.13164],[121.67423,25.1316],[121.67391,25.13128],[121.67383,25.13117],[121.67382,25.13112],[121.67383,25.13107],[121.67387,25.13102],[121.67395,25.13099]],[[121.66999,25.139],[121.67004,25.139],[121.67018,25.13893],[121.67027,25.13878],[121.6704,25.13856],[121.6705,25.13843],[121.67061,25.13838],[121.67073,25.13843],[121.67084,25.13852],[121.67095,25.13858],[121.67109,25.13857],[121.67129,25.13847],[121.67146,25.13845],[121.67163,25.1385],[121.67171,25.13865],[121.67176,25.13893],[121.67182,25.13983],[121.6718,25.13994],[121.67169,25.14011],[121.67143,25.14042],[121.6714,25.14053],[121.67143,25.14061],[121.67185,25.14095]],[[121.67399,25.13085],[121.67402,25.13076],[121.67411,25.13058],[121.6744,25.13041],[121.67488,25.13026],[121.67509,25.13023],[121.67522,25.13028],[121.67531,25.13032],[121.67549,25.13024],[121.67564,25.13012],[121.67574,25.12994],[121.67599,25.12981],[121.67626,25.12974],[121.6764,25.12966],[121.67662,25.12944],[121.6769,25.12918]],[[121.6769,25.12918],[121.677,25.12909],[121.6772,25.12902],[121.67745,25.12884],[121.67751,25.12868],[121.67761,25.12847],[121.67777,25.12816],[121.67799,25.12793],[121.6781,25.12779],[121.67816,25.12751],[121.67812,25.1272],[121.67831,25.12685],[121.67845,25.12655],[121.6786,25.12628],[121.67869,25.1261],[121.67878,25.12579],[121.67889,25.12553],[121.67909,25.12534],[121.67938,25.12504],[121.67954,25.12481],[121.67964,25.12465],[121.67964,25.12464],[121.67967,25.12455],[121.67962,25.12439],[121.67951,25.12426],[121.67934,25.12407],[121.67926,25.12392],[121.67926,25.12374],[121.67926,25.12366],[121.67929,25.12339],[121.67938,25.1229],[121.67942,25.12273],[121.67952,25.12252],[121.67988,25.12202],[121.68005,25.1218],[121.68039,25.12156],[121.68064,25.12135],[121.68095,25.1212],[121.68118,25.12107],[121.68137,25.12086],[121.68138,25.12063],[121.68128,25.12032],[121.68115,25.12013],[121.68108,25.11991],[121.681,25.11969],[121.68089,25.11948],[121.68081,25.11913],[121.6808,25.1188],[121.68079,25.11864],[121.68068,25.11841],[121.68062,25.11823],[121.68062,25.11793],[121.68065,25.11752],[121.68066,25.11741],[121.68066,25.11719],[121.68069,25.11694],[121.68072,25.1168],[121.68087,25.11626],[121.68103,25.11574],[121.68107,25.1154],[121.68108,25.11522],[121.68111,25.11508],[121.68117,25.11497],[121.68128,25.11489],[121.68143,25.11475],[121.68151,25.11467],[121.68165,25.11446],[121.6818,25.11433],[121.68202,25.11412],[121.6822,25.11394],[121.6823,25.11366],[121.68243,25.1135],[121.68266,25.11335],[121.68298,25.11322],[121.68313,25.11316],[121.68324,25.11302],[121.68346,25.11267],[121.6836,25.1125],[121.68373,25.1124],[121.68387,25.11239],[121.68412,25.11239],[121.6843,25.1124],[121.6845,25.11232],[121.68474,25.11218],[121.68485,25.11216],[121.68495,25.11214],[121.68523,25.11217],[121.68548,25.11217],[121.68559,25.11214],[121.6857,25.11207],[121.68584,25.11195],[121.68608,25.11163],[121.68633,25.11119]],[[121.67398,25.1329],[121.6743,25.13232],[121.67445,25.13211],[121.67456,25.13189],[121.67456,25.13173],[121.67448,25.1315],[121.67428,25.13133],[121.67411,25.13118],[121.67395,25.13099],[121.67396,25.13094]],[[121.67396,25.13094],[121.67399,25.13085]],[[121.67305,25.14237],[121.67382,25.14183],[121.67395,25.14177],[121.67411,25.14182],[121.67428,25.14209]],[[121.67298,25.14242],[121.67305,25.14237]],[[121.67428,25.14209],[121.6745,25.14244],[121.67468,25.14264],[121.67487,25.14296],[121.67502,25.14308],[121.67524,25.14316],[121.67559,25.14325],[121.67579,25.14346],[121.67589,25.14388],[121.67596,25.14437],[121.67616,25.14469]],[[121.67616,25.14469],[121.67618,25.14473]],[[121.67195,25.13759],[121.67197,25.13754],[121.67197,25.13746],[121.67194,25.13734],[121.67193,25.13726],[121.67199,25.13659],[121.67205,25.13636],[121.67217,25.13611],[121.67238,25.13577],[121.67299,25.13508],[121.67326,25.13482],[121.67334,25.13469],[121.67347,25.13445],[121.67355,25.13406],[121.67361,25.13369],[121.67382,25.13322],[121.67385,25.13317],[121.67391,25.13304]],[[121.65655,25.14134],[121.65663,25.14142],[121.65665,25.14155],[121.65654,25.14172],[121.65634,25.14196],[121.65628,25.14208],[121.65625,25.14219],[121.65629,25.14233],[121.6564,25.14246],[121.65652,25.14258],[121.65654,25.14268],[121.65652,25.14278],[121.65639,25.14287],[121.65614,25.14303],[121.65574,25.14338],[121.65554,25.1436],[121.6554,25.14376],[121.65527,25.1439],[121.65519,25.14401],[121.65519,25.14411],[121.65523,25.14416],[121.65528,25.14421],[121.65546,25.14424],[121.65583,25.14425],[121.65598,25.14426],[121.65607,25.14427],[121.65624,25.14431],[121.65646,25.14434],[121.65666,25.14436],[121.65682,25.14437],[121.65704,25.14439],[121.65723,25.14438],[121.65745,25.14432],[121.65773,25.14437],[121.65788,25.14442],[121.65794,25.1444],[121.65793,25.14434],[121.65793,25.14427],[121.65782,25.1442],[121.65764,25.1441],[121.65752,25.14403],[121.65749,25.14396],[121.65756,25.14392],[121.65764,25.14394],[121.65797,25.14411],[121.65817,25.14421],[121.65832,25.14436],[121.6584,25.14442],[121.65848,25.14446],[121.65858,25.14446],[121.6587,25.14448],[121.65883,25.14451],[121.65905,25.14461],[121.65915,25.14463],[121.65933,25.14463],[121.65946,25.14459],[121.65966,25.14449],[121.65988,25.14437],[121.66016,25.14424],[121.66047,25.14423],[121.66064,25.14422],[121.6608,25.14422],[121.66098,25.14419],[121.66108,25.14415],[121.66112,25.14409],[121.66111,25.14402],[121.66108,25.14399],[121.66101,25.14397],[121.66078,25.14394],[121.66052,25.1439],[121.66037,25.14384],[121.66017,25.14372],[121.66005,25.14362],[121.66007,25.14353],[121.66013,25.14348],[121.66023,25.14347],[121.66046,25.14351],[121.66086,25.14359],[121.66114,25.14364],[121.66124,25.14365],[121.66138,25.14366],[121.66146,25.14364],[121.66154,25.14359],[121.66155,25.14352],[121.66153,25.14345],[121.66148,25.14325],[121.66143,25.14305],[121.66145,25.14296],[121.6615,25.14287],[121.66169,25.14265],[121.66182,25.14257],[121.66212,25.14251],[121.6624,25.14256],[121.66263,25.14261],[121.66277,25.14263],[121.66315,25.14257],[121.66331,25.14253],[121.66359,25.14254],[121.66376,25.14253],[121.66398,25.14245],[121.66449,25.14241],[121.66456,25.1424],[121.66466,25.14238],[121.66489,25.14224],[121.66501,25.14211],[121.66533,25.14201],[121.66579,25.14184],[121.66609,25.14176],[121.66626,25.14167],[121.6664,25.14156],[121.66686,25.14148],[121.66695,25.14147],[121.66696,25.14147],[121.66703,25.14147],[121.66719,25.14153],[121.66736,25.14161],[121.66752,25.14163],[121.66771,25.14156],[121.66778,25.14138],[121.66771,25.14119],[121.66769,25.14115],[121.66756,25.141],[121.66752,25.14081],[121.66761,25.14067],[121.66766,25.14058],[121.66782,25.14038],[121.66802,25.14018],[121.66823,25.13999],[121.66853,25.13997],[121.6689,25.14002],[121.66903,25.14003],[121.6693,25.14004],[121.66941,25.13993],[121.66961,25.13965],[121.66976,25.13936],[121.66999,25.139],[121.67022,25.13853],[121.67026,25.13841],[121.67035,25.13809],[121.67053,25.13786],[121.67061,25.13775],[121.67097,25.13762],[121.67131,25.13757],[121.67156,25.13763],[121.67173,25.13767]]]}},{"type":"Feature","properties":{"name":"大華二橋","base":"大華二橋","section":null,"tier":"easy","length_m":235,"district":"暖暖區"},"geometry":{"type":"MultiLineString","coordinates":[[[121.72164,25.10032],[121.72075,25.10022],[121.72003,25.10012],[121.71965,25.10006],[121.71941,25.10003],[121.71933,25.10001]]]}},{"type":"Feature","properties":{"name":"大華二路","base":"大華二路","section":null,"tier":"medium","length_m":3666,"district":"七堵區"},"geometry":{"type":"MultiLineString","coordinates":[[[121.68966,25.11072],[121.69016,25.11033],[121.69155,25.10934],[121.69167,25.10924],[121.69175,25.10913],[121.6918,25.10902],[121.69182,25.10895],[121.69223,25.10794],[121.69226,25.1078],[121.69227,25.10766],[121.69227,25.10747],[121.69221,25.1066],[121.69221,25.10651],[121.69222,25.10639],[121.69227,25.10627],[121.69244,25.10606],[121.69275,25.10573],[121.69309,25.10535],[121.69321,25.10524],[121.69342,25.10507]],[[121.69532,25.10275],[121.69543,25.10297],[121.69553,25.10308],[121.69561,25.10314],[121.69594,25.10334],[121.69611,25.10345],[121.6962,25.10356],[121.69626,25.1037],[121.69629,25.10388],[121.69634,25.10398],[121.69641,25.10404],[121.69647,25.1042],[121.6965,25.10437],[121.69649,25.10458],[121.69643,25.10465],[121.69636,25.10471],[121.69628,25.10478],[121.69617,25.10484],[121.69606,25.10488],[121.69594,25.10492],[121.6957,25.10498],[121.69556,25.105],[121.69542,25.105],[121.69524,25.10501],[121.69505,25.10501],[121.69483,25.10502],[121.69462,25.10507],[121.69446,25.10513],[121.69425,25.10512],[121.69412,25.10514],[121.69398,25.10513],[121.69383,25.1051],[121.69365,25.10505],[121.69351,25.10507],[121.69342,25.10507]],[[121.70061,25.09842],[121.70067,25.0986],[121.70079,25.09883],[121.70103,25.09921],[121.70106,25.0993],[121.70107,25.09938],[121.70106,25.09948],[121.70105,25.09955],[121.70103,25.09962],[121.70099,25.09973],[121.70077,25.10016],[121.7007,25.10024],[121.70061,25.10034],[121.70053,25.10041],[121.7004,25.10048],[121.70026,25.10055],[121.70007,25.10062],[121.69941,25.1008],[121.6992,25.10086],[121.69906,25.10089],[121.69889,25.10091],[121.69863,25.10095],[121.69846,25.10097],[121.69832,25.10098],[121.69818,25.101],[121.69729,25.10123]],[[121.70435,25.09508],[121.70434,25.09514],[121.70434,25.0952],[121.70427,25.09581]],[[121.69532,25.10275],[121.69539,25.10247],[121.69544,25.10226],[121.69556,25.10207],[121.69627,25.10156],[121.69639,25.10148],[121.69655,25.1014],[121.69672,25.10135],[121.69694,25.1013],[121.69729,25.10123]],[[121.69413,25.10465],[121.69439,25.10447],[121.69458,25.10426]],[[121.68666,25.11096],[121.68684,25.11091],[121.68694,25.11091],[121.68703,25.11093],[121.68714,25.11097],[121.68729,25.11107],[121.68737,25.11115],[121.68769,25.11138],[121.68785,25.11148],[121.68798,25.1115],[121.6881,25.11147]],[[121.70427,25.09581],[121.70423,25.09597],[121.70419,25.0961],[121.70415,25.09622],[121.70408,25.09637]],[[121.69512,25.10346],[121.69521,25.10321],[121.69527,25.103],[121.69532,25.10275]],[[121.69477,25.10405],[121.69487,25.10392],[121.69493,25.10381],[121.695,25.10371],[121.69501,25.10369],[121.69512,25.10346]],[[121.69458,25.10426],[121.69477,25.10405]],[[121.70061,25.09842],[121.70045,25.09804],[121.70043,25.09787],[121.70046,25.09773],[121.70051,25.09761],[121.7006,25.09751],[121.70072,25.09742],[121.70086,25.09738],[121.70103,25.09735],[121.70145,25.0974]],[[121.70408,25.09637],[121.70397,25.09652],[121.70384,25.09666],[121.70373,25.09677],[121.70359,25.09688],[121.70346,25.09697],[121.70334,25.09703],[121.7032,25.0971],[121.70308,25.09715],[121.70289,25.0972],[121.70264,25.09726],[121.70219,25.09733],[121.70165,25.09739],[121.70145,25.0974]],[[121.70145,25.0974],[121.70103,25.0974],[121.70087,25.09742],[121.70074,25.09746],[121.70063,25.09754],[121.70053,25.09768],[121.70051,25.09774],[121.70048,25.09787],[121.7005,25.09803],[121.70061,25.09842]],[[121.68633,25.11119],[121.68651,25.11105]],[[121.68824,25.11137],[121.68843,25.11126],[121.68879,25.11112],[121.68914,25.11092],[121.68939,25.11082],[121.68948,25.11078],[121.68966,25.11072]]]}},{"type":"Feature","properties":{"name":"大華橋","base":"大華橋","section":null,"tier":"hard","length_m":84,"district":"七堵區"},"geometry":{"type":"MultiLineString","coordinates":[[[121.71933,25.10001],[121.71934,25.1001],[121.71944,25.10076]]]}},{"type":"Feature","properties":{"name":"太白街","base":"太白街","section":null,"tier":"hard","length_m":561,"district":"中山區"},"geometry":{"type":"MultiLineString","coordinates":[[[121.74729,25.14759],[121.74716,25.1476],[121.74636,25.14757],[121.74623,25.14758],[121.74619,25.1476],[121.74616,25.14776],[121.74612,25.14791],[121.74612,25.14824],[121.74604,25.14833],[121.74575,25.14857],[121.74573,25.14858],[121.74557,25.14864],[121.74544,25.14866],[121.74507,25.14873],[121.74494,25.14875],[121.7446,25.14879],[121.74427,25.14885],[121.74421,25.14888],[121.7438,25.14915],[121.74372,25.14913],[121.74366,25.14915],[121.74357,25.14918],[121.74344,25.14918],[121.74328,25.14918],[121.74296,25.1491],[121.74289,25.14907],[121.74275,25.14894]]]}},{"type":"Feature","properties":{"name":"奮起橋","base":"奮起橋","section":null,"tier":"hard","length_m":16,"district":"安樂區"},"geometry":{"type":"MultiLineString","coordinates":[[[121.71275,25.13976],[121.71278,25.1399]]]}},{"type":"Feature","properties":{"name":"孝一路","base":"孝一路","section":null,"tier":"hard","length_m":334,"district":"仁愛區"},"geometry":{"type":"MultiLineString","coordinates":[[[121.73995,25.12785],[121.73999,25.1279]],[[121.73999,25.1279],[121.74005,25.12799],[121.74023,25.12827],[121.74037,25.12849],[121.74046,25.12862],[121.74094,25.12935],[121.74094,25.12937],[121.74096,25.12939],[121.74107,25.12956],[121.74119,25.12974],[121.74137,25.13002],[121.74161,25.13038],[121.74164,25.13043]]]}},{"type":"Feature","properties":{"name":"孝三路","base":"孝三路","section":null,"tier":"hard","length_m":322,"district":"仁愛區"},"geometry":{"type":"MultiLineString","coordinates":[[[121.73846,25.1288],[121.73863,25.12905],[121.7389,25.12947],[121.73908,25.12974],[121.73921,25.12993],[121.73939,25.13021],[121.73952,25.13041],[121.7398,25.13084],[121.73988,25.13096],[121.74006,25.13123],[121.7401,25.13129]]]}},{"type":"Feature","properties":{"name":"孝二路","base":"孝二路","section":null,"tier":"medium","length_m":589,"district":"仁愛區"},"geometry":{"type":"MultiLineString","coordinates":[[[121.7397,25.12903],[121.73969,25.12901],[121.73943,25.12861],[121.73923,25.12834]],[[121.74097,25.13096],[121.74089,25.13085]],[[121.74031,25.12997],[121.74018,25.12977],[121.7397,25.12903]],[[121.73974,25.12901],[121.74025,25.12979],[121.74026,25.12981],[121.74035,25.12995],[121.74084,25.13071],[121.74092,25.13083]],[[121.74089,25.13085],[121.7406,25.13041],[121.74031,25.12997]],[[121.74092,25.13083],[121.741,25.13094]]]}},{"type":"Feature","properties":{"name":"孝四路","base":"孝四路","section":null,"tier":"hard","length_m":293,"district":"仁愛區"},"geometry":{"type":"MultiLineString","coordinates":[[[121.73859,25.13092],[121.73847,25.13072],[121.73843,25.13064],[121.73839,25.13056],[121.7383,25.13034],[121.73826,25.13025],[121.7382,25.12996],[121.73813,25.12989]],[[121.73987,25.13157],[121.73968,25.13153]],[[121.73968,25.13153],[121.73933,25.13156]],[[121.73885,25.13132],[121.73876,25.13118],[121.7387,25.1311],[121.73869,25.13107],[121.73859,25.13092]],[[121.73933,25.13156],[121.73912,25.13155],[121.73908,25.13155],[121.73904,25.13154],[121.739,25.13153],[121.73897,25.1315],[121.73885,25.13132]]]}},{"type":"Feature","properties":{"name":"孝東路","base":"孝東路","section":null,"tier":"medium","length_m":1690,"district":"信義區"},"geometry":{"type":"MultiLineString","coordinates":[[[121.78042,25.12843],[121.7802,25.12844],[121.77901,25.12854],[121.77889,25.12853],[121.77881,25.1285],[121.77874,25.12846],[121.77847,25.12826],[121.77829,25.12814],[121.77813,25.12808],[121.77804,25.12806],[121.7776,25.12803],[121.77747,25.12803],[121.77722,25.12808],[121.77706,25.12812],[121.77648,25.12824],[121.7754,25.12827],[121.77522,25.12823],[121.77487,25.12809],[121.77464,25.12798],[121.77454,25.12795],[121.77442,25.12794],[121.7743,25.12796],[121.77418,25.128],[121.77412,25.12802],[121.77395,25.12815],[121.77373,25.12834],[121.77297,25.12903],[121.7728,25.12908]],[[121.7728,25.12908],[121.77288,25.12899],[121.77303,25.12889],[121.77388,25.12808],[121.77407,25.12794],[121.77416,25.1279],[121.77425,25.12788],[121.77436,25.12786],[121.77444,25.12786],[121.77454,25.12788],[121.77474,25.12794],[121.77491,25.12802],[121.77526,25.12817],[121.77535,25.1282],[121.77543,25.1282],[121.77565,25.12819],[121.77605,25.12817],[121.77643,25.12818],[121.77666,25.12813],[121.77695,25.12805],[121.77749,25.12793],[121.77756,25.12793],[121.77762,25.12793]],[[121.77762,25.12793],[121.77788,25.12794],[121.77809,25.12798],[121.77824,25.12804],[121.77836,25.1281],[121.7785,25.12819],[121.77871,25.12834],[121.77881,25.12841],[121.7789,25.12846],[121.77895,25.12846],[121.779,25.12846],[121.78022,25.12837],[121.7804,25.12837]]]}},{"type":"Feature","properties":{"name":"安一路","base":"安一路","section":null,"tier":"easy","length_m":1886,"district":"安樂區"},"geometry":{"type":"MultiLineString","coordinates":[[[121.73742,25.13146],[121.73686,25.13152],[121.7368,25.13152],[121.73676,25.13152],[121.73602,25.13149],[121.73549,25.13162],[121.73544,25.13163]],[[121.7302,25.13406],[121.7302,25.13401],[121.73018,25.13396],[121.73013,25.1339],[121.73006,25.13386],[121.72998,25.13383],[121.72987,25.13381],[121.72947,25.13387],[121.72927,25.13388],[121.72917,25.13388],[121.72889,25.13386],[121.72864,25.13382],[121.72842,25.1338],[121.72832,25.13377],[121.72825,25.13373],[121.72816,25.13368],[121.72808,25.13362],[121.72763,25.13323],[121.72759,25.13316],[121.72757,25.13309],[121.72757,25.13302],[121.72757,25.13295],[121.72758,25.13288],[121.7276,25.1328],[121.72763,25.13274],[121.72767,25.13268],[121.72772,25.13262],[121.72779,25.13257],[121.72787,25.13253],[121.72939,25.1321],[121.72948,25.13209],[121.72956,25.13208],[121.72964,25.13208],[121.72971,25.13208],[121.72978,25.1321],[121.72983,25.13212],[121.73033,25.13249],[121.73037,25.13253],[121.73046,25.1326],[121.73054,25.13266],[121.73058,25.13269],[121.73062,25.13271],[121.73067,25.13272],[121.73071,25.13273],[121.73076,25.13274],[121.73081,25.13275],[121.73085,25.13276],[121.7309,25.13276],[121.73096,25.13276],[121.73102,25.13275],[121.73109,25.13273],[121.73114,25.13272],[121.73145,25.13264],[121.73289,25.13234],[121.73329,25.13222],[121.73439,25.13191],[121.73484,25.13179],[121.7349,25.13178],[121.73497,25.13176]],[[121.73505,25.13174],[121.73537,25.13165],[121.73544,25.13163]],[[121.72572,25.13388],[121.72578,25.13382]],[[121.72578,25.13382],[121.72585,25.13376],[121.72593,25.13371],[121.72601,25.13367],[121.72609,25.13365],[121.72615,25.13364],[121.72622,25.13363],[121.72629,25.13362],[121.72637,25.13362],[121.72644,25.13363],[121.72651,25.13364],[121.72658,25.13365],[121.72728,25.13394],[121.72794,25.13425],[121.72817,25.13431],[121.72843,25.13431],[121.72868,25.13431],[121.72999,25.13428],[121.73008,25.13426],[121.73015,25.1342],[121.73019,25.13414],[121.7302,25.13411],[121.7302,25.13406]]]}},{"type":"Feature","properties":{"name":"安一路100巷","base":"安一路100巷","section":null,"tier":"hard","length_m":331,"lane":true,"district":"安樂區"},"geometry":{"type":"MultiLineString","coordinates":[[[121.7349,25.13178],[121.73493,25.1319],[121.7349,25.13195],[121.73482,25.13208],[121.73469,25.13228],[121.73461,25.13241],[121.73452,25.13257],[121.73448,25.13264],[121.73444,25.13269],[121.73435,25.13284],[121.73423,25.13302],[121.73405,25.13316],[121.73399,25.13321],[121.73388,25.1333],[121.73382,25.13342],[121.73367,25.13343],[121.7336,25.13346],[121.73339,25.13347],[121.73325,25.13345],[121.73287,25.1334],[121.73272,25.13339]]]}},{"type":"Feature","properties":{"name":"安一路177巷","base":"安一路177巷","section":null,"tier":"hard","length_m":202,"lane":true,"district":"安樂區"},"geometry":{"type":"MultiLineString","coordinates":[[[121.73289,25.13234],[121.73269,25.13225],[121.7326,25.13226],[121.73257,25.13224],[121.73204,25.13221],[121.73191,25.13224],[121.7317,25.1323],[121.73156,25.13231],[121.7315,25.13231],[121.73135,25.13227],[121.73098,25.13244]]]}},{"type":"Feature","properties":{"name":"安中橋","base":"安中橋","section":null,"tier":"easy","length_m":268,"district":"安樂區"},"geometry":{"type":"MultiLineString","coordinates":[[[121.7041,25.16481],[121.70387,25.16468],[121.70372,25.16455],[121.70352,25.16427],[121.70331,25.16385]],[[121.70337,25.16382],[121.70358,25.16426],[121.70377,25.16452],[121.70393,25.16466],[121.70411,25.16476]]]}},{"type":"Feature","properties":{"name":"安和一街","base":"安和一街","section":null,"tier":"hard","length_m":1638,"district":"安樂區"},"geometry":{"type":"MultiLineString","coordinates":[[[121.72289,25.12462],[121.72306,25.12465],[121.72323,25.12473],[121.72336,25.12485],[121.72341,25.12501],[121.72342,25.12512],[121.72336,25.12549],[121.72337,25.12561],[121.72341,25.12571],[121.72349,25.12582],[121.72364,25.12592],[121.72375,25.12598],[121.72403,25.12618],[121.72443,25.12644],[121.72462,25.12659],[121.72468,25.12666],[121.72475,25.12676],[121.72486,25.12718],[121.7249,25.12734],[121.72491,25.12743],[121.72494,25.1276],[121.72494,25.12775],[121.72487,25.12822],[121.7248,25.12847],[121.72469,25.12868],[121.7246,25.12877],[121.72456,25.12879],[121.72451,25.12881],[121.72443,25.12882],[121.72417,25.12878],[121.72393,25.12871],[121.72349,25.12859],[121.72273,25.12837],[121.72248,25.12827],[121.72243,25.12813],[121.72233,25.12794],[121.7222,25.12762],[121.72212,25.12709],[121.72203,25.12652],[121.722,25.12624],[121.72202,25.12604],[121.72205,25.12586],[121.72217,25.12551],[121.72227,25.12532],[121.7223,25.12525],[121.7224,25.12512],[121.72244,25.12502],[121.72249,25.1248],[121.72256,25.12473],[121.72265,25.12469],[121.72289,25.12462]],[[121.72405,25.12137],[121.7237,25.1217],[121.72351,25.12188],[121.72343,25.12195],[121.72316,25.12224],[121.72312,25.12233],[121.72308,25.12241],[121.72305,25.12248],[121.72298,25.12278],[121.72295,25.12314],[121.7229,25.12422],[121.72289,25.12462]]]}},{"type":"Feature","properties":{"name":"安和一街6巷","base":"安和一街6巷","section":null,"tier":"hard","length_m":538,"lane":true,"district":"安樂區"},"geometry":{"type":"MultiLineString","coordinates":[[[121.72316,25.12224],[121.72333,25.1224],[121.72351,25.12255],[121.72396,25.12293],[121.72399,25.12295],[121.72415,25.1231],[121.7246,25.12344],[121.72474,25.12356],[121.72483,25.12373],[121.72479,25.12383],[121.72468,25.1239],[121.72436,25.12384],[121.72368,25.12372],[121.72356,25.12377],[121.72354,25.12386],[121.72357,25.12393],[121.72369,25.12402],[121.72385,25.12411],[121.72401,25.12418],[121.72437,25.12433],[121.72484,25.12442]]]}},{"type":"Feature","properties":{"name":"安樂4橋","base":"安樂4橋","section":null,"tier":"hard","length_m":25,"district":"安樂區"},"geometry":{"type":"MultiLineString","coordinates":[[[121.70714,25.14177],[121.70708,25.14155]]]}},{"type":"Feature","properties":{"name":"安樂5橋","base":"安樂5橋","section":null,"tier":"hard","length_m":21,"district":"安樂區"},"geometry":{"type":"MultiLineString","coordinates":[[[121.70965,25.14189],[121.70951,25.14175]]]}},{"type":"Feature","properties":{"name":"安樂6橋","base":"安樂6橋","section":null,"tier":"hard","length_m":30,"district":"安樂區"},"geometry":{"type":"MultiLineString","coordinates":[[[121.71094,25.1403],[121.71097,25.14038],[121.71103,25.14056]]]}},{"type":"Feature","properties":{"name":"安樂橋","base":"安樂橋","section":null,"tier":"medium","length_m":21,"district":"中山區"},"geometry":{"type":"MultiLineString","coordinates":[[[121.7362,25.12929],[121.73622,25.1293]],[[121.73622,25.1293],[121.73637,25.1294]]]}},{"type":"Feature","properties":{"name":"安樂路一段（安樂區）","base":"安樂路（安樂區）","section":"一段","tier":"medium","length_m":611,"district":"安樂區"},"geometry":{"type":"MultiLineString","coordinates":[[[121.73158,25.12645],[121.73246,25.12757],[121.73256,25.12772],[121.73306,25.12844],[121.73334,25.1287],[121.73339,25.12874],[121.73363,25.12891],[121.73383,25.12902],[121.73399,25.12907],[121.73407,25.12909],[121.73469,25.12922],[121.7353,25.12932],[121.73544,25.12933],[121.73583,25.12929],[121.73605,25.12928],[121.73612,25.12928],[121.7362,25.12929]]]}},{"type":"Feature","properties":{"name":"安樂路二段（安樂區2）","base":"安樂路（安樂區2）","section":"二段","tier":"medium","length_m":806,"district":"安樂區"},"geometry":{"type":"MultiLineString","coordinates":[[[121.72262,25.1201],[121.72272,25.1202],[121.72274,25.12023]],[[121.72296,25.12042],[121.72322,25.12065],[121.72405,25.12137],[121.72474,25.12196],[121.72542,25.12255],[121.72613,25.1232]],[[121.72613,25.1232],[121.72639,25.12342],[121.72649,25.1235],[121.72658,25.12356],[121.72676,25.12366],[121.72775,25.12415],[121.72815,25.12447],[121.72871,25.12477],[121.72885,25.12482],[121.72897,25.12487]]]}},{"type":"Feature","properties":{"name":"富民橋","base":"富民橋","section":null,"tier":"hard","length_m":17,"district":"七堵區"},"geometry":{"type":"MultiLineString","coordinates":[[[121.67391,25.13304],[121.67398,25.1329]]]}},{"type":"Feature","properties":{"name":"富狗橋","base":"富狗橋","section":null,"tier":"easy","length_m":99,"district":"仁愛區"},"geometry":{"type":"MultiLineString","coordinates":[[[121.74404,25.13043],[121.74409,25.13051],[121.74425,25.13074],[121.7443,25.13081]],[[121.74424,25.13084],[121.7442,25.13077],[121.74403,25.13054],[121.74398,25.13046]]]}},{"type":"Feature","properties":{"name":"實踐橋","base":"實踐橋","section":null,"tier":"medium","length_m":191,"district":"七堵區","area":"六堵"},"geometry":{"type":"MultiLineString","coordinates":[[[121.6931,25.07829],[121.69312,25.07915]],[[121.69304,25.07915],[121.69303,25.07829]]]}},{"type":"Feature","properties":{"name":"實踐路","base":"實踐路","section":null,"tier":"medium","length_m":2919,"district":"七堵區","area":"六堵"},"geometry":{"type":"MultiLineString","coordinates":[[[121.69698,25.09029],[121.69696,25.09027],[121.69687,25.09015]],[[121.69312,25.07915],[121.69312,25.07919],[121.69312,25.0795],[121.69312,25.07952],[121.69314,25.0797],[121.69317,25.07985],[121.69325,25.07999],[121.69365,25.08064],[121.69409,25.08135],[121.69417,25.08151],[121.69426,25.08168],[121.69429,25.08176],[121.6943,25.08184]],[[121.69303,25.07829],[121.6931,25.07798]],[[121.6931,25.07798],[121.6931,25.07829]],[[121.69687,25.09015],[121.6958,25.0883],[121.69557,25.08791],[121.69526,25.08756],[121.69416,25.0869],[121.69379,25.08668],[121.69367,25.08657],[121.69359,25.08642],[121.69355,25.08625],[121.69356,25.08612],[121.6936,25.08588],[121.69362,25.08579],[121.69381,25.08489],[121.69382,25.08481]],[[121.6943,25.08184],[121.69431,25.08194],[121.69433,25.08209],[121.69435,25.08241],[121.69435,25.08255],[121.69433,25.08272],[121.69431,25.08284],[121.69424,25.08318],[121.69403,25.08411],[121.69392,25.08474],[121.6939,25.08482],[121.69388,25.0849],[121.69369,25.0858],[121.69365,25.08601],[121.69363,25.08611],[121.69362,25.0862],[121.69363,25.0863],[121.69365,25.08639],[121.69368,25.08647],[121.69374,25.08656],[121.69385,25.08665],[121.69419,25.08686],[121.69494,25.08731],[121.69532,25.08754],[121.69537,25.08756],[121.69561,25.08783],[121.69587,25.08827],[121.69652,25.08939],[121.69688,25.09001],[121.69695,25.09012]],[[121.69695,25.09012],[121.69702,25.09023],[121.69704,25.09026],[121.69707,25.09029],[121.69714,25.09039]],[[121.69423,25.08185],[121.69421,25.08177],[121.69417,25.08168],[121.69411,25.08154],[121.69373,25.0809],[121.69353,25.08058],[121.69315,25.07999],[121.69308,25.07982],[121.69304,25.07964],[121.69304,25.07952],[121.69304,25.0795],[121.69304,25.0792],[121.69304,25.07915]],[[121.69708,25.09042],[121.69698,25.09029]],[[121.69382,25.08481],[121.69384,25.08473],[121.69401,25.0839],[121.6942,25.08308],[121.69426,25.08278],[121.69428,25.0826],[121.69428,25.08241],[121.69426,25.08203],[121.69425,25.08195],[121.69423,25.08185]]]}},{"type":"Feature","properties":{"name":"實踐路253巷","base":"實踐路253巷","section":null,"tier":"hard","length_m":1459,"lane":true,"district":"七堵區"},"geometry":{"type":"MultiLineString","coordinates":[[[121.68043,25.08872],[121.68025,25.0887],[121.67999,25.08863],[121.67961,25.08847],[121.67923,25.08827],[121.67803,25.08753],[121.67684,25.08679],[121.6768,25.08676],[121.6766,25.08664],[121.67647,25.08655]],[[121.67599,25.08626],[121.67365,25.08487],[121.67356,25.08486],[121.67347,25.08488]],[[121.68226,25.08719],[121.68228,25.08706],[121.68227,25.08641],[121.6822,25.08604],[121.68224,25.08574],[121.6823,25.08565],[121.6824,25.08562],[121.68294,25.08563],[121.683,25.08559],[121.68306,25.08554],[121.6831,25.08542],[121.68312,25.08522],[121.68315,25.08512],[121.68331,25.08475],[121.68332,25.08465],[121.68328,25.08444],[121.68323,25.08419],[121.68326,25.0841],[121.68331,25.08403],[121.68337,25.08401],[121.68343,25.08402],[121.6835,25.08404],[121.68358,25.08402],[121.68374,25.08388],[121.68396,25.08381]],[[121.68124,25.0886],[121.68195,25.08787],[121.68209,25.08766],[121.68221,25.08744],[121.68225,25.08724]]]}},{"type":"Feature","properties":{"name":"實踐路294巷","base":"實踐路294巷","section":null,"tier":"hard","length_m":231,"lane":true,"district":"七堵區","area":"六堵"},"geometry":{"type":"MultiLineString","coordinates":[[[121.69537,25.08756],[121.6975,25.08833]]]}},{"type":"Feature","properties":{"name":"寧靜街","base":"寧靜街","section":null,"tier":"hard","length_m":335,"district":"暖暖區"},"geometry":{"type":"MultiLineString","coordinates":[[[121.74043,25.10427],[121.74033,25.10423],[121.74024,25.10422],[121.74015,25.10423],[121.73987,25.10435],[121.73934,25.10454],[121.73919,25.1046],[121.73903,25.10465],[121.73857,25.10485],[121.73851,25.10489],[121.73836,25.105]],[[121.73836,25.105],[121.73813,25.10516],[121.73792,25.10526],[121.73761,25.10538],[121.73753,25.10537],[121.73748,25.10536],[121.73744,25.10534]]]}},{"type":"Feature","properties":{"name":"寧靜街60巷","base":"寧靜街60巷","section":null,"tier":"hard","length_m":45,"lane":true,"district":"暖暖區"},"geometry":{"type":"MultiLineString","coordinates":[[[121.74043,25.10427],[121.74057,25.10434],[121.74082,25.10446]]]}},{"type":"Feature","properties":{"name":"寶馬橋","base":"寶馬橋","section":null,"tier":"hard","length_m":50,"district":"仁愛區"},"geometry":{"type":"MultiLineString","coordinates":[[[121.74926,25.12872],[121.74926,25.12866],[121.74924,25.12837],[121.74923,25.12827]]]}},{"type":"Feature","properties":{"name":"尚仁橋","base":"尚仁橋","section":null,"tier":"hard","length_m":58,"district":"七堵區"},"geometry":{"type":"MultiLineString","coordinates":[[[121.72707,25.11097],[121.72763,25.11084]]]}},{"type":"Feature","properties":{"name":"尚仁街","base":"尚仁街","section":null,"tier":"hard","length_m":781,"district":"暖暖區"},"geometry":{"type":"MultiLineString","coordinates":[[[121.72763,25.11084],[121.72774,25.11083],[121.72786,25.11083],[121.72809,25.11091],[121.72831,25.11098],[121.72882,25.11122],[121.72931,25.11133],[121.72975,25.11145],[121.73027,25.11163],[121.73152,25.11177],[121.73189,25.1118],[121.73199,25.11176],[121.7325,25.11141],[121.73284,25.11117],[121.73293,25.11097],[121.73294,25.11089],[121.73296,25.11079],[121.73322,25.11032],[121.73351,25.10992],[121.73357,25.10984],[121.73369,25.10976],[121.73382,25.1097],[121.734,25.10965]]]}},{"type":"Feature","properties":{"name":"崇信街","base":"崇信街","section":null,"tier":"hard","length_m":440,"district":"七堵區"},"geometry":{"type":"MultiLineString","coordinates":[[[121.71209,25.10004],[121.71218,25.09981],[121.71223,25.0997],[121.71232,25.09948],[121.71238,25.09934],[121.71249,25.09909],[121.71263,25.09872],[121.71279,25.09837],[121.71292,25.09809],[121.71305,25.09782],[121.71323,25.09744],[121.71324,25.09739],[121.71345,25.09693]],[[121.71376,25.09623],[121.7139,25.09594],[121.71403,25.09567]]]}},{"type":"Feature","properties":{"name":"崇信街15巷","base":"崇信街15巷","section":null,"tier":"hard","length_m":75,"lane":true,"district":"七堵區"},"geometry":{"type":"MultiLineString","coordinates":[[[121.71292,25.09809],[121.71222,25.09785]]]}},{"type":"Feature","properties":{"name":"崇信街21巷","base":"崇信街21巷","section":null,"tier":"hard","length_m":75,"lane":true,"district":"七堵區"},"geometry":{"type":"MultiLineString","coordinates":[[[121.71279,25.09837],[121.7121,25.09812]]]}},{"type":"Feature","properties":{"name":"崇信街37巷","base":"崇信街37巷","section":null,"tier":"hard","length_m":172,"lane":true,"district":"七堵區"},"geometry":{"type":"MultiLineString","coordinates":[[[121.71087,25.0986],[121.71177,25.09885],[121.71249,25.09909]]]}},{"type":"Feature","properties":{"name":"崇信街41巷","base":"崇信街41巷","section":null,"tier":"hard","length_m":250,"lane":true,"district":"七堵區"},"geometry":{"type":"MultiLineString","coordinates":[[[121.71232,25.09948],[121.71171,25.09929],[121.71159,25.09925],[121.71148,25.09922],[121.71129,25.09915],[121.71102,25.09907],[121.71086,25.09898]],[[121.71086,25.09898],[121.71085,25.09868],[121.71087,25.0986],[121.71087,25.09845],[121.71089,25.09815]]]}},{"type":"Feature","properties":{"name":"崇信街5巷","base":"崇信街5巷","section":null,"tier":"hard","length_m":77,"lane":true,"district":"七堵區"},"geometry":{"type":"MultiLineString","coordinates":[[[121.71305,25.09782],[121.71235,25.09755]]]}},{"type":"Feature","properties":{"name":"崇孝街","base":"崇孝街","section":null,"tier":"medium","length_m":172,"district":"七堵區","area":"六堵"},"geometry":{"type":"MultiLineString","coordinates":[[[121.71003,25.09779],[121.71088,25.09666],[121.71095,25.0966],[121.71104,25.09656]]]}},{"type":"Feature","properties":{"name":"崇廉街","base":"崇廉街","section":null,"tier":"hard","length_m":363,"district":"七堵區"},"geometry":{"type":"MultiLineString","coordinates":[[[121.71571,25.09977],[121.71563,25.09995],[121.7155,25.10026],[121.71549,25.1003],[121.71546,25.1003],[121.71527,25.10035],[121.71502,25.10036],[121.71478,25.10034]],[[121.71633,25.09861],[121.7163,25.09866],[121.71617,25.09891],[121.71602,25.09919],[121.71601,25.09921],[121.71571,25.09977]],[[121.71474,25.10034],[121.71445,25.1003],[121.71437,25.10029],[121.71421,25.10027],[121.71396,25.10021]],[[121.71478,25.10034],[121.71474,25.10034]]]}},{"type":"Feature","properties":{"name":"崇德路","base":"崇德路","section":null,"tier":"hard","length_m":1026,"district":"安樂區"},"geometry":{"type":"MultiLineString","coordinates":[[[121.72983,25.13212],[121.72997,25.13191],[121.7302,25.13156],[121.73033,25.13135],[121.73046,25.13115],[121.73052,25.13111],[121.73081,25.13096],[121.73089,25.13093],[121.73099,25.13091],[121.73147,25.13088],[121.73181,25.13087],[121.73201,25.13083],[121.73228,25.13077],[121.7326,25.13066],[121.73304,25.13045],[121.73315,25.13037],[121.7332,25.13029],[121.73323,25.13018],[121.7333,25.12998],[121.73328,25.1298],[121.73326,25.12964],[121.73316,25.12946],[121.73307,25.12931],[121.73297,25.12917],[121.73283,25.12901],[121.73266,25.12885],[121.73251,25.12872],[121.73227,25.12859],[121.73215,25.12852],[121.73208,25.12845],[121.73203,25.12837],[121.73179,25.12792],[121.73167,25.12768],[121.73156,25.12739],[121.73151,25.12723],[121.73143,25.12693],[121.73138,25.12673],[121.73135,25.12658],[121.73136,25.12646],[121.7314,25.12637],[121.73147,25.1263],[121.7318,25.12575],[121.73185,25.12558]]]}},{"type":"Feature","properties":{"name":"崇智橋","base":"崇智橋","section":null,"tier":"hard","length_m":102,"district":"七堵區"},"geometry":{"type":"MultiLineString","coordinates":[[[121.71322,25.10033],[121.71303,25.10101],[121.71297,25.10122]]]}},{"type":"Feature","properties":{"name":"崇智街","base":"崇智街","section":null,"tier":"hard","length_m":552,"district":"七堵區"},"geometry":{"type":"MultiLineString","coordinates":[[[121.71486,25.09651],[121.7148,25.09664],[121.7148,25.09665],[121.71467,25.09694],[121.7145,25.09734],[121.71431,25.09779],[121.71428,25.09784],[121.71402,25.09845],[121.71374,25.0991],[121.71367,25.09928],[121.71359,25.09946],[121.71343,25.09984],[121.71333,25.10007],[121.71327,25.1002],[121.71324,25.10027],[121.71322,25.10033]],[[121.71402,25.09845],[121.71426,25.09854],[121.71442,25.0986],[121.7149,25.09878]]]}},{"type":"Feature","properties":{"name":"崇智街11巷","base":"崇智街11巷","section":null,"tier":"hard","length_m":118,"lane":true,"district":"七堵區"},"geometry":{"type":"MultiLineString","coordinates":[[[121.71249,25.09909],[121.71302,25.09927],[121.71359,25.09946]]]}},{"type":"Feature","properties":{"name":"崇智街27巷","base":"崇智街27巷","section":null,"tier":"hard","length_m":119,"lane":true,"district":"七堵區"},"geometry":{"type":"MultiLineString","coordinates":[[[121.71343,25.09984],[121.71321,25.09977],[121.7129,25.09967],[121.71232,25.09948]]]}},{"type":"Feature","properties":{"name":"崇法街","base":"崇法街","section":null,"tier":"hard","length_m":1777,"district":"信義區"},"geometry":{"type":"MultiLineString","coordinates":[[[121.76604,25.13366],[121.766,25.13344],[121.766,25.13338],[121.76601,25.13333],[121.76605,25.13327],[121.76616,25.13314],[121.76619,25.13312],[121.76621,25.13309],[121.76622,25.13305],[121.76623,25.133],[121.76623,25.13288],[121.76622,25.13282],[121.76622,25.13275],[121.76622,25.13272],[121.76623,25.13249],[121.76627,25.13242],[121.76631,25.13232],[121.76626,25.13223],[121.76608,25.13208],[121.76602,25.13203],[121.76588,25.13196],[121.76579,25.13186],[121.76567,25.13153],[121.76558,25.13137]],[[121.76604,25.13366],[121.76622,25.13366],[121.76673,25.13361],[121.76722,25.13355],[121.76735,25.13355],[121.76749,25.1336],[121.76769,25.13371],[121.76798,25.13392],[121.76846,25.13432],[121.76857,25.13446],[121.76858,25.13459],[121.76856,25.13473],[121.76851,25.13485],[121.76843,25.13495],[121.768,25.13529],[121.76796,25.13536],[121.76797,25.13545],[121.76804,25.13554],[121.76814,25.13562],[121.76825,25.1357],[121.76835,25.13574],[121.76848,25.13574],[121.76875,25.13568],[121.76887,25.13564],[121.76897,25.13558],[121.7692,25.13536],[121.76923,25.13535],[121.76939,25.13527],[121.76942,25.13525],[121.76946,25.13524],[121.76952,25.13525],[121.7696,25.13529],[121.76967,25.13532],[121.76971,25.13537],[121.76985,25.13565],[121.76995,25.13576],[121.77001,25.13581],[121.77013,25.13586],[121.77027,25.13588],[121.77039,25.13587],[121.77087,25.13576]],[[121.76558,25.13137],[121.76529,25.13119],[121.76513,25.13119],[121.76492,25.13128],[121.76479,25.13137],[121.76476,25.13148],[121.76473,25.13163]],[[121.76558,25.13137],[121.76544,25.1312],[121.76524,25.13104],[121.76512,25.13057],[121.76496,25.12983],[121.76492,25.12964],[121.76488,25.12949],[121.76481,25.12919],[121.76474,25.12895],[121.76465,25.12873],[121.76463,25.12868],[121.76456,25.12855],[121.76442,25.12833],[121.76438,25.12821],[121.76438,25.12815]],[[121.76436,25.1343],[121.76475,25.13411],[121.76495,25.134],[121.76524,25.13379],[121.76536,25.13369],[121.76542,25.13365]],[[121.76542,25.13365],[121.7655,25.13369],[121.76604,25.13366]]]}},{"type":"Feature","properties":{"name":"崇法街135巷","base":"崇法街135巷","section":null,"tier":"hard","length_m":124,"lane":true,"district":"信義區"},"geometry":{"type":"MultiLineString","coordinates":[[[121.76843,25.13495],[121.76824,25.13476],[121.76801,25.13451],[121.76786,25.13436],[121.76762,25.13411]]]}},{"type":"Feature","properties":{"name":"崇法街135巷1弄","base":"崇法街135巷1弄","section":null,"tier":"hard","length_m":82,"lane":true,"district":"信義區"},"geometry":{"type":"MultiLineString","coordinates":[[[121.76824,25.13476],[121.76761,25.13523]]]}},{"type":"Feature","properties":{"name":"崇法街135巷3弄","base":"崇法街135巷3弄","section":null,"tier":"hard","length_m":89,"lane":true,"district":"信義區"},"geometry":{"type":"MultiLineString","coordinates":[[[121.76786,25.13436],[121.76731,25.13476],[121.7672,25.13463]]]}},{"type":"Feature","properties":{"name":"崇法街135巷5弄","base":"崇法街135巷5弄","section":null,"tier":"hard","length_m":87,"lane":true,"district":"信義區"},"geometry":{"type":"MultiLineString","coordinates":[[[121.76762,25.13411],[121.76709,25.13449],[121.7672,25.13463]]]}},{"type":"Feature","properties":{"name":"崇法街135巷7弄","base":"崇法街135巷7弄","section":null,"tier":"hard","length_m":103,"lane":true,"district":"信義區"},"geometry":{"type":"MultiLineString","coordinates":[[[121.76762,25.13411],[121.76732,25.13383],[121.76723,25.13383],[121.76686,25.13414]]]}},{"type":"Feature","properties":{"name":"崇法街89巷","base":"崇法街89巷","section":null,"tier":"hard","length_m":299,"lane":true,"district":"信義區"},"geometry":{"type":"MultiLineString","coordinates":[[[121.76604,25.13366],[121.76612,25.13432],[121.76614,25.1344],[121.76615,25.13445],[121.76618,25.1345],[121.76622,25.13455],[121.76626,25.1346],[121.76632,25.13464],[121.76677,25.13499],[121.76717,25.13529],[121.76731,25.13542],[121.76734,25.13559],[121.76736,25.13567],[121.76737,25.13575],[121.76724,25.13573]]]}},{"type":"Feature","properties":{"name":"崇禮街","base":"崇禮街","section":null,"tier":"hard","length_m":363,"district":"七堵區"},"geometry":{"type":"MultiLineString","coordinates":[[[121.71463,25.09942],[121.71454,25.09977],[121.71445,25.10008],[121.71437,25.10029]],[[121.71567,25.09726],[121.71556,25.09742],[121.7154,25.09771],[121.7152,25.09811],[121.71518,25.09816],[121.7149,25.09878],[121.71463,25.09942]]]}},{"type":"Feature","properties":{"name":"崇禮街129巷","base":"崇禮街129巷","section":null,"tier":"hard","length_m":102,"lane":true,"district":"七堵區"},"geometry":{"type":"MultiLineString","coordinates":[[[121.71359,25.09946],[121.71385,25.09955],[121.714,25.0996],[121.71418,25.09966],[121.71454,25.09977]]]}},{"type":"Feature","properties":{"name":"崇義街","base":"崇義街","section":null,"tier":"hard","length_m":357,"district":"七堵區"},"geometry":{"type":"MultiLineString","coordinates":[[[121.71509,25.09956],[121.71496,25.0999],[121.71485,25.10019]],[[121.71595,25.09756],[121.71585,25.09764],[121.71581,25.09773],[121.7156,25.09824],[121.71557,25.09829],[121.71543,25.09871],[121.71534,25.09895],[121.71509,25.09956]],[[121.71485,25.10019],[121.71445,25.10008]]]}},{"type":"Feature","properties":{"name":"工建西路","base":"工建西路","section":null,"tier":"medium","length_m":1154,"district":"七堵區","area":"六堵"},"geometry":{"type":"MultiLineString","coordinates":[[[121.69864,25.09181],[121.69936,25.09246]],[[121.70303,25.09507],[121.70298,25.09505],[121.70293,25.09503],[121.70287,25.09501],[121.70282,25.09499],[121.7015,25.09432],[121.70117,25.09414],[121.70085,25.09394],[121.70058,25.09367],[121.70046,25.09357],[121.70036,25.09348],[121.69931,25.0925]],[[121.69936,25.09246],[121.70054,25.09356],[121.70083,25.09385],[121.70092,25.09392],[121.70129,25.09415],[121.70174,25.09437],[121.70199,25.0945],[121.70234,25.09469],[121.70268,25.09487],[121.70289,25.09497],[121.70295,25.09499],[121.703,25.095],[121.70305,25.09502]],[[121.69931,25.0925],[121.6991,25.0923],[121.69859,25.09185]]]}},{"type":"Feature","properties":{"name":"工建路","base":"工建路","section":null,"tier":"medium","length_m":1163,"district":"七堵區","area":"六堵"},"geometry":{"type":"MultiLineString","coordinates":[[[121.70448,25.0835],[121.70442,25.08354]],[[121.69936,25.09246],[121.69931,25.0925]],[[121.70442,25.08354],[121.70431,25.08361],[121.70417,25.0837],[121.70403,25.08381],[121.70395,25.0839],[121.70392,25.08394],[121.70387,25.08403],[121.70338,25.08558],[121.70284,25.08739],[121.7028,25.08751],[121.70275,25.08764],[121.70272,25.08772],[121.70267,25.08783],[121.70262,25.08793],[121.70248,25.08814],[121.7024,25.08825],[121.70204,25.08875],[121.70177,25.08912],[121.70165,25.08933],[121.70156,25.08956],[121.70149,25.08974],[121.70134,25.09031],[121.70126,25.09066],[121.70121,25.09082],[121.70112,25.09096],[121.70101,25.09107],[121.70028,25.09154],[121.70014,25.09166],[121.69996,25.09183],[121.69982,25.09196],[121.69936,25.09246]]]}},{"type":"Feature","properties":{"name":"工東街","base":"工東街","section":null,"tier":"hard","length_m":329,"district":"七堵區","area":"六堵"},"geometry":{"type":"MultiLineString","coordinates":[[[121.70527,25.08707],[121.70518,25.08707],[121.70503,25.0871],[121.7048,25.08718],[121.70435,25.08748],[121.70349,25.08812],[121.70329,25.08818],[121.70292,25.08823],[121.7024,25.08825]]]}},{"type":"Feature","properties":{"name":"平一路","base":"平一路","section":null,"tier":"medium","length_m":672,"district":"中正區"},"geometry":{"type":"MultiLineString","coordinates":[[[121.76377,25.16],[121.76368,25.15932],[121.76356,25.15907],[121.76359,25.15896],[121.76346,25.15875],[121.76343,25.15866],[121.76342,25.15856],[121.76344,25.15852],[121.76363,25.15807],[121.76367,25.158],[121.76369,25.15797],[121.76374,25.15781],[121.76386,25.15758],[121.76403,25.15724],[121.76411,25.15715],[121.76422,25.15703],[121.76446,25.15672]],[[121.76632,25.15495],[121.76607,25.15519],[121.76592,25.1553],[121.76579,25.15541],[121.7656,25.15558],[121.76551,25.15566],[121.76544,25.15572],[121.76526,25.15586],[121.76524,25.15588],[121.76522,25.1559],[121.7649,25.15618],[121.76472,25.15641]],[[121.76446,25.15672],[121.76472,25.15641]]]}},{"type":"Feature","properties":{"name":"平三路","base":"平三路","section":null,"tier":"medium","length_m":156,"district":"中正區"},"geometry":{"type":"MultiLineString","coordinates":[[[121.7633,25.15643],[121.76329,25.15603]],[[121.76327,25.15503],[121.76327,25.15541],[121.76328,25.15571],[121.76329,25.15603]]]}},{"type":"Feature","properties":{"name":"平二路","base":"平二路","section":null,"tier":"hard","length_m":132,"district":"中正區"},"geometry":{"type":"MultiLineString","coordinates":[[[121.76401,25.15602],[121.7642,25.1557],[121.76442,25.15538],[121.76462,25.15513],[121.76465,25.15499]]]}},{"type":"Feature","properties":{"name":"平浪橋","base":"平浪橋","section":null,"tier":"hard","length_m":14,"district":"中正區"},"geometry":{"type":"MultiLineString","coordinates":[[[121.80187,25.14058],[121.80187,25.14071]]]}},{"type":"Feature","properties":{"name":"幸福橋","base":"幸福橋","section":null,"tier":"hard","length_m":9,"district":"七堵區"},"geometry":{"type":"MultiLineString","coordinates":[[[121.7,25.11679],[121.69991,25.1168]]]}},{"type":"Feature","properties":{"name":"得勝橋","base":"得勝橋","section":null,"tier":"hard","length_m":26,"district":"安樂區"},"geometry":{"type":"MultiLineString","coordinates":[[[121.7247,25.11828],[121.72484,25.11848]]]}},{"type":"Feature","properties":{"name":"復旦路（中山區2）","base":"復旦路（中山區2）","section":null,"tier":"hard","length_m":159,"district":"中山區"},"geometry":{"type":"MultiLineString","coordinates":[[[121.73882,25.14516],[121.73894,25.14524],[121.73907,25.14539],[121.7392,25.14551],[121.73947,25.1458],[121.73968,25.14602]],[[121.73976,25.1461],[121.73988,25.14624],[121.73994,25.14631]]]}},{"type":"Feature","properties":{"name":"復旦路（中山區）","base":"復旦路（中山區）","section":null,"tier":"hard","length_m":165,"district":"中山區"},"geometry":{"type":"MultiLineString","coordinates":[[[121.74286,25.14921],[121.74352,25.14985]],[[121.74352,25.14985],[121.7436,25.14998],[121.74378,25.15041]]]}},{"type":"Feature","properties":{"name":"復興橋","base":"復興橋","section":null,"tier":"easy","length_m":213,"district":"中山區"},"geometry":{"type":"MultiLineString","coordinates":[[[121.72915,25.15211],[121.72875,25.15222],[121.72842,25.1523],[121.72812,25.15235]],[[121.72808,25.15224],[121.72858,25.15214],[121.7291,25.15201]]]}},{"type":"Feature","properties":{"name":"復興街","base":"復興街","section":null,"tier":"hard","length_m":89,"district":"仁愛區"},"geometry":{"type":"MultiLineString","coordinates":[[[121.75288,25.12685],[121.75261,25.12688],[121.75252,25.12689],[121.75234,25.12691],[121.752,25.12695]]]}},{"type":"Feature","properties":{"name":"復興路","base":"復興路","section":null,"tier":"medium","length_m":1503,"district":"中山區"},"geometry":{"type":"MultiLineString","coordinates":[[[121.72595,25.14394],[121.726,25.14359],[121.72613,25.14297],[121.72624,25.14258],[121.72629,25.14247],[121.72668,25.14185],[121.7267,25.14181],[121.72698,25.1414],[121.72709,25.14125],[121.72754,25.14086],[121.72757,25.14083],[121.72768,25.14072]],[[121.72904,25.15223],[121.72892,25.15211],[121.72875,25.15192],[121.72843,25.15134],[121.72829,25.15111],[121.72783,25.15045],[121.7276,25.1501]],[[121.7276,25.1501],[121.72749,25.15],[121.72736,25.1499],[121.72724,25.14981],[121.72715,25.14973],[121.72699,25.14962],[121.7265,25.14925],[121.72598,25.14886],[121.72588,25.14878],[121.72585,25.14866],[121.72572,25.14705],[121.72574,25.14699],[121.72577,25.14692],[121.72581,25.14687],[121.72601,25.14665],[121.72625,25.14638],[121.72642,25.1462],[121.72658,25.14593],[121.72662,25.14581],[121.72663,25.14573],[121.72662,25.14564],[121.72657,25.14534],[121.72653,25.14521],[121.72649,25.1451],[121.72629,25.14489],[121.72615,25.14475],[121.72604,25.14462],[121.72602,25.14458],[121.72597,25.14444],[121.72596,25.14439],[121.72595,25.14437],[121.72593,25.14424],[121.72595,25.14394]]]}},{"type":"Feature","properties":{"name":"復興路120巷","base":"復興路120巷","section":null,"tier":"hard","length_m":290,"lane":true,"district":"中山區"},"geometry":{"type":"MultiLineString","coordinates":[[[121.72641,25.14444],[121.72652,25.14444],[121.72654,25.14444],[121.72658,25.14445],[121.72662,25.14446],[121.72669,25.1445],[121.72673,25.14453],[121.72676,25.14455],[121.7268,25.14457],[121.72682,25.14457],[121.72697,25.14461],[121.72725,25.14469],[121.72729,25.1447],[121.7273,25.14472],[121.7273,25.14475],[121.72724,25.14505],[121.72724,25.14508],[121.72724,25.14511],[121.72736,25.14532],[121.72738,25.14535],[121.72742,25.14535],[121.7275,25.14532],[121.72762,25.14527],[121.72764,25.14526],[121.72776,25.14522],[121.72784,25.14516],[121.728,25.14502]],[[121.72597,25.14444],[121.72604,25.14443],[121.72633,25.14443],[121.72641,25.14444]]]}},{"type":"Feature","properties":{"name":"復興路201巷","base":"復興路201巷","section":null,"tier":"hard","length_m":1304,"lane":true,"district":"中山區"},"geometry":{"type":"MultiLineString","coordinates":[[[121.72572,25.14705],[121.7257,25.14684],[121.7257,25.14664],[121.72569,25.1463],[121.72563,25.1458],[121.72562,25.14574],[121.7256,25.1457],[121.72556,25.14565],[121.7255,25.14562],[121.72545,25.1456],[121.72517,25.14555],[121.72477,25.14535],[121.72462,25.14533],[121.72464,25.14525],[121.72473,25.14434],[121.72469,25.14416],[121.72468,25.14409],[121.72467,25.14401],[121.72464,25.14387]],[[121.72462,25.14533],[121.72424,25.14531]],[[121.7244,25.14398],[121.72436,25.14433],[121.72427,25.14505],[121.72424,25.14531],[121.72423,25.14549],[121.72419,25.14622],[121.72416,25.14691]],[[121.72462,25.14533],[121.72459,25.14548],[121.72452,25.1465],[121.72509,25.14653],[121.7251,25.14615],[121.72512,25.1458],[121.72537,25.14585],[121.72543,25.14596],[121.72541,25.14648],[121.72536,25.147],[121.72511,25.14698],[121.72515,25.14658],[121.72509,25.14653]],[[121.7257,25.14684],[121.72581,25.14687]]]}},{"type":"Feature","properties":{"name":"復興路212巷","base":"復興路212巷","section":null,"tier":"hard","length_m":385,"lane":true,"district":"中山區"},"geometry":{"type":"MultiLineString","coordinates":[[[121.7269,25.14635],[121.72699,25.14687]],[[121.72666,25.14641],[121.72676,25.14687],[121.72685,25.14698],[121.72691,25.14702],[121.72705,25.14707],[121.72726,25.14717],[121.72739,25.1475],[121.72757,25.14803],[121.72763,25.14818],[121.72769,25.14835]],[[121.72676,25.14687],[121.72699,25.14687],[121.7275,25.14689]]]}},{"type":"Feature","properties":{"name":"復興路212巷10弄","base":"復興路212巷10弄","section":null,"tier":"hard","length_m":272,"lane":true,"district":"中山區"},"geometry":{"type":"MultiLineString","coordinates":[[[121.72802,25.14747],[121.72889,25.14683],[121.72932,25.1465],[121.72977,25.14618]],[[121.72802,25.14747],[121.72768,25.14773]]]}},{"type":"Feature","properties":{"name":"復興路212巷12弄","base":"復興路212巷12弄","section":null,"tier":"hard","length_m":119,"lane":true,"district":"中山區"},"geometry":{"type":"MultiLineString","coordinates":[[[121.7275,25.14689],[121.72755,25.14694],[121.72763,25.14702],[121.72779,25.1472],[121.72782,25.14725],[121.72802,25.14747]],[[121.72782,25.14725],[121.72759,25.14743],[121.72755,25.14746]]]}},{"type":"Feature","properties":{"name":"復興路212巷19弄","base":"復興路212巷19弄","section":null,"tier":"hard","length_m":206,"lane":true,"district":"中山區"},"geometry":{"type":"MultiLineString","coordinates":[[[121.7267,25.14861],[121.72722,25.14847],[121.72753,25.14839],[121.72769,25.14835]],[[121.72757,25.14803],[121.7266,25.14831]]]}},{"type":"Feature","properties":{"name":"復興路212巷21弄","base":"復興路212巷21弄","section":null,"tier":"hard","length_m":246,"lane":true,"district":"中山區"},"geometry":{"type":"MultiLineString","coordinates":[[[121.72769,25.14835],[121.72782,25.14832],[121.72878,25.14765],[121.72884,25.14755],[121.72886,25.14742],[121.7295,25.14695]]]}},{"type":"Feature","properties":{"name":"復興路212巷26弄","base":"復興路212巷26弄","section":null,"tier":"hard","length_m":103,"lane":true,"district":"中山區"},"geometry":{"type":"MultiLineString","coordinates":[[[121.72763,25.14818],[121.72665,25.14844]]]}},{"type":"Feature","properties":{"name":"復興路212巷4弄","base":"復興路212巷4弄","section":null,"tier":"hard","length_m":211,"lane":true,"district":"中山區"},"geometry":{"type":"MultiLineString","coordinates":[[[121.7275,25.14689],[121.7274,25.1467],[121.72732,25.14658],[121.72779,25.14626],[121.72814,25.14562],[121.72844,25.14574]]]}},{"type":"Feature","properties":{"name":"復興路212巷5弄","base":"復興路212巷5弄","section":null,"tier":"hard","length_m":63,"lane":true,"district":"中山區"},"geometry":{"type":"MultiLineString","coordinates":[[[121.72676,25.14687],[121.72616,25.14704]]]}},{"type":"Feature","properties":{"name":"復興路212巷6弄","base":"復興路212巷6弄","section":null,"tier":"hard","length_m":178,"lane":true,"district":"中山區"},"geometry":{"type":"MultiLineString","coordinates":[[[121.7275,25.14689],[121.7277,25.14669],[121.72804,25.14644],[121.72825,25.14615],[121.72846,25.14627],[121.72872,25.14655]]]}},{"type":"Feature","properties":{"name":"復興路212巷7弄","base":"復興路212巷7弄","section":null,"tier":"hard","length_m":73,"lane":true,"district":"中山區"},"geometry":{"type":"MultiLineString","coordinates":[[[121.72622,25.14721],[121.72691,25.14702]]]}},{"type":"Feature","properties":{"name":"復興路212巷8弄","base":"復興路212巷8弄","section":null,"tier":"hard","length_m":126,"lane":true,"district":"中山區"},"geometry":{"type":"MultiLineString","coordinates":[[[121.72779,25.1472],[121.72824,25.14686],[121.72872,25.14655],[121.72876,25.14661]]]}},{"type":"Feature","properties":{"name":"復興路230巷","base":"復興路230巷","section":null,"tier":"hard","length_m":229,"lane":true,"district":"中山區"},"geometry":{"type":"MultiLineString","coordinates":[[[121.72601,25.14665],[121.72616,25.14704],[121.72622,25.14721],[121.72627,25.14738],[121.72628,25.14742],[121.72639,25.14771],[121.7265,25.14801],[121.7266,25.14831],[121.72665,25.14844],[121.7267,25.14861]]]}},{"type":"Feature","properties":{"name":"復興路259巷","base":"復興路259巷","section":null,"tier":"hard","length_m":324,"lane":true,"district":"中山區"},"geometry":{"type":"MultiLineString","coordinates":[[[121.72577,25.14886],[121.72578,25.14902],[121.72578,25.14965],[121.72579,25.15065],[121.72576,25.15098],[121.72575,25.15109],[121.72573,25.15126]],[[121.72573,25.15126],[121.72563,25.15176]]]}},{"type":"Feature","properties":{"name":"復興路297巷","base":"復興路297巷","section":null,"tier":"hard","length_m":232,"lane":true,"district":"中山區"},"geometry":{"type":"MultiLineString","coordinates":[[[121.72578,25.14902],[121.7263,25.14952],[121.72631,25.14965],[121.72653,25.14974],[121.72671,25.14986],[121.72674,25.14985],[121.72675,25.14984],[121.72676,25.14984],[121.72699,25.14962],[121.72744,25.14934]]]}},{"type":"Feature","properties":{"name":"復興路334巷","base":"復興路334巷","section":null,"tier":"hard","length_m":175,"lane":true,"district":"中山區"},"geometry":{"type":"MultiLineString","coordinates":[[[121.72736,25.1499],[121.7279,25.14935],[121.7286,25.1488]]]}},{"type":"Feature","properties":{"name":"復興隧道","base":"復興隧道","section":null,"tier":"hard","length_m":408,"district":"中山區"},"geometry":{"type":"MultiLineString","coordinates":[[[121.74013,25.1465],[121.74286,25.14921]]]}},{"type":"Feature","properties":{"name":"德和橋","base":"德和橋","section":null,"tier":"easy","length_m":252,"district":"中山區"},"geometry":{"type":"MultiLineString","coordinates":[[[121.72159,25.14575],[121.72149,25.14562],[121.72133,25.14543],[121.72115,25.14529],[121.72097,25.14515],[121.72074,25.145]],[[121.72084,25.1449],[121.72123,25.14514],[121.72149,25.14533],[121.72159,25.14542],[121.72184,25.14565]]]}},{"type":"Feature","properties":{"name":"德安橋","base":"德安橋","section":null,"tier":"easy","length_m":811,"district":"中山區"},"geometry":{"type":"MultiLineString","coordinates":[[[121.72643,25.15164],[121.72591,25.15102],[121.7258,25.15091],[121.72564,25.15079],[121.72546,25.15067],[121.72445,25.15021],[121.72418,25.15003],[121.72401,25.14987],[121.72389,25.14973],[121.72371,25.14949],[121.72348,25.14914]],[[121.72373,25.149],[121.724,25.14943],[121.72419,25.14971],[121.72435,25.14989],[121.72457,25.15008],[121.72492,25.15029],[121.72529,25.15047],[121.72554,25.1506],[121.7257,25.1507],[121.72586,25.15082],[121.72601,25.15096],[121.72645,25.15147]]]}},{"type":"Feature","properties":{"name":"德安路","base":"德安路","section":null,"tier":"hard","length_m":2194,"district":"中山區"},"geometry":{"type":"MultiLineString","coordinates":[[[121.72588,25.14878],[121.72577,25.14886],[121.72568,25.14895],[121.72561,25.14901],[121.72556,25.14906],[121.72507,25.15023],[121.72504,25.15029],[121.72489,25.15062],[121.72484,25.15077],[121.72451,25.15148],[121.7242,25.15214],[121.72395,25.15272]],[[121.72395,25.15272],[121.72373,25.15278],[121.72356,25.1529],[121.72347,25.15303],[121.72319,25.15351],[121.72308,25.15372],[121.72296,25.15406],[121.72275,25.15489],[121.72282,25.15511],[121.72287,25.15525],[121.72294,25.15541],[121.72295,25.15556],[121.72287,25.15588],[121.72278,25.15609],[121.72271,25.15619],[121.72249,25.1563],[121.72241,25.15637],[121.72237,25.15649],[121.72229,25.15688],[121.72229,25.1571],[121.72229,25.1573],[121.72222,25.15737],[121.72208,25.15738],[121.72186,25.15731],[121.72177,25.15727],[121.72172,25.15717],[121.72162,25.15711],[121.72155,25.15712],[121.72148,25.15719],[121.7214,25.15738],[121.72121,25.15765],[121.72111,25.1577],[121.7207,25.15783],[121.7206,25.15783],[121.72057,25.15778],[121.72059,25.15771],[121.72089,25.15746],[121.72098,25.15732],[121.72104,25.15715],[121.72106,25.15698],[121.72097,25.15689],[121.72084,25.15686],[121.72072,25.15688],[121.72031,25.15702],[121.72018,25.157],[121.72009,25.15696],[121.72005,25.15689],[121.72012,25.15672],[121.72012,25.15664],[121.7201,25.15657],[121.71994,25.15645],[121.71971,25.1563],[121.71963,25.15628],[121.71954,25.15632],[121.71944,25.15638],[121.71926,25.15653],[121.71904,25.15684],[121.71893,25.157],[121.71883,25.15712],[121.71878,25.15719],[121.71876,25.15732],[121.71881,25.15741],[121.71893,25.15745],[121.71918,25.15745],[121.71929,25.15748],[121.71937,25.15753],[121.71941,25.1576],[121.71945,25.15773],[121.71946,25.15786],[121.71942,25.15812],[121.71933,25.15867],[121.71941,25.15906],[121.71951,25.15921],[121.71956,25.15941],[121.7195,25.15953],[121.71929,25.15987],[121.71913,25.16015],[121.71908,25.16056],[121.71904,25.16068]]]}},{"type":"Feature","properties":{"name":"德義橋","base":"德義橋","section":null,"tier":"hard","length_m":31,"district":"中山區"},"geometry":{"type":"MultiLineString","coordinates":[[[121.7314,25.13748],[121.73162,25.13767]]]}},{"type":"Feature","properties":{"name":"德興橋","base":"德興橋","section":null,"tier":"hard","length_m":14,"district":"安樂區"},"geometry":{"type":"MultiLineString","coordinates":[[[121.72973,25.13854],[121.72964,25.13844]]]}},{"type":"Feature","properties":{"name":"忠一路","base":"忠一路","section":null,"tier":"medium","length_m":817,"district":"仁愛區"},"geometry":{"type":"MultiLineString","coordinates":[[[121.74092,25.13083],[121.74111,25.13072],[121.74127,25.13063],[121.74164,25.13043],[121.74174,25.13037]],[[121.74181,25.13048],[121.74125,25.1308],[121.74118,25.13084],[121.741,25.13094]],[[121.741,25.13094],[121.74097,25.13096]],[[121.74097,25.13096],[121.74082,25.13105],[121.74046,25.13124],[121.74004,25.13148],[121.73987,25.13157]],[[121.74089,25.13085],[121.74092,25.13083]],[[121.73987,25.13157],[121.7397,25.13165]],[[121.7401,25.13129],[121.74048,25.13108],[121.74064,25.13099],[121.74083,25.13088],[121.74089,25.13085]],[[121.73938,25.13183],[121.73872,25.13218],[121.73849,25.1323]],[[121.73828,25.13229],[121.73843,25.13221],[121.73865,25.13207],[121.73931,25.13173],[121.73936,25.1317]],[[121.73968,25.13153],[121.73973,25.1315],[121.73987,25.13142]],[[121.73987,25.13142],[121.7401,25.13129]],[[121.73849,25.1323],[121.73834,25.13238]],[[121.73936,25.1317],[121.73955,25.1316],[121.73968,25.13153]],[[121.7397,25.13165],[121.73938,25.13183]]]}},{"type":"Feature","properties":{"name":"忠三路","base":"忠三路","section":null,"tier":"hard","length_m":274,"district":"仁愛區"},"geometry":{"type":"MultiLineString","coordinates":[[[121.74046,25.12862],[121.73974,25.12901]],[[121.73974,25.12901],[121.7397,25.12903],[121.7389,25.12947],[121.73813,25.12989]]]}},{"type":"Feature","properties":{"name":"忠二路","base":"忠二路","section":null,"tier":"hard","length_m":292,"district":"仁愛區"},"geometry":{"type":"MultiLineString","coordinates":[[[121.74035,25.12995],[121.74069,25.12976],[121.74073,25.12974],[121.74104,25.12957],[121.74107,25.12956]],[[121.73859,25.13092],[121.73892,25.13074],[121.73952,25.13041],[121.74031,25.12997]],[[121.74031,25.12997],[121.74035,25.12995]]]}},{"type":"Feature","properties":{"name":"忠四路","base":"忠四路","section":null,"tier":"easy","length_m":130,"district":"仁愛區"},"geometry":{"type":"MultiLineString","coordinates":[[[121.73927,25.12829],[121.73966,25.12807],[121.73999,25.1279]],[[121.73902,25.12842],[121.73908,25.12839],[121.73912,25.12836],[121.73921,25.12831]],[[121.73921,25.12831],[121.73927,25.12829]],[[121.74023,25.12777],[121.74036,25.1277]],[[121.73999,25.1279],[121.74,25.12789]]]}},{"type":"Feature","properties":{"name":"忠孝隧道","base":"忠孝隧道","section":null,"tier":"easy","length_m":415,"district":"中山區"},"geometry":{"type":"MultiLineString","coordinates":[[[121.73738,25.15245],[121.74131,25.15132]]]}},{"type":"Feature","properties":{"name":"愛一路","base":"愛一路","section":null,"tier":"hard","length_m":1051,"district":"仁愛區"},"geometry":{"type":"MultiLineString","coordinates":[[[121.743,25.13096],[121.74284,25.13073],[121.74276,25.1306],[121.74271,25.13055],[121.74265,25.1305],[121.74259,25.13046],[121.74237,25.13039],[121.74223,25.13037],[121.74205,25.13033]],[[121.74212,25.13016],[121.74224,25.13017],[121.74247,25.13021],[121.74252,25.13023],[121.74261,25.13027],[121.74276,25.13033],[121.74281,25.13036],[121.74286,25.1304],[121.74292,25.13046]],[[121.74313,25.13092],[121.74319,25.13097]],[[121.74188,25.13023],[121.74164,25.12986],[121.74133,25.12941],[121.74072,25.12848],[121.74035,25.12793],[121.74033,25.12781],[121.74036,25.1277]],[[121.74036,25.1277],[121.74057,25.12802],[121.74085,25.12841],[121.7411,25.12876],[121.74148,25.12933],[121.74198,25.13008],[121.742,25.13011],[121.74201,25.13013],[121.74203,25.13014],[121.74204,25.13014],[121.74206,25.13015],[121.74209,25.13016],[121.74212,25.13016]],[[121.74313,25.13101],[121.74308,25.13094]],[[121.74306,25.13104],[121.74302,25.13099],[121.743,25.13096]],[[121.74268,25.12993],[121.74266,25.12996],[121.74265,25.12998],[121.74265,25.13001],[121.74265,25.13003],[121.74266,25.13006],[121.74267,25.13008],[121.74268,25.1301],[121.74292,25.13046]],[[121.74292,25.13046],[121.7431,25.13075],[121.74319,25.13089]],[[121.74191,25.13028],[121.74188,25.13023]],[[121.74205,25.13033],[121.74197,25.13032],[121.74195,25.13031],[121.74193,25.13029],[121.74191,25.13028]],[[121.74319,25.13089],[121.74319,25.13097]]]}},{"type":"Feature","properties":{"name":"愛七路","base":"愛七路","section":null,"tier":"hard","length_m":58,"district":"仁愛區"},"geometry":{"type":"MultiLineString","coordinates":[[[121.74923,25.12827],[121.74923,25.12821],[121.74923,25.12798],[121.74922,25.12784],[121.7492,25.12775]]]}},{"type":"Feature","properties":{"name":"愛三路","base":"愛三路","section":null,"tier":"easy","length_m":574,"district":"仁愛區"},"geometry":{"type":"MultiLineString","coordinates":[[[121.7434,25.12952],[121.7436,25.12979],[121.74396,25.13032],[121.74404,25.13043]],[[121.74398,25.13046],[121.74392,25.13035],[121.74356,25.12982],[121.74347,25.12967],[121.74342,25.12959],[121.7434,25.12952]],[[121.7417,25.12694],[121.74176,25.12704],[121.74179,25.12709],[121.74199,25.12739],[121.74217,25.12768],[121.74256,25.12827],[121.74278,25.1286],[121.74305,25.12898],[121.74311,25.12908],[121.74329,25.12936],[121.7434,25.12952]]]}},{"type":"Feature","properties":{"name":"愛九路","base":"愛九路","section":null,"tier":"hard","length_m":119,"district":"仁愛區"},"geometry":{"type":"MultiLineString","coordinates":[[[121.75265,25.12795],[121.7526,25.12751],[121.75252,25.12689]]]}},{"type":"Feature","properties":{"name":"愛二路","base":"愛二路","section":null,"tier":"hard","length_m":336,"district":"仁愛區"},"geometry":{"type":"MultiLineString","coordinates":[[[121.74268,25.12993],[121.74262,25.12983],[121.74217,25.12914],[121.74207,25.129],[121.74164,25.12833],[121.74146,25.12807],[121.74097,25.12734]]]}},{"type":"Feature","properties":{"name":"愛五路","base":"愛五路","section":null,"tier":"hard","length_m":182,"district":"仁愛區"},"geometry":{"type":"MultiLineString","coordinates":[[[121.74549,25.12836],[121.74531,25.12805],[121.74522,25.1279]],[[121.74549,25.12836],[121.74569,25.12864],[121.74584,25.12886],[121.74608,25.12923],[121.74613,25.12931]]]}},{"type":"Feature","properties":{"name":"愛六路","base":"愛六路","section":null,"tier":"hard","length_m":121,"district":"仁愛區"},"geometry":{"type":"MultiLineString","coordinates":[[[121.74722,25.12744],[121.74725,25.12751],[121.74734,25.12771],[121.74769,25.12844]]]}},{"type":"Feature","properties":{"name":"愛四路","base":"愛四路","section":null,"tier":"hard","length_m":321,"district":"仁愛區"},"geometry":{"type":"MultiLineString","coordinates":[[[121.74351,25.1282],[121.74369,25.12845],[121.74398,25.12891],[121.74411,25.12912],[121.74466,25.12997],[121.74472,25.13006]],[[121.74351,25.1282],[121.74331,25.12788],[121.74322,25.12775],[121.74309,25.12767],[121.74302,25.12765]]]}},{"type":"Feature","properties":{"name":"成功一路","base":"成功一路","section":null,"tier":"medium","length_m":380,"district":"仁愛區"},"geometry":{"type":"MultiLineString","coordinates":[[[121.73838,25.12683],[121.73813,25.12698],[121.73722,25.12748],[121.73679,25.12774],[121.73671,25.12782],[121.7367,25.12784],[121.73665,25.12793],[121.73663,25.12799],[121.73661,25.12805],[121.73659,25.12819],[121.73653,25.12849],[121.73647,25.12877],[121.7362,25.12929]],[[121.73843,25.12681],[121.73838,25.12683]]]}},{"type":"Feature","properties":{"name":"成功一路118巷","base":"成功一路118巷","section":null,"tier":"hard","length_m":133,"lane":true,"district":"仁愛區"},"geometry":{"type":"MultiLineString","coordinates":[[[121.73741,25.12857],[121.73753,25.12828],[121.73758,25.12809],[121.73757,25.12806],[121.73756,25.12803],[121.73751,25.12797],[121.7374,25.12775],[121.73722,25.12748]]]}},{"type":"Feature","properties":{"name":"成功一路133巷","base":"成功一路133巷","section":null,"tier":"hard","length_m":311,"lane":true,"district":"仁愛區"},"geometry":{"type":"MultiLineString","coordinates":[[[121.73653,25.12849],[121.7361,25.12844],[121.73605,25.12846],[121.73595,25.12858],[121.73582,25.12878],[121.7358,25.1288],[121.73579,25.12881],[121.73577,25.12881],[121.73575,25.12881],[121.73573,25.12881],[121.73571,25.12881],[121.73569,25.1288],[121.73567,25.12879],[121.73566,25.12876],[121.73564,25.12851],[121.73573,25.12839],[121.73575,25.12832],[121.73575,25.12825],[121.7357,25.12821],[121.73545,25.12806]],[[121.73545,25.12806],[121.73499,25.12867],[121.73484,25.12855]]]}},{"type":"Feature","properties":{"name":"成功二路","base":"成功二路","section":null,"tier":"easy","length_m":266,"district":"中山區"},"geometry":{"type":"MultiLineString","coordinates":[[[121.73544,25.13163],[121.73545,25.13159],[121.73548,25.1313],[121.73554,25.13087],[121.7356,25.13051],[121.73562,25.13038],[121.73564,25.13032],[121.73568,25.13024],[121.73574,25.13017],[121.73582,25.1301],[121.73659,25.12972]]]}},{"type":"Feature","properties":{"name":"成功陸橋","base":"成功陸橋","section":null,"tier":"medium","length_m":371,"district":"仁愛區"},"geometry":{"type":"MultiLineString","coordinates":[[[121.73943,25.12628],[121.73843,25.12681]],[[121.73943,25.12628],[121.74036,25.1277]],[[121.73905,25.12574],[121.73943,25.12628]]]}},{"type":"Feature","properties":{"name":"教孝街","base":"教孝街","section":null,"tier":"hard","length_m":488,"district":"信義區"},"geometry":{"type":"MultiLineString","coordinates":[[[121.77679,25.13711],[121.77683,25.1374],[121.77655,25.13773],[121.77642,25.1379],[121.77628,25.13804],[121.7762,25.13812],[121.77612,25.13817],[121.77596,25.13825]],[[121.77465,25.13753],[121.77456,25.13741],[121.77448,25.13729],[121.77437,25.1371],[121.77416,25.13681],[121.77396,25.13648]],[[121.77539,25.13738],[121.77512,25.13743],[121.77465,25.13753]],[[121.77539,25.13738],[121.77559,25.13769],[121.77577,25.13797],[121.77596,25.13825]]]}},{"type":"Feature","properties":{"name":"教孝街55巷","base":"教孝街55巷","section":null,"tier":"hard","length_m":73,"lane":true,"district":"信義區"},"geometry":{"type":"MultiLineString","coordinates":[[[121.77531,25.1386],[121.77514,25.13831],[121.77496,25.13803]]]}},{"type":"Feature","properties":{"name":"教孝街55巷16弄","base":"教孝街55巷16弄","section":null,"tier":"hard","length_m":76,"lane":true,"district":"信義區"},"geometry":{"type":"MultiLineString","coordinates":[[[121.77596,25.13825],[121.77531,25.1386]]]}},{"type":"Feature","properties":{"name":"教忠街","base":"教忠街","section":null,"tier":"hard","length_m":765,"district":"信義區"},"geometry":{"type":"MultiLineString","coordinates":[[[121.77834,25.13593],[121.77817,25.13565],[121.77797,25.13527],[121.77773,25.13483],[121.77755,25.1345],[121.77748,25.13438],[121.77743,25.1343],[121.77739,25.1342],[121.77736,25.13408],[121.77735,25.13399],[121.77734,25.13384],[121.77734,25.13357],[121.77734,25.13348],[121.77733,25.1334],[121.77731,25.13331],[121.77728,25.13324],[121.77723,25.13318],[121.7771,25.13307]],[[121.77876,25.1367],[121.77854,25.13629],[121.77846,25.13613],[121.77834,25.13593]],[[121.77977,25.13938],[121.77974,25.13894],[121.7797,25.1385],[121.77947,25.13793],[121.77931,25.13766],[121.77876,25.1367]]]}},{"type":"Feature","properties":{"name":"教忠街100巷","base":"教忠街100巷","section":null,"tier":"hard","length_m":298,"lane":true,"district":"信義區"},"geometry":{"type":"MultiLineString","coordinates":[[[121.77854,25.13629],[121.77961,25.13549],[121.78043,25.13487],[121.78076,25.13521]]]}},{"type":"Feature","properties":{"name":"教忠街115巷","base":"教忠街115巷","section":null,"tier":"hard","length_m":295,"lane":true,"district":"信義區"},"geometry":{"type":"MultiLineString","coordinates":[[[121.7773,25.13834],[121.77739,25.13882],[121.7774,25.13884],[121.77741,25.13887],[121.77744,25.13888],[121.77749,25.13887],[121.77754,25.13887],[121.77779,25.13882],[121.77789,25.13881],[121.77865,25.13867],[121.7797,25.1385]]]}},{"type":"Feature","properties":{"name":"教忠街168巷","base":"教忠街168巷","section":null,"tier":"hard","length_m":25,"lane":true,"district":"信義區"},"geometry":{"type":"MultiLineString","coordinates":[[[121.78075,25.13892],[121.78089,25.13911]]]}},{"type":"Feature","properties":{"name":"教忠街25巷","base":"教忠街25巷","section":null,"tier":"hard","length_m":272,"lane":true,"district":"信義區"},"geometry":{"type":"MultiLineString","coordinates":[[[121.77773,25.13483],[121.77729,25.13504],[121.77744,25.13531],[121.77769,25.13577],[121.77796,25.1363],[121.77815,25.13687]]]}},{"type":"Feature","properties":{"name":"教忠街40巷","base":"教忠街40巷","section":null,"tier":"hard","length_m":236,"lane":true,"district":"信義區"},"geometry":{"type":"MultiLineString","coordinates":[[[121.77736,25.13408],[121.77813,25.13407],[121.77854,25.13407]],[[121.77813,25.13407],[121.77815,25.13429],[121.77817,25.13445],[121.77825,25.13503],[121.77829,25.13511]]]}},{"type":"Feature","properties":{"name":"教忠街40巷56弄","base":"教忠街40巷56弄","section":null,"tier":"hard","length_m":35,"lane":true,"district":"信義區"},"geometry":{"type":"MultiLineString","coordinates":[[[121.77815,25.13429],[121.7785,25.13426]]]}},{"type":"Feature","properties":{"name":"教忠街64巷","base":"教忠街64巷","section":null,"tier":"hard","length_m":143,"lane":true,"district":"信義區"},"geometry":{"type":"MultiLineString","coordinates":[[[121.77797,25.13527],[121.77829,25.13511],[121.77837,25.13509],[121.77846,25.13507],[121.77859,25.13505],[121.77881,25.13504],[121.77911,25.13502],[121.77918,25.13506],[121.77923,25.1351],[121.77927,25.13516]]]}},{"type":"Feature","properties":{"name":"教忠街80巷","base":"教忠街80巷","section":null,"tier":"hard","length_m":285,"lane":true,"district":"信義區"},"geometry":{"type":"MultiLineString","coordinates":[[[121.78043,25.13487],[121.78037,25.13481],[121.78011,25.13453],[121.77927,25.13516]],[[121.77927,25.13516],[121.77905,25.13535],[121.77847,25.13554],[121.77817,25.13565]]]}},{"type":"Feature","properties":{"name":"教忠街95巷","base":"教忠街95巷","section":null,"tier":"hard","length_m":223,"lane":true,"district":"信義區"},"geometry":{"type":"MultiLineString","coordinates":[[[121.7773,25.13834],[121.77847,25.13811],[121.77947,25.13793]]]}},{"type":"Feature","properties":{"name":"文化橋","base":"文化橋","section":null,"tier":"easy","length_m":1158,"district":"中山區"},"geometry":{"type":"MultiLineString","coordinates":[[[121.73743,25.15271],[121.737,25.15282],[121.73656,25.15289],[121.73592,25.15296],[121.73562,25.15301],[121.7353,25.15309],[121.73504,25.15318],[121.73477,25.15329],[121.73448,25.15343],[121.7339,25.15375],[121.73373,25.15379],[121.73352,25.15381],[121.7333,25.1538],[121.73306,25.15376],[121.73281,25.15366],[121.73261,25.15353],[121.73209,25.15313]],[[121.73217,25.15306],[121.73279,25.15351],[121.73298,25.15362],[121.73317,25.15367],[121.73339,25.1537],[121.73359,25.15369],[121.73379,25.15366],[121.73405,25.15355],[121.73441,25.15335],[121.73472,25.1532],[121.73502,25.15308],[121.73539,25.15297],[121.73619,25.15278],[121.73738,25.15245]]]}},{"type":"Feature","properties":{"name":"文化路","base":"文化路","section":null,"tier":"medium","length_m":1068,"district":"中山區"},"geometry":{"type":"MultiLineString","coordinates":[[[121.73606,25.1526],[121.73575,25.15283],[121.73504,25.15327],[121.73436,25.15364],[121.73417,25.15377]],[[121.73242,25.15446],[121.73233,25.15444],[121.73222,25.15437],[121.73217,25.15433],[121.73209,25.15427],[121.73165,25.15393],[121.73144,25.15381],[121.73103,25.15358],[121.73035,25.15322],[121.7302,25.15313],[121.73006,25.15303],[121.72992,25.15293],[121.72944,25.15253],[121.72937,25.15248],[121.72923,25.15237],[121.72904,25.15223]],[[121.7334,25.15422],[121.73317,25.15433],[121.73298,25.15439],[121.73275,25.15443],[121.73256,25.15446],[121.73242,25.15446]],[[121.73417,25.15377],[121.73354,25.15414],[121.7334,25.15422]],[[121.7363,25.15085],[121.73641,25.15108],[121.73647,25.15122],[121.73659,25.15151],[121.73662,25.15165],[121.73663,25.1518],[121.73659,25.15194],[121.73648,25.15213],[121.73634,25.15227],[121.73606,25.1526]]]}},{"type":"Feature","properties":{"name":"文明路","base":"文明路","section":null,"tier":"hard","length_m":1297,"district":"中山區"},"geometry":{"type":"MultiLineString","coordinates":[[[121.73009,25.15604],[121.73013,25.15598],[121.73019,25.15593],[121.73024,25.1559],[121.73048,25.15579],[121.73068,25.15575],[121.73092,25.15572],[121.73116,25.15569],[121.7314,25.15556],[121.73162,25.15543],[121.73178,25.15529],[121.73189,25.15519],[121.73217,25.15482],[121.73242,25.15446]],[[121.73009,25.15604],[121.73003,25.15609],[121.72996,25.15618],[121.72992,25.15625],[121.7299,25.15634],[121.72989,25.15643],[121.72989,25.15692],[121.72989,25.15702],[121.72993,25.15712],[121.73024,25.15734]],[[121.73024,25.15734],[121.73026,25.1574],[121.72986,25.15806],[121.72954,25.15852],[121.72925,25.15894],[121.72909,25.15898],[121.72894,25.15898],[121.72812,25.15852],[121.728,25.15839],[121.7279,25.15821],[121.72775,25.1578],[121.72775,25.1577],[121.72778,25.15759],[121.72793,25.15742],[121.72811,25.15727],[121.72815,25.15716],[121.72815,25.15704],[121.7281,25.15695],[121.72761,25.15632],[121.72761,25.15625],[121.72764,25.15617],[121.72768,25.15611],[121.7279,25.15589],[121.72796,25.15585],[121.72797,25.15575],[121.72795,25.15564],[121.72763,25.15506]],[[121.72763,25.15506],[121.72738,25.1549],[121.72736,25.15486],[121.72736,25.15481]]]}},{"type":"Feature","properties":{"name":"新台五路二段","base":"新台五路","section":"二段","tier":"easy","length_m":1248,"district":"七堵區"},"geometry":{"type":"MultiLineString","coordinates":[[[121.68386,25.06874],[121.68422,25.06881],[121.68462,25.0689],[121.68502,25.06902],[121.68536,25.06913],[121.68552,25.0692],[121.68583,25.06932],[121.68616,25.06947],[121.68644,25.06961],[121.68662,25.0697],[121.68687,25.06985],[121.68716,25.07002],[121.68735,25.07015],[121.68756,25.0703],[121.68771,25.07041],[121.68803,25.07067],[121.68845,25.0711],[121.68862,25.07126],[121.68874,25.07141],[121.68887,25.07157],[121.68899,25.07172]],[[121.68888,25.07176],[121.68877,25.07161],[121.68867,25.07149],[121.68844,25.07123],[121.68797,25.07077],[121.68764,25.07049],[121.68739,25.07031],[121.68717,25.07017],[121.68682,25.06993],[121.68658,25.06978],[121.68643,25.0697],[121.68627,25.06962],[121.68548,25.06928],[121.6848,25.06905],[121.6846,25.069],[121.68425,25.06893],[121.68384,25.06885]]]}},{"type":"Feature","properties":{"name":"新民路","base":"新民路","section":null,"tier":"hard","length_m":175,"district":"中山區"},"geometry":{"type":"MultiLineString","coordinates":[[[121.73602,25.13149],[121.73602,25.13146],[121.73601,25.13126],[121.73602,25.13113],[121.73608,25.13102],[121.73618,25.1309],[121.73623,25.13085],[121.73634,25.13076],[121.73698,25.1303]]]}},{"type":"Feature","properties":{"name":"新生路","base":"新生路","section":null,"tier":"hard","length_m":219,"district":"中山區"},"geometry":{"type":"MultiLineString","coordinates":[[[121.73673,25.12995],[121.73653,25.13007],[121.73631,25.13023],[121.73595,25.13054],[121.73554,25.13087],[121.73534,25.13105],[121.73534,25.13113],[121.73548,25.1313]]]}},{"type":"Feature","properties":{"name":"新興橋","base":"新興橋","section":null,"tier":"hard","length_m":27,"district":"七堵區"},"geometry":{"type":"MultiLineString","coordinates":[[[121.65978,25.11681],[121.65986,25.11658]]]}},{"type":"Feature","properties":{"name":"新西街","base":"新西街","section":null,"tier":"hard","length_m":763,"district":"安樂區"},"geometry":{"type":"MultiLineString","coordinates":[[[121.7265,25.14101],[121.72652,25.14078],[121.72657,25.14064],[121.72665,25.14052],[121.72682,25.14028],[121.7269,25.14014],[121.72705,25.14003],[121.72711,25.13998],[121.72715,25.13988],[121.72715,25.13949],[121.72719,25.13943],[121.72766,25.13935],[121.72787,25.13936],[121.72805,25.13938],[121.72819,25.13941],[121.72843,25.13951]],[[121.72964,25.13844],[121.72971,25.13837],[121.73013,25.13816],[121.73101,25.13773],[121.73111,25.13767],[121.73126,25.13759],[121.73135,25.13754],[121.7314,25.13748],[121.73144,25.13743],[121.73153,25.13731],[121.73157,25.13727]],[[121.72666,25.14099],[121.72661,25.14099],[121.7265,25.14101],[121.72625,25.14118],[121.7258,25.14135],[121.72549,25.14136],[121.72521,25.14144],[121.72516,25.14145],[121.72511,25.14147],[121.72507,25.14149],[121.72505,25.14151],[121.72504,25.14153],[121.72503,25.14155],[121.72502,25.14157],[121.72501,25.1416],[121.725,25.14162],[121.725,25.14165],[121.725,25.14168],[121.725,25.14172]]]}},{"type":"Feature","properties":{"name":"新豐街","base":"新豐街","section":null,"tier":"hard","length_m":1486,"district":"中正區"},"geometry":{"type":"MultiLineString","coordinates":[[[121.78825,25.14351],[121.78828,25.14332],[121.78836,25.14318],[121.78841,25.14308],[121.78866,25.14285],[121.78903,25.14248],[121.78938,25.1421],[121.78944,25.142],[121.78949,25.14192],[121.78954,25.14176],[121.78958,25.14147],[121.78963,25.14133],[121.78978,25.14112],[121.78997,25.14083],[121.78996,25.14071],[121.78969,25.14004],[121.78959,25.13982],[121.78946,25.13942],[121.78938,25.1391],[121.78929,25.13907],[121.78916,25.13903],[121.78908,25.139],[121.78899,25.13896],[121.78894,25.1389],[121.78894,25.1388],[121.78908,25.13781]],[[121.78908,25.13781],[121.78894,25.13773],[121.78868,25.13744],[121.78829,25.13695],[121.78825,25.1369],[121.7882,25.13685],[121.78788,25.13642],[121.78733,25.13574]],[[121.78733,25.13574],[121.78683,25.13569],[121.78642,25.13564],[121.78614,25.1356],[121.78564,25.1355],[121.78549,25.13548],[121.78484,25.13534],[121.78461,25.13531],[121.78355,25.13515],[121.78275,25.13506]]]}},{"type":"Feature","properties":{"name":"新豐街162巷","base":"新豐街162巷","section":null,"tier":"hard","length_m":671,"lane":true,"district":"中正區"},"geometry":{"type":"MultiLineString","coordinates":[[[121.78868,25.13744],[121.78809,25.13792],[121.78795,25.13804],[121.78762,25.13832],[121.78752,25.13837],[121.78747,25.1384],[121.78726,25.13845],[121.78709,25.13847],[121.78629,25.13847],[121.78503,25.13847],[121.78487,25.13851],[121.78474,25.13858],[121.78465,25.13868],[121.78458,25.13876],[121.78452,25.1389],[121.78453,25.13922],[121.78453,25.13942],[121.78454,25.13959],[121.78454,25.1397],[121.7845,25.13981],[121.78449,25.13985]],[[121.78449,25.13985],[121.78435,25.14029],[121.78429,25.14054],[121.78428,25.14056]]]}},{"type":"Feature","properties":{"name":"新豐街251巷","base":"新豐街251巷","section":null,"tier":"hard","length_m":200,"lane":true,"district":"中正區"},"geometry":{"type":"MultiLineString","coordinates":[[[121.78788,25.13642],[121.78799,25.13632],[121.78809,25.13617],[121.78821,25.13596],[121.78837,25.13569],[121.78853,25.1354],[121.78868,25.13512],[121.78883,25.13485]]]}},{"type":"Feature","properties":{"name":"新豐街303巷","base":"新豐街303巷","section":null,"tier":"hard","length_m":341,"lane":true,"district":"中正區"},"geometry":{"type":"MultiLineString","coordinates":[[[121.78851,25.13293],[121.78845,25.13295],[121.7884,25.13299],[121.78836,25.13318],[121.7883,25.13345],[121.78824,25.13374],[121.78819,25.13399],[121.78817,25.13407],[121.78813,25.13428],[121.78812,25.13436],[121.78805,25.13448],[121.78795,25.13465],[121.7879,25.13475],[121.78781,25.13492],[121.78776,25.13503],[121.7876,25.13531],[121.78742,25.13559],[121.78733,25.13574]]]}},{"type":"Feature","properties":{"name":"新豐街303巷11弄","base":"新豐街303巷11弄","section":null,"tier":"hard","length_m":98,"lane":true,"district":"中正區"},"geometry":{"type":"MultiLineString","coordinates":[[[121.78813,25.13428],[121.78879,25.13459],[121.78899,25.1347]]]}},{"type":"Feature","properties":{"name":"新豐街333巷","base":"新豐街333巷","section":null,"tier":"hard","length_m":293,"lane":true,"district":"中正區"},"geometry":{"type":"MultiLineString","coordinates":[[[121.78461,25.13531],[121.78481,25.13435],[121.78482,25.13416],[121.78483,25.13407],[121.78486,25.13397],[121.78493,25.13387],[121.78502,25.1338],[121.78511,25.13375],[121.78529,25.13372],[121.78556,25.13368],[121.78588,25.13374],[121.78614,25.13379]]]}},{"type":"Feature","properties":{"name":"旺牛橋","base":"旺牛橋","section":null,"tier":"hard","length_m":62,"district":"信義區"},"geometry":{"type":"MultiLineString","coordinates":[[[121.75791,25.12847],[121.75792,25.1284],[121.75794,25.1281],[121.75795,25.12791]]]}},{"type":"Feature","properties":{"name":"明德一路","base":"明德一路","section":null,"tier":"easy","length_m":3346,"district":"七堵區","area":"六堵"},"geometry":{"type":"MultiLineString","coordinates":[[[121.7179,25.0994],[121.71839,25.09965],[121.71866,25.09978],[121.71887,25.09985],[121.71908,25.0999],[121.71918,25.09991],[121.71931,25.09993]],[[121.71786,25.09945],[121.71732,25.09918],[121.7163,25.09866],[121.71557,25.09829],[121.71518,25.09816],[121.71428,25.09784],[121.71323,25.09744],[121.71251,25.09719],[121.71119,25.09667],[121.71109,25.09661],[121.71104,25.09656],[121.71082,25.09626],[121.71075,25.09615],[121.71065,25.09592],[121.71064,25.09589],[121.71057,25.09556],[121.71055,25.09504],[121.71048,25.09418],[121.7105,25.09319],[121.71049,25.09296],[121.71048,25.09279]],[[121.70804,25.09074],[121.70835,25.09107],[121.70866,25.0913],[121.7104,25.09248],[121.71054,25.09259]],[[121.71919,25.09999],[121.71914,25.09998],[121.71886,25.09992],[121.71865,25.09985],[121.71836,25.0997],[121.71786,25.09945]],[[121.71028,25.09251],[121.7098,25.09217],[121.70863,25.09138],[121.70831,25.09115],[121.70808,25.09092],[121.7079,25.09082]],[[121.71054,25.09259],[121.71056,25.09283],[121.71056,25.09306],[121.71056,25.0934],[121.71054,25.09418],[121.71058,25.0947],[121.71061,25.09504],[121.71063,25.09554],[121.71065,25.09564],[121.7107,25.09585],[121.71072,25.09592],[121.71078,25.09603],[121.71088,25.09621],[121.71106,25.09646],[121.71115,25.09655],[121.71126,25.09663],[121.71188,25.0969],[121.71253,25.09714],[121.71324,25.09739],[121.71431,25.09779],[121.7152,25.09811],[121.7156,25.09824],[121.71633,25.09861],[121.71735,25.09913],[121.7179,25.0994]],[[121.71933,25.10001],[121.71919,25.09999]]]}},{"type":"Feature","properties":{"name":"明德一路269巷","base":"明德一路269巷","section":null,"tier":"hard","length_m":231,"lane":true,"district":"七堵區","area":"六堵"},"geometry":{"type":"MultiLineString","coordinates":[[[121.71272,25.09515],[121.71269,25.09524],[121.71241,25.09517],[121.71058,25.0947]]]}},{"type":"Feature","properties":{"name":"明德三路（七堵區2）","base":"明德三路（七堵區2）","section":null,"tier":"medium","length_m":86,"district":"七堵區"},"geometry":{"type":"MultiLineString","coordinates":[[[121.68396,25.08381],[121.68371,25.08372],[121.68321,25.08345]]]}},{"type":"Feature","properties":{"name":"明德三路（七堵區）","base":"明德三路（七堵區）","section":null,"tier":"easy","length_m":3796,"district":"七堵區","area":"六堵"},"geometry":{"type":"MultiLineString","coordinates":[[[121.69121,25.07815],[121.69101,25.07816],[121.69078,25.07815],[121.69056,25.07812],[121.69034,25.07808],[121.69002,25.078],[121.68957,25.07784]],[[121.6931,25.07798],[121.69265,25.07796],[121.69245,25.07796],[121.69221,25.07799],[121.69185,25.07804],[121.69121,25.07815]],[[121.68957,25.07784],[121.68943,25.07778],[121.68933,25.07774],[121.6891,25.07762],[121.68884,25.07743],[121.68818,25.07673],[121.68811,25.07666],[121.688,25.07653],[121.68771,25.07621],[121.68761,25.07613],[121.68738,25.07596],[121.68715,25.07584],[121.68682,25.07573],[121.68629,25.07566]],[[121.6931,25.07798],[121.69343,25.07801],[121.69395,25.07811],[121.6946,25.07831],[121.69585,25.07869],[121.697,25.07899],[121.69806,25.07922],[121.69861,25.07936],[121.69902,25.07945],[121.69933,25.07951],[121.69975,25.07957],[121.70008,25.07966],[121.70028,25.07972]],[[121.70028,25.07972],[121.70061,25.07985],[121.70085,25.07995],[121.70124,25.08014],[121.70132,25.0802],[121.70135,25.08025],[121.70141,25.08036],[121.70144,25.08045],[121.70149,25.08062],[121.70152,25.0807]],[[121.6912,25.07808],[121.69184,25.07797],[121.69219,25.07792],[121.69245,25.07789],[121.69265,25.07789],[121.6931,25.07798]],[[121.6896,25.07777],[121.69005,25.07794],[121.69036,25.07801],[121.69057,25.07805],[121.69079,25.07808],[121.69101,25.07809],[121.6912,25.07808]],[[121.68222,25.07943],[121.68222,25.07942],[121.68224,25.07916],[121.6822,25.07893],[121.68209,25.07814],[121.68203,25.07761],[121.68202,25.07741],[121.68206,25.07717],[121.68219,25.07682],[121.68229,25.07666],[121.68258,25.07634],[121.68284,25.07606],[121.683,25.07589],[121.68335,25.07552],[121.68364,25.07521],[121.6837,25.07515]],[[121.6863,25.07558],[121.68684,25.07565],[121.68718,25.07576],[121.68743,25.07589],[121.68767,25.07607],[121.68794,25.07632],[121.68804,25.07644],[121.68815,25.07658],[121.68819,25.07663],[121.68824,25.07668],[121.6889,25.07737],[121.68916,25.07756],[121.68938,25.07767],[121.68947,25.07771],[121.6896,25.07777]],[[121.6837,25.07515],[121.68385,25.07522],[121.684,25.07528],[121.6841,25.0753],[121.68454,25.07536],[121.685,25.07541],[121.68595,25.07553],[121.6863,25.07558]],[[121.68629,25.07566],[121.68593,25.07561],[121.68452,25.07544],[121.68408,25.07538],[121.68397,25.07535],[121.68381,25.0753],[121.68364,25.07521]],[[121.68128,25.08119],[121.68129,25.08107],[121.68133,25.08092],[121.68145,25.08068],[121.6816,25.08045],[121.68186,25.08015],[121.68202,25.07995],[121.68214,25.07967],[121.68219,25.07951]],[[121.68219,25.07951],[121.68222,25.07943]]]}},{"type":"Feature","properties":{"name":"明德二路","base":"明德二路","section":null,"tier":"easy","length_m":6279,"district":"七堵區","area":"六堵"},"geometry":{"type":"MultiLineString","coordinates":[[[121.69235,25.07679],[121.69315,25.07795],[121.69342,25.07833],[121.69365,25.07853],[121.69397,25.07881],[121.69424,25.079],[121.69455,25.07917],[121.69477,25.07924],[121.69498,25.07932],[121.69555,25.07951]],[[121.69555,25.07951],[121.69817,25.08031],[121.69829,25.08034],[121.69861,25.08045]],[[121.68899,25.07172],[121.68947,25.0724],[121.68992,25.0732],[121.69027,25.07378],[121.69065,25.07439],[121.69089,25.07476],[121.69138,25.07545],[121.69235,25.07679]],[[121.69552,25.07959],[121.69494,25.0794],[121.69471,25.07931],[121.6945,25.07924],[121.69419,25.07908],[121.69391,25.07887],[121.69359,25.07859],[121.69335,25.07838],[121.69307,25.07799],[121.69228,25.07682]],[[121.70428,25.08337],[121.70248,25.08117],[121.70229,25.08094]],[[121.69861,25.08045],[121.69979,25.08081],[121.69997,25.08085],[121.70017,25.08086],[121.70035,25.08086],[121.70053,25.08084],[121.70071,25.0808],[121.70133,25.08065],[121.70149,25.08062],[121.70168,25.0806],[121.70177,25.0806],[121.70187,25.08061],[121.70197,25.08064],[121.70206,25.08067],[121.7021,25.08069],[121.70216,25.08072],[121.70221,25.08076],[121.70227,25.0808],[121.70236,25.08089]],[[121.69859,25.08052],[121.69825,25.08042],[121.69814,25.08039],[121.69552,25.07959]],[[121.70434,25.08333],[121.70448,25.0835]],[[121.69228,25.07682],[121.6913,25.07551],[121.69081,25.07483],[121.69055,25.07443],[121.69018,25.07383],[121.68984,25.07323],[121.68938,25.07243],[121.68888,25.07176]],[[121.70745,25.09062],[121.70742,25.09061],[121.70732,25.09056],[121.70725,25.09053],[121.70721,25.09051],[121.70663,25.09029],[121.70657,25.09027],[121.70644,25.09022],[121.70622,25.09018],[121.70608,25.09014],[121.70597,25.09007],[121.70561,25.08976],[121.70537,25.08952],[121.70527,25.08938],[121.7052,25.08925],[121.70514,25.08908],[121.7051,25.08888],[121.70512,25.08822],[121.70518,25.08712],[121.70518,25.08707],[121.70522,25.08567],[121.70523,25.08551],[121.70521,25.08519],[121.70519,25.085],[121.70513,25.08476],[121.70505,25.08451],[121.70495,25.08427],[121.70487,25.08413],[121.7047,25.08389],[121.70442,25.08354]],[[121.70442,25.08354],[121.70428,25.08337]],[[121.70448,25.0835],[121.70476,25.08383],[121.70493,25.08406],[121.705,25.08417],[121.70508,25.08436],[121.70518,25.08463],[121.70525,25.0849],[121.70529,25.0851],[121.7053,25.08527],[121.70531,25.08547],[121.7053,25.0857],[121.70527,25.08707],[121.70527,25.08712],[121.70523,25.08822],[121.70522,25.08867],[121.70522,25.08868],[121.70525,25.08901],[121.70529,25.08916],[121.70536,25.08931],[121.70551,25.0895],[121.70573,25.08973],[121.70585,25.08983],[121.70591,25.08989],[121.7061,25.09004],[121.70619,25.09009],[121.7063,25.09012],[121.70647,25.09013],[121.70658,25.09014],[121.70729,25.09044],[121.70737,25.09048],[121.70748,25.09052],[121.70754,25.09054]],[[121.70229,25.08094],[121.70221,25.08086],[121.70214,25.08081],[121.70207,25.08077],[121.70198,25.08073],[121.70188,25.0807],[121.70179,25.08069],[121.70169,25.08069],[121.70152,25.0807],[121.70077,25.08088],[121.70062,25.08091],[121.70038,25.08094],[121.70013,25.08095],[121.69996,25.08093],[121.69978,25.0809],[121.69859,25.08052]],[[121.70236,25.08089],[121.70254,25.0811],[121.70434,25.08333]]]}},{"type":"Feature","properties":{"name":"明燈路三段","base":"明燈路","section":"三段","tier":"hard","length_m":11,"district":"信義區"},"geometry":{"type":"MultiLineString","coordinates":[[[121.79539,25.11341],[121.79549,25.11337]]]}},{"type":"Feature","properties":{"name":"暖中路","base":"暖中路","section":null,"tier":"hard","length_m":470,"district":"暖暖區"},"geometry":{"type":"MultiLineString","coordinates":[[[121.73972,25.10405],[121.73987,25.10435],[121.73994,25.10448],[121.73995,25.10459],[121.73994,25.10471],[121.73991,25.10486],[121.73987,25.10493],[121.73974,25.10519],[121.73964,25.10534],[121.73933,25.10569],[121.73908,25.10599],[121.73882,25.10629],[121.73871,25.10642],[121.73855,25.10651],[121.7382,25.10664],[121.73809,25.1067],[121.73801,25.10677],[121.73797,25.10684],[121.73796,25.10719],[121.73795,25.10725],[121.73794,25.10731],[121.73787,25.10748]]]}},{"type":"Feature","properties":{"name":"暖暖1號橋","base":"暖暖1號橋","section":null,"tier":"medium","length_m":34,"district":"暖暖區"},"geometry":{"type":"MultiLineString","coordinates":[[[121.73494,25.11151],[121.73512,25.11125]]]}},{"type":"Feature","properties":{"name":"暖暖2號橋","base":"暖暖2號橋","section":null,"tier":"easy","length_m":667,"district":"暖暖區"},"geometry":{"type":"MultiLineString","coordinates":[[[121.73849,25.10297],[121.73804,25.10305],[121.73769,25.10315],[121.73759,25.10319],[121.73739,25.1033],[121.73713,25.10352],[121.73666,25.10405],[121.73653,25.10417],[121.7363,25.10433],[121.73607,25.10445],[121.73581,25.10454]],[[121.73578,25.10447],[121.7359,25.10444],[121.736,25.10441],[121.73611,25.10435],[121.73623,25.10428],[121.73644,25.10413],[121.73659,25.104],[121.73697,25.10354],[121.73722,25.1033],[121.73745,25.10315],[121.7376,25.10308],[121.738,25.10298],[121.73848,25.1029]]]}},{"type":"Feature","properties":{"name":"暖暖街","base":"暖暖街","section":null,"tier":"medium","length_m":1864,"district":"暖暖區"},"geometry":{"type":"MultiLineString","coordinates":[[[121.73983,25.10273],[121.73982,25.10268],[121.73982,25.10249],[121.73979,25.10246],[121.73976,25.10244],[121.73972,25.10241],[121.73967,25.10239],[121.73959,25.10236]],[[121.73469,25.09523],[121.73506,25.09451],[121.73513,25.09433],[121.73548,25.09358],[121.73555,25.09327],[121.73574,25.09264],[121.7368,25.09277],[121.73705,25.09281],[121.73802,25.09291],[121.73812,25.09291]],[[121.73858,25.10241],[121.73857,25.10237],[121.73856,25.10233],[121.73854,25.10227],[121.73846,25.10214],[121.73844,25.10211],[121.73831,25.10195],[121.73797,25.10162],[121.73753,25.10102],[121.73731,25.10085],[121.73687,25.10038],[121.73668,25.10019],[121.73666,25.10015],[121.73649,25.09997],[121.73632,25.09987]],[[121.73959,25.10236],[121.74009,25.1024],[121.74013,25.10241],[121.74015,25.10241],[121.74018,25.10243],[121.7402,25.10249],[121.74023,25.10261]],[[121.73812,25.09291],[121.73842,25.09302]],[[121.73632,25.09987],[121.73621,25.09976],[121.73549,25.09899],[121.73534,25.09883],[121.7352,25.09869],[121.73504,25.09853],[121.73495,25.09841],[121.73486,25.09819],[121.73478,25.09796],[121.73475,25.09785],[121.73465,25.09754],[121.73444,25.09713],[121.73435,25.0969],[121.73434,25.09678],[121.73425,25.09638],[121.73425,25.09634],[121.73426,25.09623],[121.7343,25.09609],[121.73452,25.09555]],[[121.73879,25.09319],[121.73887,25.09323]],[[121.73959,25.10236],[121.73939,25.10234],[121.73917,25.10234],[121.73877,25.10237],[121.73858,25.10241]],[[121.73753,25.10291],[121.73768,25.10279],[121.73788,25.10267],[121.73836,25.10247],[121.73858,25.10241]]]}},{"type":"Feature","properties":{"name":"暖暖街196巷","base":"暖暖街196巷","section":null,"tier":"hard","length_m":72,"lane":true,"district":"暖暖區"},"geometry":{"type":"MultiLineString","coordinates":[[[121.73549,25.09899],[121.73503,25.09949]]]}},{"type":"Feature","properties":{"name":"暖暖街197巷","base":"暖暖街197巷","section":null,"tier":"hard","length_m":81,"lane":true,"district":"暖暖區"},"geometry":{"type":"MultiLineString","coordinates":[[[121.73605,25.09847],[121.73589,25.0986],[121.73549,25.09899]]]}},{"type":"Feature","properties":{"name":"暖暖街245巷","base":"暖暖街245巷","section":null,"tier":"hard","length_m":75,"lane":true,"district":"暖暖區"},"geometry":{"type":"MultiLineString","coordinates":[[[121.73465,25.09754],[121.73534,25.09729]]]}},{"type":"Feature","properties":{"name":"暖暖街246巷","base":"暖暖街246巷","section":null,"tier":"hard","length_m":434,"lane":true,"district":"暖暖區"},"geometry":{"type":"MultiLineString","coordinates":[[[121.73601,25.10055],[121.73595,25.10045],[121.73557,25.10007],[121.73503,25.09949],[121.73495,25.09942],[121.73443,25.09888],[121.73432,25.09874],[121.73414,25.09828],[121.73408,25.09808],[121.73408,25.09801],[121.73408,25.09792],[121.7341,25.09785],[121.73415,25.09777],[121.7342,25.09773],[121.73427,25.09768],[121.73465,25.09754]]]}},{"type":"Feature","properties":{"name":"暖暖街281巷","base":"暖暖街281巷","section":null,"tier":"hard","length_m":417,"lane":true,"district":"暖暖區"},"geometry":{"type":"MultiLineString","coordinates":[[[121.73484,25.09628],[121.73493,25.09628],[121.73503,25.09632],[121.73534,25.09729],[121.73557,25.09784],[121.73591,25.0983],[121.73605,25.09847],[121.73627,25.09875],[121.73676,25.09934],[121.73684,25.09944]]]}},{"type":"Feature","properties":{"name":"暖暖街335巷","base":"暖暖街335巷","section":null,"tier":"hard","length_m":198,"lane":true,"district":"暖暖區"},"geometry":{"type":"MultiLineString","coordinates":[[[121.73506,25.09451],[121.73541,25.09453],[121.7355,25.09451],[121.73563,25.0944],[121.73606,25.094],[121.73618,25.0937],[121.73628,25.09337]]]}},{"type":"Feature","properties":{"name":"暖暖街379巷","base":"暖暖街379巷","section":null,"tier":"hard","length_m":386,"lane":true,"district":"暖暖區"},"geometry":{"type":"MultiLineString","coordinates":[[[121.73787,25.09358],[121.73802,25.09291]],[[121.73555,25.09327],[121.73628,25.09337],[121.7367,25.09343],[121.73787,25.09358]],[[121.7367,25.09343],[121.7368,25.09277]]]}},{"type":"Feature","properties":{"name":"暖暖街530巷","base":"暖暖街530巷","section":null,"tier":"hard","length_m":511,"lane":true,"district":"暖暖區"},"geometry":{"type":"MultiLineString","coordinates":[[[121.73712,25.09214],[121.73843,25.09176],[121.73888,25.09161],[121.73899,25.09154],[121.73943,25.09101]],[[121.73574,25.09264],[121.73581,25.09222],[121.73584,25.09206],[121.7359,25.09202],[121.736,25.09202],[121.73682,25.0921],[121.73712,25.09214]],[[121.73948,25.09096],[121.73973,25.09068]]]}},{"type":"Feature","properties":{"name":"暖暖街570巷","base":"暖暖街570巷","section":null,"tier":"hard","length_m":656,"lane":true,"district":"暖暖區"},"geometry":{"type":"MultiLineString","coordinates":[[[121.73705,25.09281],[121.73712,25.09214],[121.73719,25.09156],[121.73723,25.09148],[121.73729,25.09144],[121.73904,25.09088],[121.73927,25.09083]],[[121.73712,25.09214],[121.73828,25.09226]],[[121.73973,25.09068],[121.73995,25.09045],[121.74001,25.09043],[121.74026,25.09038],[121.74031,25.09034],[121.74082,25.08959]]]}},{"type":"Feature","properties":{"name":"暖暖街610巷","base":"暖暖街610巷","section":null,"tier":"hard","length_m":132,"lane":true,"district":"暖暖區"},"geometry":{"type":"MultiLineString","coordinates":[[[121.73812,25.09291],[121.73828,25.09226],[121.73843,25.09176]]]}},{"type":"Feature","properties":{"name":"暖江橋","base":"暖江橋","section":null,"tier":"medium","length_m":75,"district":"暖暖區"},"geometry":{"type":"MultiLineString","coordinates":[[[121.7403,25.10271],[121.74049,25.10336]]]}},{"type":"Feature","properties":{"name":"暖碇路15巷","base":"暖碇路15巷","section":null,"tier":"hard","length_m":195,"lane":true,"district":"暖暖區"},"geometry":{"type":"MultiLineString","coordinates":[[[121.75219,25.09699],[121.75267,25.0966],[121.75283,25.09658],[121.75304,25.0965],[121.75323,25.09635],[121.75327,25.0963],[121.75343,25.09608],[121.75358,25.09585]]]}},{"type":"Feature","properties":{"name":"暖碇路38巷","base":"暖碇路38巷","section":null,"tier":"hard","length_m":68,"lane":true,"district":"暖暖區"},"geometry":{"type":"MultiLineString","coordinates":[[[121.7522,25.0969],[121.75192,25.09691],[121.75175,25.09684],[121.75159,25.09672]]]}},{"type":"Feature","properties":{"name":"暖碇路（暖暖區2）","base":"暖碇路（暖暖區2）","section":null,"tier":"hard","length_m":163,"district":"暖暖區"},"geometry":{"type":"MultiLineString","coordinates":[[[121.75198,25.09835],[121.75199,25.09827],[121.75208,25.09765],[121.75214,25.09734],[121.75219,25.09699],[121.75219,25.09697]],[[121.7522,25.09691],[121.7522,25.0969]],[[121.75219,25.09697],[121.7522,25.09691]]]}},{"type":"Feature","properties":{"name":"暖碇路（暖暖區）","base":"暖碇路（暖暖區）","section":null,"tier":"hard","length_m":330,"district":"暖暖區"},"geometry":{"type":"MultiLineString","coordinates":[[[121.75532,25.09661],[121.75704,25.09746],[121.75746,25.09768],[121.75803,25.09823]]]}},{"type":"Feature","properties":{"name":"月眉路","base":"月眉路","section":null,"tier":"hard","length_m":2221,"district":"信義區"},"geometry":{"type":"MultiLineString","coordinates":[[[121.75786,25.12451],[121.75792,25.1245],[121.75817,25.12449]],[[121.76096,25.11282],[121.76097,25.11235],[121.76099,25.1115]],[[121.75804,25.12403],[121.75804,25.12392],[121.7581,25.12384],[121.75817,25.12382],[121.75885,25.12375],[121.75905,25.12367],[121.75945,25.12327],[121.7595,25.12328],[121.75952,25.1233],[121.75952,25.12333],[121.7594,25.12351],[121.75924,25.1238],[121.75923,25.12384],[121.7592,25.12396],[121.75926,25.124],[121.75931,25.12399],[121.75952,25.12368],[121.75971,25.12362],[121.75989,25.1235],[121.7602,25.12323],[121.76026,25.12294],[121.76023,25.12273],[121.7603,25.12256],[121.7604,25.12248],[121.76062,25.12233],[121.7608,25.1221],[121.7609,25.12196],[121.76097,25.12191],[121.76106,25.12189],[121.76111,25.12192],[121.76117,25.12196],[121.76117,25.12204],[121.76107,25.12235],[121.76098,25.12264],[121.76099,25.12271],[121.76103,25.12277],[121.7612,25.12284],[121.76142,25.12289],[121.76154,25.12289],[121.76165,25.12284],[121.76173,25.12275],[121.76178,25.12266]],[[121.75792,25.1245],[121.75795,25.12437],[121.75804,25.12403]],[[121.76271,25.12125],[121.76285,25.12101],[121.76305,25.12058],[121.76323,25.12008]],[[121.76323,25.12008],[121.76335,25.11954],[121.76336,25.11898],[121.76335,25.11862],[121.7633,25.11839],[121.76325,25.11819],[121.76319,25.11802],[121.76314,25.11783],[121.76303,25.11757],[121.7629,25.11731],[121.7627,25.11697],[121.76218,25.11629],[121.76163,25.11558],[121.76136,25.11524],[121.76118,25.11491],[121.76107,25.11465],[121.76103,25.11444],[121.76099,25.11421],[121.76097,25.11376],[121.76096,25.11309]],[[121.76096,25.11309],[121.76096,25.11282]],[[121.76178,25.12266],[121.7618,25.1226],[121.76181,25.12254],[121.76187,25.12232],[121.76198,25.12219],[121.76213,25.12199],[121.76232,25.12176],[121.76241,25.12165]],[[121.76241,25.12165],[121.76261,25.1214],[121.76271,25.12125]]]}},{"type":"Feature","properties":{"name":"月眉路65巷","base":"月眉路65巷","section":null,"tier":"hard","length_m":472,"lane":true,"district":"信義區"},"geometry":{"type":"MultiLineString","coordinates":[[[121.76271,25.12125],[121.76275,25.12109],[121.76275,25.12085],[121.76272,25.12062],[121.76273,25.12045],[121.76279,25.12027],[121.7631,25.12004],[121.76316,25.11995],[121.76321,25.11976],[121.7632,25.1196],[121.76321,25.11949],[121.76328,25.1194],[121.76336,25.11933],[121.76342,25.11929],[121.76349,25.11919],[121.76354,25.11902],[121.76353,25.11891],[121.76354,25.11887],[121.76358,25.11884],[121.76368,25.11884],[121.76378,25.11891],[121.76386,25.11898],[121.76392,25.11897],[121.76395,25.11892],[121.76388,25.1188],[121.76371,25.11865],[121.76357,25.11855],[121.76356,25.1185],[121.76362,25.11846],[121.76377,25.11854],[121.76393,25.11864],[121.76398,25.11867],[121.76405,25.11868],[121.76408,25.11864]]]}},{"type":"Feature","properties":{"name":"東信路","base":"東信路","section":null,"tier":"medium","length_m":1195,"district":"信義區"},"geometry":{"type":"MultiLineString","coordinates":[[[121.76857,25.12874],[121.76854,25.12867],[121.76844,25.12857],[121.76814,25.1281],[121.76792,25.12787],[121.7678,25.12779]],[[121.76451,25.12818],[121.76468,25.12813],[121.76486,25.12805],[121.76501,25.12797],[121.76532,25.12778],[121.76556,25.12763],[121.76563,25.12759],[121.76574,25.12751],[121.76591,25.12743],[121.766,25.12741],[121.76605,25.12741],[121.76612,25.12741],[121.7664,25.12742]],[[121.76724,25.12749],[121.76716,25.12745],[121.76685,25.12744],[121.7664,25.12742]],[[121.75878,25.12848],[121.75791,25.12847]],[[121.76451,25.12818],[121.76438,25.12821],[121.76419,25.12824],[121.76415,25.12825],[121.76404,25.12826],[121.76382,25.12825],[121.76359,25.12822],[121.763,25.12812],[121.76239,25.12799],[121.76232,25.128],[121.76224,25.12801],[121.76218,25.12804],[121.76211,25.12808],[121.76205,25.12813],[121.76193,25.12822],[121.7616,25.12851],[121.7613,25.1287]],[[121.7678,25.12779],[121.76724,25.12749]],[[121.7613,25.1287],[121.76121,25.12869],[121.76068,25.12864],[121.76019,25.12858]],[[121.76019,25.12858],[121.7596,25.12854],[121.75921,25.12851],[121.75878,25.12848]]]}},{"type":"Feature","properties":{"name":"東光路","base":"東光路","section":null,"tier":"medium","length_m":1285,"district":"信義區"},"geometry":{"type":"MultiLineString","coordinates":[[[121.7664,25.12742],[121.76674,25.12767],[121.76708,25.128],[121.76718,25.12805],[121.76732,25.12813],[121.76752,25.12829],[121.76804,25.12867],[121.76807,25.12874],[121.76808,25.1288],[121.76809,25.12886],[121.76806,25.12896],[121.76755,25.12948],[121.76751,25.12951],[121.76735,25.12967],[121.76729,25.12975],[121.76727,25.12979],[121.76727,25.12983],[121.76728,25.12987],[121.76731,25.12991],[121.76734,25.12994],[121.76852,25.13073],[121.76853,25.13074],[121.76882,25.13106],[121.76903,25.13138],[121.76911,25.13151],[121.76922,25.13163],[121.76931,25.13169],[121.76942,25.13174],[121.76954,25.13176],[121.76961,25.13177],[121.77011,25.13185],[121.77035,25.13188],[121.77051,25.13192],[121.77064,25.13199],[121.77069,25.13208],[121.77065,25.13262],[121.77065,25.13268],[121.77065,25.13274],[121.77069,25.13281],[121.77074,25.13287],[121.7708,25.1329],[121.77087,25.13293],[121.77098,25.13295],[121.77105,25.13297],[121.77109,25.13299],[121.77113,25.13303],[121.77115,25.13308],[121.77118,25.13314],[121.77119,25.13324],[121.77118,25.13331],[121.77111,25.13357],[121.77113,25.13385],[121.77111,25.13394],[121.77109,25.13397],[121.77106,25.13402],[121.77101,25.13408],[121.77085,25.13421],[121.77077,25.13429],[121.7707,25.13438],[121.77066,25.13447],[121.77062,25.13457],[121.7706,25.13466],[121.77059,25.13476],[121.7706,25.13486],[121.77061,25.13491],[121.77065,25.13502],[121.77075,25.13532],[121.77087,25.13576]]]}},{"type":"Feature","properties":{"name":"東勢坑產業道路","base":"東勢坑產業道路","section":null,"tier":"hard","length_m":1774,"district":"暖暖區"},"geometry":{"type":"MultiLineString","coordinates":[[[121.75448,25.09057],[121.75452,25.09045],[121.75455,25.09039],[121.75466,25.09019],[121.75473,25.09001],[121.75475,25.0899],[121.75478,25.08979],[121.75475,25.08911],[121.75479,25.08906],[121.75485,25.08905],[121.75495,25.08909],[121.75501,25.08907],[121.75505,25.08903],[121.75519,25.0888],[121.75537,25.08863],[121.75555,25.08856],[121.75579,25.08846],[121.75603,25.08818],[121.75646,25.08792],[121.75644,25.08788],[121.75636,25.08785],[121.75626,25.08787],[121.75587,25.0881],[121.7557,25.08819],[121.75537,25.0883],[121.75527,25.0883],[121.75516,25.08826],[121.75512,25.08821],[121.7551,25.08811],[121.75511,25.08797],[121.7552,25.08769],[121.75524,25.08756],[121.75524,25.08744],[121.75516,25.08716],[121.75509,25.087],[121.75505,25.08692],[121.75494,25.08687],[121.75475,25.08685],[121.75461,25.08684],[121.75452,25.08687],[121.75443,25.08696],[121.75436,25.08705],[121.75423,25.08714],[121.75415,25.08719],[121.7541,25.08732],[121.7541,25.08744],[121.75407,25.08759],[121.75407,25.08765],[121.75404,25.08769],[121.75399,25.08772],[121.75394,25.08771],[121.7539,25.0877],[121.75386,25.08764],[121.75383,25.08743],[121.75385,25.08734],[121.75391,25.08724],[121.75408,25.08706],[121.75413,25.08696],[121.75416,25.08685],[121.75419,25.08678],[121.75423,25.08671],[121.75428,25.08664],[121.7543,25.08651],[121.75435,25.08644],[121.75439,25.08641],[121.75461,25.08641],[121.75468,25.08641],[121.75476,25.08639],[121.75496,25.08626],[121.75504,25.08621],[121.75513,25.08617],[121.75523,25.08616],[121.75534,25.08616],[121.75546,25.08623],[121.75571,25.08648],[121.75579,25.08667],[121.75584,25.08672],[121.7559,25.08672],[121.75593,25.08668],[121.75579,25.08629],[121.75573,25.08618],[121.75559,25.08599],[121.75553,25.08593],[121.75545,25.08589],[121.75499,25.08585],[121.75494,25.08582],[121.75492,25.08578],[121.75495,25.08573],[121.75499,25.08572],[121.75515,25.08577],[121.75525,25.08578],[121.7554,25.08575],[121.75581,25.08562],[121.75591,25.0856],[121.75602,25.08559],[121.75625,25.08564],[121.75634,25.08564],[121.75642,25.0856],[121.75649,25.08553],[121.75662,25.08526],[121.75666,25.08521],[121.75677,25.08516],[121.75693,25.08511],[121.75713,25.08508],[121.75724,25.08505],[121.75749,25.08491],[121.75759,25.08489],[121.75804,25.08487],[121.75819,25.08481]]]}},{"type":"Feature","properties":{"name":"東勢街","base":"東勢街","section":null,"tier":"easy","length_m":5968,"district":"暖暖區"},"geometry":{"type":"MultiLineString","coordinates":[[[121.73632,25.09987],[121.73618,25.10002],[121.73603,25.10048],[121.73601,25.10055],[121.73602,25.10061],[121.73598,25.10079]],[[121.75819,25.08481],[121.75829,25.08456],[121.75833,25.0845],[121.75842,25.08445],[121.7585,25.08436],[121.75854,25.08426],[121.75856,25.08416],[121.7585,25.08407],[121.75837,25.0839],[121.75831,25.0838],[121.75828,25.08369],[121.75824,25.08355],[121.75822,25.08349],[121.75812,25.0834],[121.75783,25.08322],[121.75777,25.08315],[121.75776,25.08309],[121.75776,25.08302],[121.75787,25.08286],[121.75813,25.08262],[121.75817,25.08257],[121.75817,25.08251],[121.75816,25.08245],[121.75812,25.08241],[121.75794,25.08232],[121.75778,25.08231],[121.75734,25.08228],[121.75723,25.0823],[121.75709,25.08233],[121.75682,25.08248],[121.75672,25.08251],[121.75666,25.08248],[121.75662,25.08244],[121.75659,25.08236],[121.75663,25.08229],[121.75674,25.0822],[121.75684,25.08209],[121.75696,25.08197],[121.75704,25.08194],[121.75723,25.08192],[121.75746,25.08186],[121.7575,25.0818],[121.75766,25.08157],[121.75769,25.08147],[121.75768,25.08121],[121.75764,25.08104],[121.7576,25.08099],[121.7575,25.08097],[121.75735,25.081],[121.75726,25.08099],[121.75717,25.08094],[121.75687,25.08072],[121.75668,25.08053],[121.7565,25.08039],[121.75638,25.08033],[121.75614,25.08036],[121.75593,25.08031],[121.75583,25.08031],[121.75566,25.08037],[121.75544,25.08052],[121.75534,25.08055],[121.75526,25.08055],[121.75507,25.08049],[121.75502,25.08045],[121.75502,25.08037],[121.75522,25.08013],[121.7554,25.08003],[121.75549,25.0799],[121.75561,25.07963],[121.7557,25.07954],[121.75582,25.07945],[121.75591,25.07939],[121.75595,25.07933],[121.75596,25.07924],[121.75594,25.07907],[121.75597,25.07901],[121.75611,25.07879],[121.75621,25.07856],[121.75621,25.07851],[121.75618,25.07846],[121.75613,25.07847],[121.75607,25.07851],[121.75576,25.079],[121.75571,25.07901],[121.75569,25.07901],[121.75567,25.07899],[121.75566,25.07895],[121.75568,25.07882],[121.75571,25.07862],[121.75577,25.07836],[121.75583,25.07817],[121.7559,25.07807],[121.75622,25.0779],[121.75641,25.07778],[121.75657,25.07764],[121.7566,25.07759],[121.75661,25.07754],[121.75656,25.07746],[121.75648,25.07739],[121.75642,25.07735],[121.75631,25.0773],[121.75621,25.0773],[121.75612,25.07731],[121.75587,25.07738],[121.7557,25.07746],[121.75551,25.07758],[121.75538,25.07773],[121.75532,25.07781],[121.75524,25.07797],[121.75505,25.07816],[121.75501,25.07823],[121.75498,25.07827],[121.75493,25.0786],[121.75492,25.07863],[121.75487,25.07865],[121.75483,25.07864],[121.75481,25.07861],[121.7548,25.07841],[121.75476,25.07832],[121.75469,25.07811],[121.75458,25.07785],[121.75453,25.07773],[121.75456,25.07763],[121.75467,25.07742],[121.75477,25.0773],[121.75483,25.0772],[121.75495,25.07713],[121.75515,25.07711],[121.75535,25.0771],[121.75545,25.07709],[121.75551,25.07706],[121.75554,25.07699],[121.75555,25.07689]],[[121.73887,25.09323],[121.73905,25.09408],[121.73903,25.09458],[121.73901,25.09477],[121.73898,25.09524],[121.73891,25.09649],[121.7388,25.09759],[121.73875,25.09773],[121.7385,25.09827],[121.73836,25.09841],[121.7375,25.09891],[121.73707,25.09926]],[[121.75103,25.08152],[121.75096,25.08174],[121.75093,25.08181],[121.75086,25.08189],[121.75072,25.08194],[121.75057,25.08195],[121.75041,25.08195],[121.75033,25.08197],[121.75019,25.08199],[121.75011,25.0821],[121.75002,25.08223],[121.74994,25.08239],[121.74983,25.08256],[121.74974,25.0827],[121.74962,25.0829],[121.74954,25.08307],[121.74944,25.08314],[121.7493,25.08324],[121.74921,25.08331],[121.74911,25.08336],[121.74895,25.08338],[121.74852,25.08351],[121.74832,25.08356],[121.74822,25.08365],[121.74811,25.08379],[121.748,25.08394],[121.74793,25.08407],[121.74791,25.08417],[121.74794,25.08428],[121.74801,25.0844],[121.74822,25.08466],[121.74829,25.08479],[121.7484,25.08502],[121.7485,25.08532],[121.74857,25.08556],[121.74858,25.08569],[121.74858,25.08577],[121.74857,25.08584],[121.74851,25.08594],[121.74841,25.0861],[121.74833,25.0862],[121.74824,25.08629],[121.74817,25.08633],[121.74808,25.08635],[121.748,25.08636],[121.74777,25.08639],[121.74723,25.0864],[121.74693,25.08641],[121.74681,25.08641],[121.74668,25.08639],[121.7465,25.08631],[121.74622,25.08618],[121.74609,25.0861],[121.74602,25.08602],[121.74594,25.08589],[121.74587,25.08583],[121.74579,25.08579],[121.74571,25.08576],[121.74559,25.08576],[121.74548,25.08577],[121.74532,25.08582],[121.7451,25.08593],[121.74497,25.08602],[121.74475,25.08626],[121.74467,25.08637],[121.74457,25.08645],[121.74448,25.08651],[121.7442,25.08667],[121.74408,25.08673],[121.74395,25.08681],[121.74376,25.08696],[121.74361,25.08712],[121.74346,25.08729],[121.74339,25.08742],[121.74307,25.08808],[121.74302,25.08819],[121.74293,25.08829],[121.74131,25.08984],[121.74125,25.08993],[121.74108,25.0903],[121.7409,25.09065],[121.7408,25.09081],[121.74074,25.09088],[121.74058,25.09105],[121.73969,25.09182],[121.73962,25.09194],[121.73945,25.09228],[121.73923,25.09258],[121.73912,25.09276],[121.73904,25.09287],[121.73894,25.09307],[121.73887,25.09323]],[[121.75162,25.08027],[121.75143,25.08051]],[[121.75106,25.08127],[121.75103,25.08152]],[[121.75216,25.07971],[121.75194,25.07973]],[[121.75418,25.07726],[121.75409,25.07731],[121.754,25.07739],[121.75397,25.07743],[121.75393,25.07753],[121.75389,25.07768],[121.75389,25.07778],[121.75389,25.07791],[121.7539,25.078],[121.75393,25.07814],[121.75398,25.07833],[121.75399,25.07847],[121.75397,25.07856],[121.75393,25.07868],[121.75391,25.07875],[121.7537,25.07895],[121.7535,25.07908],[121.75316,25.07927],[121.753,25.07932],[121.75254,25.07943],[121.75238,25.07954],[121.7523,25.07965],[121.75216,25.07971]],[[121.75194,25.07973],[121.75188,25.07978],[121.75182,25.07987],[121.75179,25.07994],[121.75172,25.08011],[121.75162,25.08027]],[[121.75143,25.08051],[121.75133,25.08062],[121.75127,25.08069],[121.75121,25.08079],[121.75117,25.08089],[121.75106,25.08127]],[[121.75479,25.077],[121.75434,25.0772],[121.75418,25.07726]],[[121.73707,25.09926],[121.73684,25.09944],[121.7364,25.09979],[121.73632,25.09987]],[[121.75494,25.07701],[121.75479,25.077]],[[121.75555,25.07689],[121.75533,25.07692],[121.75518,25.07694],[121.75504,25.07698],[121.75494,25.07701]]]}},{"type":"Feature","properties":{"name":"東勢街26巷","base":"東勢街26巷","section":null,"tier":"hard","length_m":510,"lane":true,"district":"暖暖區"},"geometry":{"type":"MultiLineString","coordinates":[[[121.73891,25.09649],[121.73798,25.09645],[121.73812,25.09526],[121.73812,25.0952],[121.73819,25.09445],[121.7382,25.0944],[121.73827,25.09431],[121.73834,25.09423],[121.73844,25.09414],[121.73853,25.0941],[121.73864,25.0941],[121.73905,25.09408]],[[121.73812,25.0952],[121.73898,25.09524]]]}},{"type":"Feature","properties":{"name":"東勢街36巷","base":"東勢街36巷","section":null,"tier":"hard","length_m":883,"lane":true,"district":"暖暖區"},"geometry":{"type":"MultiLineString","coordinates":[[[121.74056,25.08785],[121.74059,25.08791],[121.74064,25.08798],[121.74064,25.08805],[121.7406,25.08818],[121.74061,25.08828],[121.7406,25.0884],[121.74058,25.08855],[121.74055,25.0886],[121.74047,25.08862],[121.74041,25.08865],[121.74038,25.08871],[121.7404,25.08877],[121.74047,25.08887],[121.74049,25.08897],[121.74048,25.08904],[121.74046,25.08914],[121.74047,25.08922],[121.74053,25.08928],[121.74071,25.08947],[121.74082,25.08959]],[[121.74082,25.08959],[121.74089,25.08962]],[[121.7421,25.08808],[121.74189,25.08788],[121.74175,25.08773],[121.74175,25.0877],[121.74176,25.08764]],[[121.74122,25.08979],[121.74131,25.08984]],[[121.74082,25.08959],[121.7409,25.08948],[121.74164,25.08865],[121.7421,25.08808],[121.74242,25.08785],[121.74261,25.08769],[121.74268,25.08761],[121.74272,25.08753],[121.74271,25.08745],[121.7427,25.08739],[121.74262,25.08731],[121.74251,25.08723],[121.74244,25.08714],[121.74242,25.08703],[121.74246,25.08687],[121.74251,25.08679],[121.74259,25.08672],[121.7427,25.08662],[121.74296,25.0865],[121.74367,25.08631],[121.74402,25.08622],[121.74415,25.08614]]]}},{"type":"Feature","properties":{"name":"東安一號橋","base":"東安一號橋","section":null,"tier":"easy","length_m":109,"district":"暖暖區"},"geometry":{"type":"MultiLineString","coordinates":[[[121.75628,25.07559],[121.75614,25.07575],[121.75611,25.07586],[121.75609,25.07601],[121.75606,25.07652]]]}},{"type":"Feature","properties":{"name":"東安三號橋","base":"東安三號橋","section":null,"tier":"easy","length_m":95,"district":"暖暖區"},"geometry":{"type":"MultiLineString","coordinates":[[[121.75784,25.07526],[121.75787,25.07544],[121.75792,25.07557],[121.75803,25.07575],[121.75813,25.07594],[121.75815,25.07606]]]}},{"type":"Feature","properties":{"name":"東安二號橋","base":"東安二號橋","section":null,"tier":"easy","length_m":73,"district":"暖暖區"},"geometry":{"type":"MultiLineString","coordinates":[[[121.75725,25.07633],[121.7572,25.07624],[121.75715,25.07609],[121.75709,25.07589],[121.757,25.07572]]]}},{"type":"Feature","properties":{"name":"東峰街","base":"東峰街","section":null,"tier":"hard","length_m":501,"district":"信義區"},"geometry":{"type":"MultiLineString","coordinates":[[[121.77712,25.13039],[121.77701,25.13047],[121.77682,25.13061],[121.77657,25.13079],[121.77634,25.13097],[121.77594,25.13126],[121.77569,25.13145],[121.77527,25.13176],[121.77504,25.13193],[121.77465,25.13222]],[[121.77465,25.13222],[121.77455,25.1323],[121.77433,25.13246],[121.77416,25.1326],[121.77396,25.13274],[121.77375,25.1329],[121.77328,25.13325]]]}},{"type":"Feature","properties":{"name":"東峰街42巷","base":"東峰街42巷","section":null,"tier":"hard","length_m":228,"lane":true,"district":"信義區"},"geometry":{"type":"MultiLineString","coordinates":[[[121.77435,25.13188],[121.77389,25.13139],[121.77387,25.13131],[121.77393,25.13087],[121.7739,25.13077],[121.77375,25.13051],[121.77371,25.13047]],[[121.77435,25.13188],[121.77465,25.13222]]]}},{"type":"Feature","properties":{"name":"東峰街55巷","base":"東峰街55巷","section":null,"tier":"hard","length_m":77,"lane":true,"district":"信義區"},"geometry":{"type":"MultiLineString","coordinates":[[[121.77465,25.13222],[121.77515,25.13274]]]}},{"type":"Feature","properties":{"name":"東新街","base":"東新街","section":null,"tier":"hard","length_m":2252,"district":"七堵區"},"geometry":{"type":"MultiLineString","coordinates":[[[121.72267,25.09411],[121.72248,25.09392],[121.72223,25.09383],[121.72215,25.09381],[121.72207,25.09383],[121.72173,25.09405],[121.72135,25.0942],[121.72124,25.09428],[121.721,25.09474],[121.72088,25.09492],[121.72071,25.095],[121.72056,25.09501],[121.7204,25.09493],[121.72035,25.09488],[121.72029,25.09482],[121.72021,25.09477],[121.7199,25.09476],[121.71959,25.09474],[121.71946,25.09473]],[[121.7187,25.09479],[121.718,25.09478],[121.71788,25.0948],[121.71778,25.09485],[121.71767,25.09496],[121.71756,25.09512],[121.71745,25.0952]],[[121.70907,25.09018],[121.70937,25.09037],[121.70972,25.09052],[121.71207,25.09152]],[[121.71422,25.09284],[121.71401,25.09279],[121.71264,25.09184],[121.71207,25.09152]],[[121.71471,25.09317],[121.71455,25.09307],[121.71449,25.09303],[121.71422,25.09284]],[[121.71496,25.09334],[121.71491,25.09331],[121.71487,25.09328],[121.71471,25.09317]],[[121.72078,25.09047],[121.72076,25.09046],[121.72073,25.09046],[121.72069,25.09046],[121.72051,25.09051],[121.72036,25.09057],[121.72023,25.09069],[121.72005,25.09105],[121.71998,25.09118],[121.71989,25.09124],[121.71976,25.09128],[121.71953,25.09136],[121.71915,25.09155],[121.7191,25.09161],[121.71908,25.09168],[121.71915,25.0919],[121.71926,25.09216],[121.71933,25.09236],[121.71933,25.09248],[121.71931,25.09256],[121.71932,25.09263],[121.71939,25.09279],[121.7195,25.093],[121.71952,25.09313],[121.71949,25.09318],[121.71946,25.09328],[121.71942,25.09343],[121.71945,25.09351],[121.71949,25.09364],[121.71967,25.09404],[121.71974,25.0942],[121.71975,25.09429],[121.71973,25.0944],[121.71972,25.09444],[121.71967,25.09454],[121.71962,25.0946],[121.71946,25.09473]],[[121.71745,25.0952],[121.71691,25.09491],[121.71682,25.09486],[121.71615,25.09435],[121.71552,25.09384],[121.71536,25.09355],[121.71526,25.09345],[121.71496,25.09334]],[[121.71946,25.09473],[121.71936,25.09473],[121.7191,25.09473],[121.71907,25.09473],[121.71883,25.09474],[121.7187,25.09479]]]}},{"type":"Feature","properties":{"name":"東新街37巷","base":"東新街37巷","section":null,"tier":"hard","length_m":382,"lane":true,"district":"七堵區"},"geometry":{"type":"MultiLineString","coordinates":[[[121.7198,25.09572],[121.7195,25.0957],[121.71869,25.09566],[121.71819,25.09563],[121.71811,25.0956],[121.71793,25.09553],[121.71745,25.0952]],[[121.7187,25.09479],[121.71869,25.09566],[121.71867,25.09596]]]}},{"type":"Feature","properties":{"name":"東新街4巷","base":"東新街4巷","section":null,"tier":"hard","length_m":252,"lane":true,"district":"七堵區","area":"六堵"},"geometry":{"type":"MultiLineString","coordinates":[[[121.71415,25.09175],[121.71419,25.09249],[121.7142,25.09266],[121.71422,25.09284]],[[121.7154,25.09194],[121.7152,25.09186],[121.71493,25.09174]],[[121.71493,25.09174],[121.71456,25.09174],[121.71415,25.09175]]]}},{"type":"Feature","properties":{"name":"東新街6巷","base":"東新街6巷","section":null,"tier":"hard","length_m":287,"lane":true,"district":"七堵區"},"geometry":{"type":"MultiLineString","coordinates":[[[121.71604,25.09277],[121.71597,25.09287],[121.71584,25.09288],[121.71548,25.09285],[121.71538,25.09286]],[[121.71604,25.09277],[121.71612,25.09263]],[[121.71612,25.09263],[121.71623,25.09241],[121.71619,25.09232],[121.71589,25.09217],[121.71543,25.09196],[121.7154,25.09194]],[[121.71538,25.09286],[121.71534,25.09289],[121.71515,25.09314],[121.71505,25.09328],[121.71496,25.09334]]]}},{"type":"Feature","properties":{"name":"東新街73巷","base":"東新街73巷","section":null,"tier":"hard","length_m":126,"lane":true,"district":"七堵區"},"geometry":{"type":"MultiLineString","coordinates":[[[121.71978,25.09588],[121.71979,25.09576],[121.7198,25.09572],[121.71979,25.09567],[121.71981,25.09551],[121.71985,25.09543],[121.71986,25.09519],[121.71987,25.09508],[121.7199,25.09476]]]}},{"type":"Feature","properties":{"name":"東新街89巷","base":"東新街89巷","section":null,"tier":"hard","length_m":122,"lane":true,"district":"七堵區"},"geometry":{"type":"MultiLineString","coordinates":[[[121.72216,25.09446],[121.72267,25.09411],[121.72279,25.09402],[121.72313,25.0938]]]}},{"type":"Feature","properties":{"name":"東明路","base":"東明路","section":null,"tier":"medium","length_m":845,"district":"信義區"},"geometry":{"type":"MultiLineString","coordinates":[[[121.76016,25.12778],[121.76188,25.12771],[121.7624,25.12768],[121.76274,25.12768],[121.76295,25.12772],[121.76337,25.12785],[121.76375,25.12795],[121.76417,25.12808],[121.76422,25.12809],[121.76426,25.12811],[121.76438,25.12815]],[[121.75878,25.12787],[121.76016,25.12778]],[[121.75622,25.12805],[121.75795,25.12791],[121.75878,25.12787]],[[121.76438,25.12815],[121.76451,25.12818]]]}},{"type":"Feature","properties":{"name":"東橋","base":"東橋","section":null,"tier":"hard","length_m":11,"district":"信義區"},"geometry":{"type":"MultiLineString","coordinates":[[[121.76188,25.12806],[121.7619,25.12816]]]}},{"type":"Feature","properties":{"name":"東海街","base":"東海街","section":null,"tier":"hard","length_m":1833,"district":"中正區"},"geometry":{"type":"MultiLineString","coordinates":[[[121.75662,25.14151],[121.75637,25.1415],[121.75626,25.14148],[121.75593,25.14137],[121.75295,25.13974],[121.75286,25.13968]],[[121.75285,25.13953],[121.75293,25.13958],[121.75302,25.13963],[121.75311,25.13968],[121.75594,25.14129],[121.75629,25.1414],[121.7564,25.14143],[121.75647,25.14146],[121.75662,25.14151]],[[121.7576,25.14139],[121.75902,25.14228],[121.75941,25.1424],[121.76068,25.14329],[121.76074,25.14334],[121.76079,25.14341],[121.76082,25.14348],[121.76085,25.14356],[121.76086,25.14364],[121.76086,25.14373],[121.76086,25.14381],[121.76083,25.14391]],[[121.75755,25.14136],[121.75731,25.14125],[121.75675,25.14098],[121.75658,25.14091]],[[121.76083,25.14391],[121.76052,25.14481],[121.76004,25.14648]],[[121.75662,25.14151],[121.75726,25.1414],[121.75755,25.14136],[121.7576,25.14139]]]}},{"type":"Feature","properties":{"name":"東碇路","base":"東碇路","section":null,"tier":"hard","length_m":1631,"district":"暖暖區"},"geometry":{"type":"MultiLineString","coordinates":[[[121.74871,25.09534],[121.74902,25.09529],[121.74939,25.09524],[121.74956,25.09523],[121.7497,25.09523],[121.75002,25.09526],[121.75012,25.09529],[121.75043,25.09535],[121.75097,25.09546],[121.75132,25.09551],[121.75208,25.09564],[121.75258,25.09571],[121.75315,25.09576]],[[121.73903,25.09458],[121.74027,25.09453],[121.74237,25.0945],[121.7426,25.09456],[121.743,25.09469],[121.74378,25.09497],[121.74407,25.09507],[121.74423,25.09508],[121.74432,25.09507],[121.74445,25.09503],[121.74465,25.09499],[121.74516,25.09489],[121.74532,25.09484],[121.74559,25.09477],[121.74571,25.09474],[121.74588,25.09472],[121.74631,25.09473],[121.74695,25.09476],[121.74746,25.0948],[121.7479,25.09487],[121.74809,25.09491],[121.74826,25.09495],[121.74839,25.09502],[121.74853,25.09509],[121.74863,25.09519],[121.74871,25.09534]],[[121.75315,25.09576],[121.75344,25.09579],[121.75365,25.09583],[121.75383,25.09589],[121.75418,25.09607]],[[121.75418,25.09607],[121.75436,25.09616],[121.75465,25.09629]]]}},{"type":"Feature","properties":{"name":"東美一街","base":"東美一街","section":null,"tier":"hard","length_m":307,"district":"信義區"},"geometry":{"type":"MultiLineString","coordinates":[[[121.77128,25.1372],[121.7721,25.13682],[121.77298,25.13642],[121.77383,25.13604],[121.77378,25.13587]]]}},{"type":"Feature","properties":{"name":"東美二街","base":"東美二街","section":null,"tier":"hard","length_m":298,"district":"信義區"},"geometry":{"type":"MultiLineString","coordinates":[[[121.77231,25.13718],[121.7721,25.13682],[121.77193,25.13649],[121.77279,25.1361],[121.7736,25.13574],[121.77369,25.13576],[121.77378,25.13587]]]}},{"type":"Feature","properties":{"name":"東西向快速公路萬里瑞濱線（信義區）","base":"東西向快速公路萬里瑞濱線（信義區）","section":null,"tier":"easy","length_m":2338,"district":"信義區"},"geometry":{"type":"MultiLineString","coordinates":[[[121.79012,25.11303],[121.78772,25.11127],[121.78747,25.1111]],[[121.78755,25.11101],[121.79,25.1128],[121.79019,25.11294]],[[121.79809,25.11472],[121.79775,25.11458],[121.79752,25.1145],[121.79733,25.11445],[121.79703,25.11437],[121.79675,25.11431]],[[121.79675,25.11431],[121.7964,25.11424],[121.795,25.11404]],[[121.79676,25.11422],[121.79698,25.11427],[121.79731,25.11434],[121.79759,25.11443],[121.79777,25.11449],[121.79811,25.11462]],[[121.79355,25.11383],[121.79262,25.1137]],[[121.79425,25.11384],[121.79479,25.11392],[121.79645,25.11416],[121.79676,25.11422]],[[121.79069,25.1132],[121.79098,25.11332],[121.79125,25.11339],[121.7915,25.11343],[121.79265,25.1136]],[[121.79019,25.11294],[121.79044,25.11309],[121.79069,25.1132]],[[121.79356,25.11374],[121.79425,25.11384]],[[121.79262,25.1137],[121.79156,25.11355],[121.79132,25.11351],[121.79104,25.11344],[121.79077,25.11336],[121.79054,25.11326],[121.79032,25.11315],[121.79012,25.11303]],[[121.79424,25.11393],[121.79355,25.11383]],[[121.79265,25.1136],[121.79356,25.11374]],[[121.79467,25.11399],[121.79424,25.11393]],[[121.795,25.11404],[121.79467,25.11399]]]}},{"type":"Feature","properties":{"name":"東西向快速公路萬里瑞濱線（安樂區）","base":"東西向快速公路萬里瑞濱線（安樂區）","section":null,"tier":"easy","length_m":615,"district":"安樂區"},"geometry":{"type":"MultiLineString","coordinates":[[[121.70292,25.13891],[121.7033,25.13953]],[[121.70329,25.14183],[121.70333,25.14166],[121.70346,25.14133],[121.70355,25.14095],[121.70357,25.14073],[121.70354,25.14052],[121.70349,25.14032],[121.70339,25.1401]],[[121.70339,25.1401],[121.70299,25.13958]],[[121.70346,25.13987],[121.70364,25.14048],[121.70367,25.14075],[121.70364,25.14096],[121.70352,25.14142],[121.70337,25.14184]],[[121.7033,25.13953],[121.70338,25.13969],[121.70346,25.13987]]]}},{"type":"Feature","properties":{"name":"東西向快速公路萬里瑞濱線（暖暖區）","base":"東西向快速公路萬里瑞濱線（暖暖區）","section":null,"tier":"easy","length_m":20361,"district":"暖暖區"},"geometry":{"type":"MultiLineString","coordinates":[[[121.72987,25.10476],[121.73015,25.10486],[121.73087,25.10513],[121.7312,25.10519],[121.73145,25.10522],[121.73181,25.10521],[121.73216,25.10518],[121.7327,25.10509]],[[121.72985,25.10484],[121.72952,25.10474],[121.72935,25.10469],[121.72922,25.10467],[121.72911,25.10466],[121.72899,25.10465],[121.72887,25.10465],[121.72867,25.10466],[121.72688,25.10489],[121.72479,25.10518],[121.72412,25.1052],[121.72387,25.10519],[121.72366,25.10516],[121.72333,25.10507],[121.72314,25.10499],[121.72297,25.10492],[121.72252,25.1047],[121.72183,25.10436]],[[121.69666,25.12917],[121.69671,25.12864],[121.69677,25.12833],[121.69686,25.12805]],[[121.71972,25.10356],[121.72042,25.10371],[121.72065,25.10377],[121.72088,25.10383]],[[121.7131,25.10208],[121.71972,25.10356]],[[121.7327,25.10509],[121.73587,25.10453],[121.73602,25.1045],[121.73626,25.10445],[121.73667,25.10434],[121.73933,25.10359],[121.73982,25.10346],[121.7402,25.10337],[121.74061,25.1033],[121.74101,25.10325],[121.74148,25.1032],[121.74241,25.10316],[121.74304,25.10309],[121.74335,25.10304],[121.74366,25.10298],[121.74402,25.10289],[121.74437,25.10278],[121.74468,25.10267],[121.7449,25.10258],[121.74507,25.1025],[121.74854,25.10095],[121.74896,25.10079],[121.74932,25.1007],[121.7497,25.10065],[121.75002,25.10065],[121.75029,25.10067],[121.75054,25.10071],[121.75076,25.10076],[121.75096,25.10081],[121.75118,25.10089],[121.75199,25.10126]],[[121.7327,25.10518],[121.73193,25.10528],[121.73159,25.10531],[121.73133,25.1053],[121.73115,25.10527],[121.73093,25.10523],[121.73058,25.10511],[121.72985,25.10484]],[[121.75098,25.10091],[121.75079,25.10085],[121.75055,25.10079],[121.75028,25.10075],[121.74998,25.10074],[121.74973,25.10075],[121.74941,25.10078],[121.749,25.10087],[121.74867,25.10099],[121.74494,25.10265],[121.74445,25.10284],[121.74391,25.10301],[121.74332,25.10315],[121.74285,25.10321],[121.74247,25.10325],[121.74152,25.1033],[121.74062,25.10341],[121.74026,25.10346],[121.73992,25.10354],[121.73946,25.10366],[121.73845,25.10395],[121.7365,25.10449],[121.73568,25.10467],[121.7327,25.10518]],[[121.71188,25.10181],[121.7131,25.10208]],[[121.71307,25.10218],[121.71186,25.10191]],[[121.70932,25.10087],[121.70969,25.10105],[121.71019,25.10128],[121.71057,25.10142],[121.71101,25.10158],[121.71148,25.10171],[121.71188,25.10181]],[[121.71186,25.10191],[121.71145,25.1018],[121.71098,25.10167],[121.71046,25.10149],[121.70995,25.10128],[121.70927,25.10097]],[[121.75199,25.10126],[121.75493,25.10256]],[[121.7566,25.1034],[121.75489,25.10265]],[[121.75664,25.10332],[121.75717,25.10356]],[[121.75489,25.10265],[121.75113,25.10098],[121.75098,25.10091]],[[121.75493,25.10256],[121.75664,25.10332]],[[121.75717,25.10356],[121.75887,25.10431],[121.75928,25.10451],[121.75963,25.10472],[121.75986,25.10491],[121.76005,25.10509],[121.7602,25.10528],[121.76035,25.1055],[121.76086,25.10666]],[[121.75704,25.1036],[121.7566,25.1034]],[[121.76076,25.10671],[121.76025,25.10554],[121.76011,25.10533],[121.75996,25.10515],[121.75977,25.10497],[121.75955,25.10479],[121.75923,25.10458],[121.75882,25.10439],[121.75704,25.1036]],[[121.70767,25.1],[121.70748,25.09987]],[[121.70499,25.09829],[121.70535,25.09844],[121.70579,25.09867],[121.70614,25.09888],[121.70621,25.09892]],[[121.69271,25.10765],[121.69267,25.10784]],[[121.70114,25.09853],[121.70104,25.09858],[121.69812,25.09987]],[[121.69643,25.10059],[121.69585,25.10087],[121.69552,25.10104],[121.6952,25.10123],[121.69476,25.10154]],[[121.69275,25.10671],[121.69284,25.106]],[[121.69812,25.09987],[121.69763,25.10009]],[[121.69752,25.09997],[121.69775,25.09987],[121.69805,25.09975]],[[121.69805,25.09975],[121.69832,25.09965],[121.70108,25.09845]],[[121.70108,25.09845],[121.70156,25.09827],[121.70192,25.09816],[121.70221,25.0981],[121.70255,25.09804],[121.70281,25.09801],[121.70305,25.09799],[121.7033,25.09798],[121.70359,25.098],[121.70405,25.09805],[121.70443,25.09813],[121.70499,25.09829]],[[121.70748,25.09987],[121.70627,25.09907]],[[121.70753,25.09979],[121.70772,25.09993]],[[121.70621,25.09892],[121.7067,25.09924],[121.70753,25.09979]],[[121.69708,25.12828],[121.69698,25.12867],[121.69695,25.12911]],[[121.69686,25.12805],[121.69697,25.12783],[121.69712,25.12756],[121.69731,25.12724],[121.6978,25.12633],[121.69796,25.12599],[121.69817,25.12559],[121.69826,25.12539],[121.69841,25.12503],[121.6985,25.12461],[121.69852,25.12438],[121.69851,25.12416],[121.69849,25.12391],[121.69845,25.12364],[121.69837,25.12342],[121.69748,25.12085]],[[121.69719,25.12008],[121.69706,25.11975],[121.69681,25.11924],[121.69656,25.11878],[121.69637,25.11844],[121.6962,25.11813],[121.69579,25.1175]],[[121.69748,25.12085],[121.69719,25.12008]],[[121.6973,25.12004],[121.69803,25.12205]],[[121.69803,25.12205],[121.69861,25.12383],[121.69866,25.12409],[121.69868,25.12429],[121.69868,25.12462],[121.69866,25.1249],[121.69859,25.12518],[121.69852,25.1254],[121.69841,25.12567],[121.69814,25.12617],[121.69794,25.12654],[121.6974,25.12759],[121.69723,25.12794],[121.69715,25.12812],[121.69708,25.12828]],[[121.69579,25.1175],[121.69556,25.11721],[121.69515,25.11674],[121.69477,25.11641]],[[121.69589,25.11742],[121.69608,25.11768],[121.69634,25.11813],[121.69653,25.11846],[121.69674,25.11883],[121.69697,25.11927],[121.6972,25.11979],[121.6973,25.12004]],[[121.69434,25.11604],[121.69417,25.1159],[121.69361,25.11537],[121.69342,25.11521]],[[121.69477,25.11641],[121.69434,25.11604]],[[121.69442,25.11597],[121.6948,25.11629],[121.69528,25.11672],[121.69546,25.11691]],[[121.69546,25.11691],[121.69568,25.11717],[121.69589,25.11742]],[[121.69342,25.11521],[121.69285,25.11469],[121.69257,25.11444],[121.6924,25.11427],[121.69227,25.11412],[121.69213,25.11397]],[[121.69348,25.11516],[121.6938,25.11544],[121.69442,25.11597]],[[121.69222,25.11394],[121.69242,25.11415],[121.6926,25.11434],[121.69273,25.11448],[121.69293,25.11466],[121.69348,25.11516]],[[121.69213,25.11397],[121.69199,25.11378],[121.69189,25.11365],[121.69176,25.11337],[121.69168,25.1131],[121.69163,25.11284],[121.6916,25.11253],[121.69161,25.11232],[121.69163,25.11211],[121.69168,25.11189],[121.69176,25.11159],[121.69192,25.11115]],[[121.69257,25.10783],[121.69261,25.10763]],[[121.69267,25.10784],[121.69254,25.10852],[121.69241,25.1094],[121.69234,25.10984],[121.69229,25.11013],[121.69213,25.11077],[121.692,25.11117]],[[121.692,25.11117],[121.69193,25.11135],[121.69183,25.11163],[121.69177,25.11189],[121.69171,25.11219],[121.69168,25.11245],[121.69169,25.11274],[121.69172,25.11288],[121.69179,25.11322],[121.69188,25.11342],[121.69199,25.11362],[121.69208,25.11377],[121.69222,25.11394]],[[121.69192,25.11115],[121.69202,25.11082],[121.69217,25.11023],[121.69225,25.10986],[121.69232,25.10939],[121.69241,25.10877],[121.69257,25.10783]],[[121.69284,25.106],[121.69287,25.10576],[121.69297,25.10505],[121.6931,25.10421],[121.69321,25.10375]],[[121.69293,25.10601],[121.69284,25.10672]],[[121.69321,25.10375],[121.69334,25.1033],[121.6934,25.10314]],[[121.69333,25.10378],[121.69321,25.10418],[121.69307,25.10501],[121.69293,25.10601]],[[121.6935,25.10317],[121.69343,25.10341],[121.69333,25.10378]],[[121.6934,25.10314],[121.69349,25.10296],[121.69365,25.10263]],[[121.69374,25.10268],[121.6935,25.10317]],[[121.69365,25.10263],[121.69383,25.10234],[121.69404,25.10207],[121.69424,25.10188],[121.69454,25.10161],[121.6947,25.10147]],[[121.69476,25.10154],[121.69454,25.10172],[121.69433,25.10193],[121.69417,25.1021],[121.69407,25.10222],[121.69385,25.10251],[121.69374,25.10268]],[[121.6958,25.10077],[121.69601,25.10066]],[[121.6947,25.10147],[121.69499,25.10125],[121.69539,25.10099],[121.6958,25.10077]],[[121.70616,25.099],[121.70599,25.09889],[121.70569,25.09872],[121.70533,25.09852],[121.70496,25.09838],[121.70472,25.0983],[121.7043,25.09819],[121.7039,25.09812],[121.70352,25.09808],[121.70318,25.09808],[121.70269,25.09812],[121.70224,25.09819],[121.702,25.09824],[121.70179,25.0983],[121.7014,25.09843],[121.70114,25.09853]],[[121.71963,25.10365],[121.71307,25.10218]],[[121.7208,25.10392],[121.72059,25.10387],[121.72037,25.10382],[121.71963,25.10365]],[[121.72088,25.10383],[121.72102,25.10387],[121.72121,25.10395],[121.72142,25.10404],[121.72187,25.10428]],[[121.72183,25.10436],[121.72136,25.10412],[121.72117,25.10404],[121.72098,25.10398],[121.7208,25.10392]],[[121.72187,25.10428],[121.72261,25.10465],[121.72298,25.10482],[121.72327,25.10495],[121.72349,25.10501],[121.72373,25.10507],[121.72404,25.10511],[121.72437,25.10511],[121.72471,25.10509],[121.72864,25.10458],[121.72885,25.10457],[121.72907,25.10457],[121.72919,25.10458],[121.72931,25.10461],[121.72957,25.10467],[121.72987,25.10476]]]}},{"type":"Feature","properties":{"name":"樂一路","base":"樂一路","section":null,"tier":"hard","length_m":785,"district":"安樂區"},"geometry":{"type":"MultiLineString","coordinates":[[[121.73398,25.13083],[121.73424,25.13109],[121.73462,25.13147],[121.73473,25.13163],[121.73484,25.13179]],[[121.73398,25.13083],[121.7339,25.1308],[121.73385,25.13073],[121.73382,25.13061],[121.73389,25.13024],[121.73392,25.13012],[121.73393,25.13006],[121.73394,25.1299],[121.7339,25.12972],[121.73383,25.12953],[121.73358,25.12936],[121.73343,25.12926],[121.73325,25.12908],[121.73321,25.12898],[121.73318,25.12892],[121.73314,25.12885],[121.73303,25.12877],[121.73285,25.12863],[121.73268,25.12856],[121.7325,25.12845],[121.73246,25.12835],[121.73244,25.12826],[121.73244,25.12809],[121.73244,25.12804],[121.73244,25.12792],[121.73244,25.12786],[121.73243,25.12778],[121.73236,25.12774],[121.73223,25.12767],[121.73187,25.12755],[121.73174,25.12749],[121.73167,25.12744],[121.73163,25.12735],[121.73162,25.12725],[121.73165,25.12716],[121.73163,25.12709],[121.73158,25.12694],[121.73149,25.12679],[121.73145,25.12666],[121.73144,25.12656],[121.73144,25.12648],[121.73147,25.1264],[121.73147,25.1263]],[[121.73256,25.12772],[121.73243,25.12778]]]}},{"type":"Feature","properties":{"name":"樂利三街","base":"樂利三街","section":null,"tier":"hard","length_m":1681,"district":"安樂區"},"geometry":{"type":"MultiLineString","coordinates":[[[121.71801,25.12928],[121.71796,25.12919],[121.71792,25.12902],[121.71793,25.12843],[121.71805,25.12817],[121.71807,25.12804],[121.71818,25.12702],[121.71823,25.12668],[121.71821,25.12662],[121.71814,25.12655],[121.71804,25.12652],[121.71788,25.12652],[121.7178,25.12652],[121.71764,25.12652],[121.71704,25.12652],[121.71664,25.12652],[121.71634,25.12652],[121.71595,25.12652],[121.71561,25.12652],[121.71538,25.12652],[121.71468,25.12657],[121.71464,25.12657],[121.71458,25.12657],[121.71449,25.12658],[121.71431,25.12665],[121.71413,25.12681],[121.71394,25.1271],[121.71386,25.12722]],[[121.72003,25.12838],[121.71983,25.12843],[121.71976,25.12845],[121.71956,25.12851],[121.71935,25.1286],[121.71916,25.12868],[121.71899,25.12879],[121.71874,25.1291],[121.71864,25.1292],[121.7184,25.12928],[121.71829,25.12928],[121.71808,25.12928],[121.71801,25.12928],[121.71789,25.12927],[121.71753,25.12926],[121.71725,25.12924],[121.71708,25.12921],[121.71685,25.12913],[121.71648,25.12897],[121.71629,25.1289],[121.71518,25.12837],[121.71379,25.12772],[121.71367,25.12766],[121.71364,25.12765]],[[121.71386,25.12722],[121.71367,25.12714],[121.7135,25.1271],[121.71315,25.12703],[121.71297,25.127],[121.71268,25.12694],[121.71261,25.12692]],[[121.71364,25.12765],[121.71374,25.12748],[121.71386,25.12722]]]}},{"type":"Feature","properties":{"name":"樂利三街30巷","base":"樂利三街30巷","section":null,"tier":"hard","length_m":214,"lane":true,"district":"安樂區"},"geometry":{"type":"MultiLineString","coordinates":[[[121.71261,25.12692],[121.71254,25.12699],[121.71222,25.1279],[121.7122,25.12796],[121.71207,25.12801],[121.71192,25.12799],[121.71174,25.12796],[121.71155,25.12791],[121.71133,25.12787]]]}},{"type":"Feature","properties":{"name":"樂利二街","base":"樂利二街","section":null,"tier":"hard","length_m":562,"district":"安樂區"},"geometry":{"type":"MultiLineString","coordinates":[[[121.72007,25.1244],[121.71999,25.12436],[121.71994,25.12435],[121.7198,25.12435],[121.71968,25.12434],[121.71965,25.12429],[121.71964,25.12402],[121.71959,25.12382],[121.71949,25.12369],[121.71898,25.12327],[121.71876,25.12301],[121.7184,25.12276],[121.71833,25.12268],[121.71807,25.12242],[121.71783,25.12239],[121.7176,25.12241],[121.71716,25.12251],[121.71695,25.12253],[121.71687,25.12254],[121.71652,25.12244],[121.71647,25.12238],[121.71647,25.1223],[121.71655,25.12217],[121.71669,25.12198],[121.71687,25.12184]]]}},{"type":"Feature","properties":{"name":"樂利二街62巷","base":"樂利二街62巷","section":null,"tier":"hard","length_m":1957,"lane":true,"district":"安樂區"},"geometry":{"type":"MultiLineString","coordinates":[[[121.71552,25.12172],[121.71532,25.12172],[121.71509,25.12164],[121.71486,25.12155],[121.71445,25.12115]],[[121.71571,25.12012],[121.71645,25.12039],[121.71664,25.12041],[121.71678,25.1204],[121.7172,25.12051],[121.71736,25.1206],[121.71752,25.12091],[121.71767,25.1213],[121.71781,25.1216],[121.71687,25.12184]],[[121.71687,25.12184],[121.71681,25.1217],[121.71663,25.12122],[121.71653,25.12112],[121.71636,25.12102],[121.71611,25.12097],[121.71588,25.12103],[121.71571,25.12118],[121.71562,25.12139],[121.71557,25.12157],[121.71552,25.12172],[121.71565,25.12212],[121.71565,25.12266],[121.71572,25.12285],[121.71586,25.12303],[121.71598,25.12311],[121.71614,25.12317],[121.71678,25.12338],[121.71688,25.12346],[121.71696,25.12357],[121.71698,25.1237],[121.71696,25.12384],[121.71685,25.12402],[121.71673,25.12411],[121.71655,25.12417],[121.71631,25.12413],[121.71496,25.12373],[121.71372,25.12329],[121.71363,25.12322],[121.71356,25.12311],[121.71356,25.12294],[121.71367,25.12266],[121.71394,25.12192],[121.71408,25.12155],[121.71416,25.12142],[121.71427,25.12129],[121.71445,25.12115],[121.71466,25.12098],[121.71506,25.12062],[121.71538,25.1205],[121.71546,25.12044],[121.71571,25.12012],[121.71602,25.11953]]]}},{"type":"Feature","properties":{"name":"正信路","base":"正信路","section":null,"tier":"hard","length_m":1583,"district":"信義區"},"geometry":{"type":"MultiLineString","coordinates":[[[121.7602,25.13405],[121.76035,25.13412],[121.76045,25.13417],[121.7606,25.1343],[121.76082,25.13455],[121.7609,25.13461],[121.76111,25.13472],[121.76141,25.13482],[121.76166,25.13492],[121.76195,25.13496],[121.76227,25.1349],[121.76242,25.13485],[121.76247,25.13472],[121.76248,25.13466],[121.76248,25.13365],[121.76251,25.13357],[121.76262,25.13347],[121.7629,25.13322],[121.763,25.13311],[121.76306,25.13308],[121.76334,25.13284],[121.76351,25.13269],[121.76395,25.13234],[121.76401,25.13229],[121.7643,25.13201],[121.76459,25.13175],[121.76473,25.13163],[121.7649,25.13159]],[[121.76037,25.13249],[121.7604,25.13229],[121.76041,25.13222],[121.76042,25.13214],[121.76043,25.13204],[121.76042,25.13199],[121.76042,25.13195],[121.76041,25.13191],[121.76039,25.13187],[121.76036,25.13184],[121.76032,25.1318],[121.75978,25.13147],[121.75973,25.13139],[121.75968,25.13132],[121.75966,25.13124],[121.75966,25.13114],[121.7597,25.13105],[121.75975,25.13097],[121.75983,25.1309],[121.75991,25.13087],[121.76001,25.13085],[121.76052,25.13085],[121.76065,25.13091],[121.76104,25.13137],[121.76111,25.13143],[121.76119,25.13147],[121.76126,25.13148],[121.76134,25.13146],[121.76138,25.13144],[121.76144,25.13141],[121.76146,25.1314],[121.76149,25.13137],[121.76151,25.13131],[121.76151,25.13126],[121.7615,25.13121],[121.76143,25.13111],[121.76136,25.13102],[121.76128,25.13094],[121.76121,25.13086],[121.76114,25.13076],[121.7611,25.13065],[121.76109,25.13056],[121.7611,25.13048],[121.76114,25.13037],[121.76119,25.13028],[121.76132,25.13013],[121.76142,25.13001],[121.76148,25.12994],[121.7615,25.12984],[121.7615,25.12977],[121.76149,25.12971],[121.76145,25.12966],[121.76142,25.12964],[121.76135,25.12962],[121.76127,25.12963],[121.76121,25.12965],[121.76105,25.12974],[121.76098,25.12976],[121.7609,25.12976],[121.76081,25.12973],[121.76075,25.1297],[121.76066,25.12965],[121.76058,25.12949],[121.76019,25.12866],[121.76019,25.12858]]]}},{"type":"Feature","properties":{"name":"正信路227巷","base":"正信路227巷","section":null,"tier":"hard","length_m":235,"lane":true,"district":"信義區"},"geometry":{"type":"MultiLineString","coordinates":[[[121.76247,25.13472],[121.76273,25.13466],[121.76295,25.13459],[121.76312,25.13458],[121.76325,25.13462],[121.76357,25.13497]],[[121.76357,25.13497],[121.76384,25.13504],[121.76407,25.13504],[121.76419,25.13459]]]}},{"type":"Feature","properties":{"name":"正信隧道","base":"正信隧道","section":null,"tier":"hard","length_m":49,"district":"中正區"},"geometry":{"type":"MultiLineString","coordinates":[[[121.76015,25.13459],[121.76012,25.13503]]]}},{"type":"Feature","properties":{"name":"正榮一號橋","base":"正榮一號橋","section":null,"tier":"medium","length_m":39,"district":"暖暖區"},"geometry":{"type":"MultiLineString","coordinates":[[[121.73452,25.09555],[121.73469,25.09523]]]}},{"type":"Feature","properties":{"name":"正榮二號橋","base":"正榮二號橋","section":null,"tier":"medium","length_m":42,"district":"暖暖區"},"geometry":{"type":"MultiLineString","coordinates":[[[121.73842,25.09302],[121.73879,25.09319]]]}},{"type":"Feature","properties":{"name":"正榮街","base":"正榮街","section":null,"tier":"hard","length_m":1223,"district":"中正區"},"geometry":{"type":"MultiLineString","coordinates":[[[121.76367,25.14198],[121.76367,25.14225],[121.76365,25.14237],[121.7636,25.14261],[121.76358,25.14278],[121.76356,25.14291],[121.76352,25.14302],[121.76344,25.14314],[121.76337,25.14322],[121.76332,25.14326],[121.76319,25.14331],[121.76298,25.14338],[121.7628,25.14338],[121.76269,25.14335],[121.76254,25.14328],[121.76247,25.14327],[121.76239,25.14332],[121.76235,25.14339],[121.76235,25.14348],[121.7624,25.14364],[121.76252,25.14389],[121.76256,25.1441],[121.76259,25.14419],[121.76264,25.14433],[121.76268,25.14444],[121.76273,25.14458],[121.7628,25.1449],[121.76282,25.14532],[121.76286,25.14571],[121.76286,25.14602],[121.76285,25.14607],[121.76282,25.14625],[121.76286,25.14643],[121.76294,25.14672],[121.76299,25.14695],[121.76296,25.14708],[121.76294,25.14714],[121.76283,25.14734],[121.76275,25.14741],[121.76261,25.14741],[121.76254,25.14736],[121.7625,25.14729],[121.76251,25.14698],[121.76249,25.14673],[121.76247,25.14649],[121.76247,25.14635],[121.76245,25.14628]],[[121.7613,25.14345],[121.76139,25.14343],[121.76147,25.14348],[121.76156,25.14354],[121.76165,25.1436],[121.76175,25.14368],[121.7618,25.14375],[121.76185,25.14385],[121.7619,25.144],[121.76198,25.14418],[121.76206,25.14445],[121.76211,25.14464],[121.76214,25.14492],[121.76214,25.14511],[121.76219,25.14551],[121.76225,25.14582],[121.7623,25.14597],[121.76235,25.14608],[121.76241,25.1462],[121.76245,25.14628]]]}},{"type":"Feature","properties":{"name":"正榮街77巷","base":"正榮街77巷","section":null,"tier":"hard","length_m":107,"lane":true,"district":"中正區"},"geometry":{"type":"MultiLineString","coordinates":[[[121.76245,25.14628],[121.76211,25.14632],[121.76208,25.14635],[121.76207,25.14679],[121.76208,25.14683],[121.76211,25.14684],[121.76216,25.14684],[121.76219,25.14684],[121.7622,25.14684],[121.76221,25.14686]]]}},{"type":"Feature","properties":{"name":"正濱路","base":"正濱路","section":null,"tier":"medium","length_m":251,"district":"中正區"},"geometry":{"type":"MultiLineString","coordinates":[[[121.76915,25.15354],[121.76917,25.15349],[121.7692,25.15344],[121.76924,25.1534],[121.77013,25.15272],[121.77028,25.15261],[121.77035,25.15257],[121.7704,25.15253],[121.77044,25.15249],[121.77048,25.15243],[121.77047,25.15237],[121.77046,25.15234],[121.77043,25.15227],[121.77021,25.15188]]]}},{"type":"Feature","properties":{"name":"正濱路116巷","base":"正濱路116巷","section":null,"tier":"hard","length_m":352,"lane":true,"district":"中正區"},"geometry":{"type":"MultiLineString","coordinates":[[[121.76915,25.15354],[121.7692,25.15355],[121.76927,25.15358],[121.7693,25.1536],[121.76932,25.1536],[121.76934,25.1536],[121.76937,25.15359],[121.76963,25.15344],[121.76965,25.15343],[121.76968,25.15342],[121.76971,25.15342],[121.76974,25.15343],[121.76977,25.15344],[121.7698,25.15345],[121.77019,25.1536],[121.77036,25.15363],[121.77197,25.15353],[121.77231,25.15345],[121.77249,25.15336]]]}},{"type":"Feature","properties":{"name":"正濱路116巷5弄","base":"正濱路116巷5弄","section":null,"tier":"hard","length_m":359,"lane":true,"district":"中正區"},"geometry":{"type":"MultiLineString","coordinates":[[[121.77019,25.1536],[121.77027,25.15372],[121.77038,25.15387],[121.77045,25.15398],[121.77048,25.15418],[121.77078,25.15441],[121.77076,25.15448],[121.77072,25.1546],[121.77072,25.1547],[121.77079,25.15493],[121.77087,25.15495],[121.77262,25.15526]]]}},{"type":"Feature","properties":{"name":"正濱路116巷7弄","base":"正濱路116巷7弄","section":null,"tier":"hard","length_m":132,"lane":true,"district":"中正區"},"geometry":{"type":"MultiLineString","coordinates":[[[121.77078,25.15441],[121.77209,25.15434]]]}},{"type":"Feature","properties":{"name":"正義路","base":"正義路","section":null,"tier":"hard","length_m":281,"district":"中正區"},"geometry":{"type":"MultiLineString","coordinates":[[[121.74683,25.13318],[121.74696,25.13312],[121.74705,25.13307],[121.74737,25.13313],[121.7477,25.13322]],[[121.74806,25.13376],[121.74785,25.13345],[121.7477,25.13322]],[[121.74862,25.13469],[121.74853,25.13453],[121.74847,25.13443],[121.74843,25.13437],[121.74806,25.13376]]]}},{"type":"Feature","properties":{"name":"正豐街","base":"正豐街","section":null,"tier":"medium","length_m":409,"district":"中正區"},"geometry":{"type":"MultiLineString","coordinates":[[[121.75818,25.14057],[121.75833,25.14059],[121.75853,25.1406],[121.75873,25.14058],[121.75902,25.14055],[121.75928,25.14052],[121.75949,25.14052],[121.75977,25.14057],[121.76015,25.14068],[121.76092,25.14094],[121.76153,25.14111],[121.76176,25.14118]],[[121.76176,25.14118],[121.76209,25.1413]]]}},{"type":"Feature","properties":{"name":"武崙街","base":"武崙街","section":null,"tier":"hard","length_m":468,"district":"安樂區"},"geometry":{"type":"MultiLineString","coordinates":[[[121.70708,25.14155],[121.70693,25.14079],[121.70684,25.14057],[121.70666,25.14007],[121.70657,25.13992],[121.70652,25.13983],[121.70645,25.1397],[121.70634,25.13949],[121.70608,25.139],[121.70594,25.13873],[121.7058,25.13846],[121.70568,25.1382],[121.70632,25.13803]]]}},{"type":"Feature","properties":{"name":"武崙路","base":"武崙路","section":null,"tier":"hard","length_m":17,"district":"安樂區"},"geometry":{"type":"MultiLineString","coordinates":[[[121.70719,25.14191],[121.70718,25.14181],[121.70714,25.14177]]]}},{"type":"Feature","properties":{"name":"武嶺街","base":"武嶺街","section":null,"tier":"hard","length_m":591,"district":"安樂區"},"geometry":{"type":"MultiLineString","coordinates":[[[121.70745,25.13772],[121.70769,25.1377],[121.7078,25.13771],[121.70791,25.13772],[121.70796,25.13773],[121.70809,25.13777],[121.7082,25.13782],[121.7086,25.138],[121.70868,25.13803],[121.70904,25.13819],[121.70917,25.1382],[121.70958,25.13829],[121.71019,25.13841]],[[121.71103,25.14056],[121.71105,25.14057],[121.71108,25.14062],[121.71113,25.14069]],[[121.70781,25.13876],[121.70785,25.13869],[121.70793,25.13848],[121.70802,25.13844],[121.70812,25.13841],[121.70824,25.13841],[121.70844,25.13844],[121.70889,25.13854],[121.70896,25.13855],[121.70939,25.13863],[121.70949,25.13866],[121.7102,25.1388],[121.71034,25.13882]]]}},{"type":"Feature","properties":{"name":"武嶺隧道","base":"武嶺隧道","section":null,"tier":"hard","length_m":119,"district":"安樂區"},"geometry":{"type":"MultiLineString","coordinates":[[[121.70632,25.13803],[121.70745,25.13772]]]}},{"type":"Feature","properties":{"name":"武聖橋","base":"武聖橋","section":null,"tier":"easy","length_m":195,"district":"安樂區"},"geometry":{"type":"MultiLineString","coordinates":[[[121.69789,25.15874],[121.69798,25.15892],[121.69809,25.15907],[121.69829,25.15925],[121.6985,25.15941]],[[121.69844,25.15947],[121.69821,25.15929],[121.69807,25.15914],[121.69796,25.15899],[121.69783,25.1588]]]}},{"type":"Feature","properties":{"name":"武聖街","base":"武聖街","section":null,"tier":"hard","length_m":1051,"district":"安樂區"},"geometry":{"type":"MultiLineString","coordinates":[[[121.69815,25.16071],[121.69817,25.16072],[121.69828,25.16077],[121.69836,25.1608],[121.69849,25.16081],[121.6986,25.16079],[121.69887,25.16075],[121.69919,25.16072],[121.69929,25.16073],[121.69937,25.16076],[121.70021,25.16135],[121.7007,25.16177],[121.70102,25.16196],[121.70106,25.16203],[121.70105,25.1621],[121.70133,25.16244]],[[121.6973,25.1596],[121.69751,25.15993],[121.69778,25.16035],[121.69793,25.16056],[121.69805,25.16066],[121.69815,25.16071]],[[121.69564,25.15678],[121.69571,25.15685],[121.69602,25.15722],[121.6963,25.15755],[121.69638,25.15829],[121.69679,25.15887],[121.6971,25.15931],[121.6973,25.1596]],[[121.69564,25.15678],[121.69539,25.15643]],[[121.69539,25.15643],[121.69471,25.15597]]]}},{"type":"Feature","properties":{"name":"武聖街28巷","base":"武聖街28巷","section":null,"tier":"hard","length_m":123,"lane":true,"district":"安樂區"},"geometry":{"type":"MultiLineString","coordinates":[[[121.6963,25.15755],[121.69704,25.15768],[121.69707,25.1581]]]}},{"type":"Feature","properties":{"name":"武聖街49巷","base":"武聖街49巷","section":null,"tier":"hard","length_m":458,"lane":true,"district":"安樂區"},"geometry":{"type":"MultiLineString","coordinates":[[[121.6971,25.15931],[121.69668,25.15957],[121.69668,25.15964],[121.69718,25.1601],[121.69748,25.16085],[121.69753,25.16088],[121.69798,25.16103]],[[121.69638,25.15829],[121.69617,25.15837],[121.69614,25.15911],[121.69624,25.15919],[121.69636,25.15913],[121.69679,25.15887]]]}},{"type":"Feature","properties":{"name":"武聖街50巷","base":"武聖街50巷","section":null,"tier":"hard","length_m":73,"lane":true,"district":"安樂區"},"geometry":{"type":"MultiLineString","coordinates":[[[121.69638,25.15829],[121.69685,25.15817],[121.69707,25.1581]]]}},{"type":"Feature","properties":{"name":"武訓街","base":"武訓街","section":null,"tier":"hard","length_m":1261,"district":"安樂區"},"geometry":{"type":"MultiLineString","coordinates":[[[121.69677,25.14284],[121.69699,25.14286],[121.69842,25.14307],[121.69892,25.14314],[121.70047,25.14339],[121.70068,25.14352]],[[121.69946,25.14868],[121.69956,25.14809],[121.69977,25.147],[121.69982,25.14677],[121.69996,25.14648],[121.70029,25.14597],[121.70108,25.14487],[121.70111,25.14477],[121.70112,25.14462],[121.70068,25.14352]],[[121.70156,25.14176],[121.70154,25.14237],[121.7014,25.14252]],[[121.70133,25.14264],[121.70119,25.14278],[121.70096,25.14307],[121.70073,25.14331],[121.70068,25.14352]],[[121.70073,25.14331],[121.70047,25.14339]]]}},{"type":"Feature","properties":{"name":"武隆街","base":"武隆街","section":null,"tier":"hard","length_m":1024,"district":"安樂區"},"geometry":{"type":"MultiLineString","coordinates":[[[121.69732,25.15286],[121.69724,25.15287],[121.69703,25.15287],[121.69694,25.15289],[121.69687,25.15294],[121.69683,25.153],[121.6965,25.15388],[121.69627,25.15447],[121.69623,25.15468],[121.69619,25.15489],[121.6961,25.15505],[121.69604,25.15513],[121.69589,25.1553],[121.69577,25.15549],[121.69574,25.15573],[121.69572,25.15601],[121.69568,25.15614],[121.69568,25.15616],[121.69559,25.15629],[121.69539,25.15643]],[[121.69387,25.15843],[121.6938,25.15855],[121.69332,25.15925],[121.69315,25.15947],[121.69283,25.15998]],[[121.6965,25.15388],[121.69591,25.15374]],[[121.69539,25.15643],[121.69507,25.15664],[121.69455,25.15699],[121.69455,25.15699]],[[121.69396,25.15768],[121.69394,25.15772],[121.69391,25.15794],[121.69387,25.15843]],[[121.69418,25.15729],[121.69407,25.15744],[121.69396,25.15768]],[[121.69455,25.15699],[121.69423,25.15722],[121.69418,25.15729]]]}},{"type":"Feature","properties":{"name":"武隆街103巷","base":"武隆街103巷","section":null,"tier":"hard","length_m":307,"lane":true,"district":"安樂區"},"geometry":{"type":"MultiLineString","coordinates":[[[121.69387,25.15843],[121.69386,25.15879],[121.69384,25.15914],[121.69381,25.15927],[121.69376,25.15935],[121.69371,25.15944],[121.69361,25.15953],[121.69337,25.15973],[121.69283,25.15998],[121.69265,25.16004]],[[121.69229,25.15956],[121.69265,25.16004]]]}},{"type":"Feature","properties":{"name":"武隆街103巷55弄","base":"武隆街103巷55弄","section":null,"tier":"hard","length_m":186,"lane":true,"district":"安樂區"},"geometry":{"type":"MultiLineString","coordinates":[[[121.69251,25.15941],[121.69229,25.15956],[121.69216,25.15965],[121.69145,25.15978],[121.69078,25.15992]]]}},{"type":"Feature","properties":{"name":"武隆街103巷59弄","base":"武隆街103巷59弄","section":null,"tier":"hard","length_m":73,"lane":true,"district":"安樂區"},"geometry":{"type":"MultiLineString","coordinates":[[[121.69265,25.16004],[121.69276,25.16033],[121.69279,25.16047],[121.69267,25.16065]]]}},{"type":"Feature","properties":{"name":"武隆街105巷","base":"武隆街105巷","section":null,"tier":"hard","length_m":188,"lane":true,"district":"安樂區"},"geometry":{"type":"MultiLineString","coordinates":[[[121.6934,25.15843],[121.69323,25.15877],[121.69305,25.15903],[121.69281,25.15921],[121.69264,25.15932]],[[121.69345,25.15789],[121.6934,25.15843]]]}},{"type":"Feature","properties":{"name":"武隆街111巷","base":"武隆街111巷","section":null,"tier":"hard","length_m":441,"lane":true,"district":"安樂區"},"geometry":{"type":"MultiLineString","coordinates":[[[121.69432,25.1567],[121.69399,25.15676],[121.69345,25.15684]],[[121.69345,25.15684],[121.69308,25.15689],[121.69303,25.15692],[121.69277,25.15812]],[[121.69345,25.15789],[121.69391,25.15794]],[[121.69335,25.15788],[121.69345,25.15789]],[[121.69345,25.15684],[121.69335,25.15788]]]}},{"type":"Feature","properties":{"name":"武隆街113巷","base":"武隆街113巷","section":null,"tier":"hard","length_m":177,"lane":true,"district":"安樂區"},"geometry":{"type":"MultiLineString","coordinates":[[[121.6949,25.15533],[121.69433,25.15536],[121.69405,25.15566],[121.69462,25.15596],[121.69471,25.15597]]]}},{"type":"Feature","properties":{"name":"武隆街13巷","base":"武隆街13巷","section":null,"tier":"hard","length_m":153,"lane":true,"district":"安樂區"},"geometry":{"type":"MultiLineString","coordinates":[[[121.69591,25.15374],[121.69563,25.15451],[121.69623,25.15468]]]}},{"type":"Feature","properties":{"name":"武隆街59巷","base":"武隆街59巷","section":null,"tier":"hard","length_m":174,"lane":true,"district":"安樂區"},"geometry":{"type":"MultiLineString","coordinates":[[[121.69513,25.15507],[121.69554,25.15519],[121.69589,25.1553]],[[121.69482,25.1557],[121.6949,25.15533],[121.69498,25.15502],[121.69513,25.15507]]]}},{"type":"Feature","properties":{"name":"水源橋","base":"水源橋","section":null,"tier":"easy","length_m":198,"district":"暖暖區"},"geometry":{"type":"MultiLineString","coordinates":[[[121.73598,25.10079],[121.73592,25.10144],[121.73591,25.10257]]]}},{"type":"Feature","properties":{"name":"水源路","base":"水源路","section":null,"tier":"hard","length_m":2520,"district":"暖暖區"},"geometry":{"type":"MultiLineString","coordinates":[[[121.73493,25.10465],[121.73519,25.10412],[121.7354,25.10368],[121.73548,25.10364]],[[121.73591,25.10257],[121.73583,25.10244],[121.73534,25.1018],[121.73488,25.10131],[121.73463,25.10112],[121.73445,25.10099],[121.73415,25.10077],[121.73393,25.10058],[121.73367,25.10028],[121.73356,25.10002],[121.73347,25.09974],[121.7334,25.09942],[121.73343,25.0989],[121.73347,25.0987],[121.73358,25.09803],[121.73369,25.09712],[121.73368,25.09661],[121.73367,25.0965],[121.73378,25.09631],[121.73378,25.09615],[121.73373,25.09604],[121.73371,25.09591],[121.73364,25.09576],[121.73364,25.09551],[121.73356,25.09522],[121.73358,25.09502],[121.73358,25.09486],[121.73354,25.09481],[121.73344,25.09454],[121.73342,25.09437],[121.73343,25.09425],[121.73352,25.09405],[121.7336,25.09367],[121.73367,25.09318],[121.73368,25.09304],[121.73381,25.09243],[121.7339,25.09205],[121.73417,25.09126],[121.73426,25.09092],[121.73437,25.09066],[121.73453,25.09042],[121.73457,25.09032],[121.73468,25.0902]],[[121.73482,25.10488],[121.73493,25.10465]],[[121.73505,25.10463],[121.73495,25.10485]],[[121.73495,25.10485],[121.73449,25.1058],[121.73433,25.1061],[121.73407,25.10664],[121.7339,25.10701],[121.73388,25.10706],[121.73383,25.10712],[121.73378,25.10718],[121.73371,25.10722],[121.73364,25.10725]],[[121.73364,25.10725],[121.73367,25.10718],[121.73372,25.10714],[121.73378,25.10709],[121.73381,25.10703],[121.73388,25.10687],[121.73397,25.1067],[121.73427,25.10608],[121.73443,25.10577],[121.73454,25.10552],[121.73482,25.10488]],[[121.73548,25.10364],[121.73548,25.10372],[121.73523,25.10425],[121.73505,25.10463]],[[121.73591,25.10257],[121.7359,25.10265],[121.73586,25.10279],[121.73573,25.10303],[121.73566,25.10316],[121.73552,25.10355],[121.73548,25.10364]]]}},{"type":"Feature","properties":{"name":"水源路36巷","base":"水源路36巷","section":null,"tier":"hard","length_m":578,"lane":true,"district":"暖暖區"},"geometry":{"type":"MultiLineString","coordinates":[[[121.73358,25.09803],[121.73325,25.09773],[121.73316,25.0977],[121.73305,25.09772],[121.73291,25.09774],[121.73282,25.09772],[121.73273,25.09767],[121.73263,25.09759],[121.73257,25.0975],[121.73251,25.09742],[121.73215,25.0972],[121.73207,25.09713],[121.73203,25.09707],[121.73199,25.09697],[121.73203,25.09686],[121.73208,25.09669],[121.73205,25.09648],[121.73198,25.09629],[121.73198,25.09617],[121.73195,25.096],[121.73191,25.0959],[121.7318,25.09581],[121.73175,25.09573],[121.73178,25.09566],[121.73205,25.09548],[121.73248,25.09533],[121.73255,25.09531],[121.73264,25.09535],[121.73276,25.09543],[121.73347,25.09572],[121.73364,25.09576]]]}},{"type":"Feature","properties":{"name":"水長橋","base":"水長橋","section":null,"tier":"medium","length_m":340,"district":"七堵區"},"geometry":{"type":"MultiLineString","coordinates":[[[121.68321,25.08345],[121.68305,25.08335],[121.68217,25.08283],[121.6819,25.08266],[121.6817,25.08249],[121.6815,25.08219],[121.68136,25.08191],[121.68128,25.08152],[121.68128,25.08119]]]}},{"type":"Feature","properties":{"name":"永富路","base":"永富路","section":null,"tier":"medium","length_m":882,"district":"七堵區"},"geometry":{"type":"MultiLineString","coordinates":[[[121.71003,25.09779],[121.71019,25.09788],[121.71041,25.09796],[121.71089,25.09815],[121.71193,25.09849],[121.71263,25.09872],[121.71318,25.09891],[121.71373,25.09909],[121.71374,25.0991],[121.71399,25.09918],[121.71437,25.09932],[121.71463,25.09942],[121.71509,25.09956],[121.7156,25.09974],[121.71571,25.09977],[121.71581,25.09981],[121.71598,25.09985],[121.71612,25.09987],[121.71621,25.09986],[121.71649,25.09975],[121.71683,25.09959],[121.71691,25.09956],[121.71717,25.09943]],[[121.71786,25.09945],[121.7176,25.09939],[121.71741,25.0994],[121.71717,25.09943]],[[121.71717,25.09943],[121.71732,25.09918],[121.71735,25.09913]]]}},{"type":"Feature","properties":{"name":"泰和橋","base":"泰和橋","section":null,"tier":"hard","length_m":10,"district":"七堵區","area":"六堵"},"geometry":{"type":"MultiLineString","coordinates":[[[121.70952,25.08796],[121.7096,25.08791]]]}},{"type":"Feature","properties":{"name":"泰和街","base":"泰和街","section":null,"tier":"hard","length_m":258,"district":"七堵區","area":"六堵"},"geometry":{"type":"MultiLineString","coordinates":[[[121.71019,25.08756],[121.71049,25.08739],[121.71073,25.08724],[121.71106,25.08704],[121.71117,25.08694],[121.71121,25.08684],[121.71124,25.0867],[121.71127,25.08636],[121.71128,25.086],[121.7113,25.08572]]]}},{"type":"Feature","properties":{"name":"泰安一號橋","base":"泰安一號橋","section":null,"tier":"hard","length_m":9,"district":"七堵區"},"geometry":{"type":"MultiLineString","coordinates":[[[121.72071,25.07216],[121.72079,25.0722]]]}},{"type":"Feature","properties":{"name":"泰安二號橋","base":"泰安二號橋","section":null,"tier":"hard","length_m":11,"district":"七堵區"},"geometry":{"type":"MultiLineString","coordinates":[[[121.72167,25.06938],[121.72156,25.06939]]]}},{"type":"Feature","properties":{"name":"泰安地下道","base":"泰安地下道","section":null,"tier":"hard","length_m":78,"district":"七堵區","area":"六堵"},"geometry":{"type":"MultiLineString","coordinates":[[[121.70767,25.09021],[121.70835,25.08987]]]}},{"type":"Feature","properties":{"name":"泰安路","base":"泰安路","section":null,"tier":"hard","length_m":7725,"district":"七堵區"},"geometry":{"type":"MultiLineString","coordinates":[[[121.7093,25.0874],[121.70935,25.08723],[121.70938,25.08693],[121.70937,25.08684],[121.70933,25.08672],[121.70905,25.08639],[121.70899,25.08631],[121.70891,25.08617],[121.70885,25.086],[121.70877,25.08589],[121.70871,25.0858],[121.70871,25.08574],[121.70871,25.08559],[121.70875,25.08544],[121.70881,25.08529],[121.70885,25.08521],[121.7089,25.08513],[121.70882,25.08498],[121.70875,25.08485],[121.70858,25.08465],[121.70848,25.08449],[121.70841,25.08436],[121.70834,25.08424],[121.7083,25.08417],[121.70819,25.08413],[121.70803,25.08409],[121.70792,25.08402],[121.70786,25.08396],[121.70777,25.08377],[121.70764,25.08351],[121.70756,25.08311],[121.70757,25.08299],[121.70771,25.08249],[121.70777,25.08238],[121.7079,25.08229],[121.70803,25.08225],[121.70829,25.08219],[121.70843,25.08214],[121.70862,25.082],[121.70886,25.08182],[121.70891,25.08173],[121.70894,25.08168],[121.70893,25.08161],[121.70881,25.08148],[121.70875,25.08136],[121.70871,25.08123],[121.70866,25.08098],[121.70866,25.08092],[121.70865,25.08078],[121.70866,25.08067],[121.70872,25.08056],[121.70886,25.08047],[121.70907,25.08038],[121.70918,25.0803],[121.70934,25.08011],[121.70947,25.08002],[121.70954,25.07994],[121.7096,25.07982],[121.70965,25.07973],[121.70973,25.07965],[121.70983,25.07959],[121.70998,25.07953],[121.71031,25.07952],[121.71046,25.0795],[121.71058,25.07945],[121.71066,25.07937],[121.71075,25.07925],[121.7109,25.07911],[121.71116,25.0789],[121.71124,25.07887],[121.71155,25.07883],[121.7117,25.07879],[121.71198,25.07867],[121.7122,25.0785],[121.71241,25.07836],[121.71271,25.07816],[121.71317,25.07793],[121.71329,25.07789],[121.71397,25.07783],[121.71406,25.0778],[121.71413,25.07773],[121.71419,25.0776],[121.71421,25.07717],[121.71422,25.077],[121.71426,25.07689],[121.71432,25.07678],[121.71444,25.07668],[121.71465,25.07652],[121.71474,25.07643],[121.71479,25.07635],[121.71484,25.07624],[121.71491,25.07613],[121.71492,25.07599],[121.71481,25.07586],[121.71475,25.0758],[121.71471,25.07568],[121.71471,25.07561],[121.71473,25.07546],[121.7148,25.07527],[121.71486,25.07512],[121.7149,25.07496],[121.71488,25.07466],[121.71487,25.07426],[121.71486,25.07417],[121.71484,25.07408],[121.7147,25.07395],[121.7143,25.07357],[121.71421,25.07343],[121.71416,25.07327],[121.71419,25.07318]],[[121.70914,25.08753],[121.7093,25.0874]],[[121.70914,25.08753],[121.70868,25.08787],[121.70836,25.08815],[121.70814,25.08835]],[[121.70908,25.08822],[121.70915,25.08803],[121.70914,25.08753]],[[121.70862,25.08924],[121.70756,25.0891],[121.70747,25.08906]],[[121.70861,25.0888],[121.7085,25.08872],[121.70814,25.08835]],[[121.7085,25.0898],[121.70861,25.08963],[121.70862,25.08924]],[[121.70862,25.08924],[121.70861,25.0888]],[[121.70835,25.08987],[121.70846,25.08984]],[[121.71958,25.06745],[121.71974,25.06744],[121.72011,25.06747],[121.72038,25.06753],[121.72047,25.06754],[121.72051,25.06752],[121.72052,25.06748],[121.72052,25.06744],[121.72018,25.06727],[121.72009,25.0672],[121.72002,25.06713],[121.71985,25.06694],[121.71948,25.06658],[121.71942,25.0665],[121.71941,25.06641],[121.71946,25.06611],[121.7195,25.06596],[121.71953,25.06592],[121.71964,25.06591],[121.71982,25.0659],[121.71996,25.06594],[121.72002,25.06599],[121.72005,25.06605],[121.72007,25.06625],[121.72009,25.06635],[121.72014,25.06643],[121.72027,25.06651],[121.72052,25.0666],[121.72057,25.06664],[121.72071,25.06673],[121.72081,25.06679],[121.72095,25.06691],[121.72103,25.06697],[121.72113,25.067],[121.72117,25.067],[121.72122,25.06696],[121.72125,25.06693],[121.72133,25.06672],[121.72132,25.06666],[121.72128,25.06663],[121.72121,25.06659],[121.72097,25.06656],[121.72093,25.06653],[121.72064,25.06633],[121.72063,25.06632],[121.72058,25.06627],[121.72057,25.06621],[121.72056,25.06606],[121.7205,25.06594],[121.72015,25.06552],[121.72002,25.06529],[121.71993,25.06498],[121.71979,25.06466],[121.7197,25.06449],[121.71963,25.06441],[121.71953,25.0644],[121.71939,25.06444],[121.71932,25.0645],[121.7192,25.06476],[121.71911,25.0649],[121.71898,25.06503],[121.71884,25.06517],[121.71849,25.06547],[121.71831,25.06563],[121.71804,25.06593],[121.71796,25.06596],[121.71787,25.06596],[121.71779,25.06593],[121.71776,25.06587],[121.71778,25.06575],[121.71783,25.06557],[121.71788,25.06541],[121.71794,25.06532],[121.71799,25.06527],[121.71809,25.06521],[121.71833,25.06513],[121.71844,25.06507],[121.71848,25.06503],[121.71852,25.06493],[121.71853,25.06474],[121.71857,25.06458],[121.71863,25.06446],[121.7188,25.06431],[121.7189,25.06424],[121.71919,25.06411],[121.71929,25.06405],[121.71941,25.06395],[121.71962,25.06384],[121.71974,25.0638],[121.7199,25.06376],[121.72001,25.06375],[121.7201,25.06377],[121.72026,25.06388],[121.72038,25.06394],[121.72055,25.06396],[121.72073,25.06398],[121.72093,25.06401],[121.7211,25.06408],[121.72125,25.06419],[121.72167,25.06463],[121.72189,25.06487],[121.72202,25.06496],[121.72218,25.06501],[121.7223,25.06501],[121.72236,25.06501],[121.72252,25.06496],[121.72268,25.06487],[121.72286,25.06481],[121.72308,25.06477],[121.72321,25.06474],[121.72335,25.06474],[121.72353,25.06478],[121.72385,25.06484],[121.72425,25.06493],[121.72443,25.06493],[121.7246,25.06488],[121.72474,25.06478],[121.72479,25.06468],[121.7248,25.06454],[121.72474,25.06437],[121.72465,25.06406],[121.72461,25.06391],[121.72462,25.06376],[121.72463,25.06366],[121.72461,25.06355],[121.72454,25.06347],[121.72442,25.06341],[121.72411,25.06334],[121.72372,25.06325],[121.72341,25.06319],[121.72293,25.06314],[121.72278,25.06311],[121.72261,25.06307],[121.72255,25.06305],[121.72244,25.06303],[121.72237,25.06301]],[[121.72079,25.0722],[121.72083,25.07222],[121.72086,25.0723],[121.72088,25.07239],[121.72087,25.07272],[121.72091,25.07276],[121.72098,25.07277],[121.72107,25.07274],[121.7213,25.07251],[121.72134,25.07244],[121.72133,25.07239],[121.72132,25.07235],[121.7212,25.07208],[121.72117,25.07195],[121.72121,25.07142],[121.72126,25.0713],[121.72134,25.07122],[121.72155,25.0711],[121.72161,25.07101],[121.72165,25.07058],[121.72172,25.07041],[121.72192,25.07017],[121.72199,25.07],[121.72201,25.06982],[121.72199,25.06958],[121.72191,25.06948],[121.72181,25.06939],[121.7217,25.06938],[121.72167,25.06938]],[[121.71424,25.07316],[121.71432,25.07315],[121.71442,25.0732],[121.7145,25.07324],[121.71467,25.07341],[121.71476,25.0735],[121.71486,25.07354],[121.71499,25.07357],[121.71511,25.07354],[121.71525,25.07349],[121.71534,25.07349],[121.71572,25.0736],[121.71583,25.0736],[121.71588,25.07352],[121.71591,25.07342],[121.71591,25.07332],[121.71586,25.07318],[121.71585,25.07307],[121.71585,25.07295],[121.71589,25.07287],[121.71595,25.07278],[121.71603,25.07269],[121.71607,25.0726],[121.7161,25.07242],[121.71616,25.07195],[121.71622,25.07176],[121.71631,25.07161],[121.7164,25.07153],[121.71647,25.07149],[121.71656,25.07149],[121.7167,25.07153],[121.71677,25.07162],[121.71682,25.0717],[121.71688,25.07236],[121.71694,25.0725],[121.717,25.07258],[121.71731,25.07293],[121.71738,25.07298],[121.71746,25.07297],[121.7175,25.07293],[121.7175,25.07284],[121.71742,25.07257],[121.71744,25.07246],[121.71748,25.0724],[121.71754,25.07235],[121.7176,25.07231],[121.71785,25.07223],[121.71799,25.07217],[121.71806,25.07211],[121.71822,25.07195],[121.71835,25.07192],[121.7185,25.07193],[121.71859,25.07192],[121.71872,25.0719],[121.71892,25.07185],[121.71903,25.07185],[121.71912,25.07187],[121.71927,25.07196],[121.71938,25.07198],[121.71945,25.07196],[121.71956,25.0719],[121.71965,25.07188],[121.71966,25.07189]],[[121.71419,25.07318],[121.71424,25.07316]],[[121.71973,25.07193],[121.71986,25.07218],[121.71993,25.07232],[121.71999,25.07237],[121.72006,25.07238],[121.72015,25.07237],[121.72038,25.07228],[121.72061,25.07216],[121.72068,25.07215],[121.72071,25.07216]],[[121.71966,25.07189],[121.71973,25.07193]],[[121.72156,25.06939],[121.72149,25.06939],[121.72131,25.06944],[121.72112,25.06952],[121.72077,25.0696],[121.72065,25.06968],[121.72058,25.06975],[121.72042,25.06991],[121.72031,25.06999],[121.72021,25.07003],[121.72007,25.07003],[121.71962,25.06992],[121.7195,25.06993],[121.71943,25.06996],[121.7193,25.07007],[121.71919,25.07008],[121.71907,25.07004],[121.71898,25.06999],[121.71891,25.0699],[121.71892,25.06983],[121.71943,25.06909],[121.71948,25.06906],[121.71957,25.06904],[121.71969,25.06904],[121.71978,25.06905],[121.72006,25.06915],[121.72017,25.06917],[121.72023,25.06916],[121.72027,25.06913],[121.72033,25.06903],[121.72035,25.06897],[121.72033,25.0689],[121.7203,25.06884],[121.72009,25.06864],[121.72005,25.0686],[121.72003,25.06855],[121.72005,25.06848],[121.72023,25.06822],[121.72025,25.06814],[121.72024,25.06808],[121.72019,25.06802],[121.72011,25.06796],[121.71993,25.06792],[121.71985,25.06792],[121.71978,25.06793],[121.71966,25.068],[121.71959,25.06801],[121.71933,25.06798],[121.71924,25.06797],[121.71917,25.06799],[121.71915,25.06802],[121.71906,25.06819],[121.71901,25.06822],[121.71897,25.06822],[121.71891,25.0682],[121.7189,25.06816],[121.71885,25.06778],[121.71887,25.06766],[121.71896,25.06756],[121.71908,25.06749],[121.71917,25.06747]],[[121.71917,25.06747],[121.71928,25.06745],[121.71958,25.06745]],[[121.70755,25.09021],[121.70767,25.09021]]]}},{"type":"Feature","properties":{"name":"泰安路193巷","base":"泰安路193巷","section":null,"tier":"hard","length_m":80,"lane":true,"district":"七堵區","area":"六堵"},"geometry":{"type":"MultiLineString","coordinates":[[[121.70861,25.0888],[121.70908,25.08822]]]}},{"type":"Feature","properties":{"name":"泰安路1巷","base":"泰安路1巷","section":null,"tier":"hard","length_m":72,"lane":true,"district":"七堵區","area":"六堵"},"geometry":{"type":"MultiLineString","coordinates":[[[121.70846,25.08984],[121.70907,25.09018]]]}},{"type":"Feature","properties":{"name":"泰安路2巷","base":"泰安路2巷","section":null,"tier":"hard","length_m":152,"lane":true,"district":"七堵區","area":"六堵"},"geometry":{"type":"MultiLineString","coordinates":[[[121.70747,25.08906],[121.70743,25.08929],[121.70755,25.08941],[121.70773,25.08955],[121.70801,25.0897],[121.70814,25.08976],[121.70827,25.08979],[121.70839,25.0898],[121.7085,25.0898]]]}},{"type":"Feature","properties":{"name":"泰安路4巷","base":"泰安路4巷","section":null,"tier":"hard","length_m":190,"lane":true,"district":"七堵區","area":"六堵"},"geometry":{"type":"MultiLineString","coordinates":[[[121.70712,25.08872],[121.70758,25.08833],[121.70746,25.08823],[121.70736,25.08823]],[[121.70736,25.08823],[121.70723,25.08821],[121.70707,25.08821],[121.70699,25.08821],[121.70693,25.08818]],[[121.70736,25.08823],[121.70698,25.08859]]]}},{"type":"Feature","properties":{"name":"泰安路75巷","base":"泰安路75巷","section":null,"tier":"hard","length_m":124,"lane":true,"district":"七堵區","area":"六堵"},"geometry":{"type":"MultiLineString","coordinates":[[[121.70908,25.08822],[121.70952,25.08796]],[[121.7096,25.08791],[121.71019,25.08756]]]}},{"type":"Feature","properties":{"name":"深溪路","base":"深溪路","section":null,"tier":"hard","length_m":791,"district":"信義區"},"geometry":{"type":"MultiLineString","coordinates":[[[121.78042,25.12843],[121.78073,25.12898],[121.78077,25.12909],[121.78081,25.12918],[121.78083,25.12935],[121.7809,25.12972],[121.78091,25.12977],[121.78098,25.13019],[121.78102,25.13039],[121.78104,25.13048],[121.78109,25.13058],[121.78129,25.13081],[121.78141,25.13094],[121.78185,25.13143],[121.7819,25.13149],[121.78214,25.13177],[121.78217,25.13187],[121.78229,25.13252],[121.78248,25.13351],[121.78256,25.1339],[121.78263,25.13432],[121.78275,25.13506]]]}},{"type":"Feature","properties":{"name":"深澳坑路168巷","base":"深澳坑路168巷","section":null,"tier":"hard","length_m":122,"lane":true,"district":"信義區"},"geometry":{"type":"MultiLineString","coordinates":[[[121.78478,25.12555],[121.78477,25.12593],[121.78477,25.12606],[121.7848,25.12618],[121.78509,25.12656]]]}},{"type":"Feature","properties":{"name":"深澳坑路（信義區2）","base":"深澳坑路（信義區2）","section":null,"tier":"hard","length_m":725,"district":"信義區"},"geometry":{"type":"MultiLineString","coordinates":[[[121.79723,25.11517],[121.7973,25.11536],[121.7974,25.11588],[121.79752,25.11607],[121.7976,25.1162],[121.7976,25.11636],[121.79756,25.11651],[121.7974,25.11677],[121.7973,25.11689],[121.79722,25.11703],[121.79723,25.11724],[121.79729,25.11745],[121.79745,25.11774],[121.79752,25.11774]],[[121.79723,25.11517],[121.79723,25.11504],[121.79721,25.11494],[121.79715,25.11485],[121.79704,25.11471],[121.79682,25.11454],[121.79673,25.11451],[121.79659,25.11446],[121.79641,25.11444],[121.79634,25.11445],[121.79626,25.11449],[121.79605,25.11468],[121.79592,25.11478],[121.79577,25.11484],[121.79567,25.11485],[121.79558,25.11482],[121.7955,25.11478],[121.79541,25.11465],[121.79536,25.11453],[121.79535,25.11443],[121.79537,25.11435],[121.7954,25.11421]],[[121.79538,25.1139],[121.79536,25.11384],[121.79527,25.11363],[121.79525,25.11355],[121.79526,25.11349],[121.79531,25.11345],[121.79539,25.11341]],[[121.7954,25.11421],[121.79538,25.1139]],[[121.79752,25.11774],[121.79758,25.11772]]]}},{"type":"Feature","properties":{"name":"深澳坑路（信義區）","base":"深澳坑路（信義區）","section":null,"tier":"medium","length_m":4608,"district":"信義區"},"geometry":{"type":"MultiLineString","coordinates":[[[121.79768,25.11989],[121.79748,25.11998],[121.79744,25.12],[121.79724,25.12011],[121.79709,25.12017],[121.79694,25.12021],[121.79641,25.12023],[121.79624,25.12024],[121.79561,25.12034],[121.79543,25.12042],[121.79526,25.12057],[121.79509,25.12087],[121.79499,25.12104],[121.79495,25.12129],[121.79491,25.1215],[121.79488,25.1216],[121.79476,25.12172],[121.79436,25.12199],[121.7942,25.12202],[121.79403,25.12201],[121.79359,25.12182],[121.79328,25.12174],[121.79302,25.12172],[121.79284,25.12176],[121.79261,25.12185],[121.79246,25.12196],[121.79214,25.12228],[121.79203,25.12243],[121.7917,25.12337],[121.79166,25.12349],[121.7916,25.12358]],[[121.77087,25.13576],[121.77091,25.13586],[121.77088,25.13628],[121.77088,25.13639],[121.77095,25.13659],[121.77128,25.1372],[121.77132,25.13726],[121.77139,25.13731],[121.77145,25.13735],[121.77154,25.13738],[121.77164,25.13741],[121.77177,25.13741],[121.77186,25.1374],[121.772,25.13736],[121.77209,25.13732],[121.77231,25.13718],[121.77282,25.13687],[121.77299,25.1368],[121.77316,25.13673],[121.77362,25.13661],[121.77396,25.13648],[121.77452,25.1362],[121.77476,25.13607],[121.775,25.13593],[121.77527,25.1357],[121.7756,25.13535],[121.77592,25.13498],[121.7762,25.13477],[121.77698,25.13329],[121.7771,25.13307],[121.7774,25.13254],[121.77755,25.13235],[121.77775,25.13212],[121.77777,25.13207],[121.77776,25.13199],[121.77773,25.13191],[121.77758,25.13166],[121.77756,25.13162],[121.77755,25.13158],[121.77755,25.13148],[121.77758,25.13098],[121.77757,25.13084],[121.77753,25.13075],[121.77747,25.13068],[121.77737,25.1306],[121.77712,25.13039],[121.77708,25.13031],[121.77703,25.13019],[121.777,25.13007],[121.777,25.13],[121.77701,25.12988],[121.77704,25.12985],[121.7772,25.12963],[121.77742,25.12924],[121.77746,25.12917],[121.77751,25.12912],[121.77759,25.12908],[121.77767,25.12905],[121.77778,25.12903],[121.77788,25.12904],[121.77828,25.12923],[121.77834,25.12924],[121.77839,25.12923],[121.77849,25.1292],[121.77892,25.12899],[121.77934,25.1288],[121.77955,25.12873],[121.78027,25.12853],[121.78042,25.12843]],[[121.78194,25.12697],[121.78187,25.12704],[121.7818,25.12711],[121.7817,25.12721],[121.78162,25.12735],[121.78158,25.12742],[121.78155,25.12748],[121.78149,25.12756],[121.78143,25.12761],[121.78126,25.12774],[121.78111,25.12785],[121.781,25.12797],[121.78096,25.12802],[121.78092,25.12809],[121.78089,25.12816],[121.78085,25.12824],[121.78082,25.12827],[121.78079,25.12831],[121.78074,25.12834],[121.7807,25.12836],[121.78066,25.12838],[121.7806,25.1284],[121.78042,25.12843]],[[121.7858,25.12594],[121.78571,25.126],[121.78569,25.12602]],[[121.78584,25.1259],[121.7858,25.12594]],[[121.78569,25.12602],[121.78557,25.1261]],[[121.78921,25.12459],[121.78911,25.12467],[121.78884,25.12474],[121.78869,25.12475],[121.7886,25.12475],[121.78848,25.12474],[121.7882,25.12473],[121.78805,25.12473],[121.78788,25.12476],[121.78724,25.12502],[121.78693,25.12517],[121.78676,25.12527],[121.78592,25.12588],[121.78588,25.1259],[121.78584,25.1259]],[[121.78584,25.1259],[121.78584,25.12587],[121.7859,25.12583],[121.78635,25.12549],[121.78672,25.12521],[121.78686,25.12513],[121.78708,25.12502],[121.7872,25.12496],[121.7876,25.12479],[121.78791,25.12469],[121.78802,25.12467],[121.78812,25.12466],[121.78849,25.12468],[121.78867,25.12468],[121.78889,25.12466],[121.78911,25.1246],[121.78921,25.12459]],[[121.7916,25.12358],[121.79138,25.12377],[121.79018,25.12434],[121.78999,25.12438],[121.78984,25.12442],[121.78973,25.12443],[121.78946,25.12449],[121.78921,25.12459]],[[121.78042,25.12843],[121.7804,25.12837]],[[121.7804,25.12837],[121.78059,25.12834],[121.78068,25.1283],[121.78077,25.12823],[121.7809,25.12799],[121.78098,25.12788],[121.78105,25.12782],[121.78137,25.12758],[121.78145,25.12751],[121.78158,25.12732],[121.78169,25.12714],[121.78175,25.12703],[121.78186,25.12695],[121.78194,25.12697]],[[121.78557,25.1261],[121.78536,25.12629],[121.78509,25.12656],[121.78479,25.12679],[121.78462,25.12689],[121.78446,25.12695],[121.78417,25.12703],[121.78405,25.12703],[121.7836,25.12702],[121.78328,25.12701],[121.78316,25.127],[121.78306,25.127],[121.78296,25.12698],[121.78268,25.12689],[121.78257,25.12688],[121.78247,25.12688],[121.78235,25.12689],[121.78214,25.12691],[121.78194,25.12697]]]}},{"type":"Feature","properties":{"name":"深美街","base":"深美街","section":null,"tier":"hard","length_m":823,"district":"信義區"},"geometry":{"type":"MultiLineString","coordinates":[[[121.78275,25.13506],[121.78258,25.13503],[121.78232,25.135],[121.7821,25.13497],[121.7814,25.13488],[121.78135,25.13488],[121.78129,25.13488],[121.7812,25.13491],[121.78114,25.13493],[121.78106,25.13498],[121.78076,25.13521],[121.78029,25.13557],[121.77992,25.13585],[121.77918,25.1364],[121.77876,25.1367]],[[121.77876,25.1367],[121.7787,25.13674],[121.7785,25.1368],[121.77815,25.13687],[121.77704,25.13707],[121.77679,25.13711],[121.77665,25.13714],[121.77623,25.13722],[121.77539,25.13738]]]}},{"type":"Feature","properties":{"name":"深美街200巷","base":"深美街200巷","section":null,"tier":"hard","length_m":144,"lane":true,"district":"信義區"},"geometry":{"type":"MultiLineString","coordinates":[[[121.77704,25.13707],[121.77724,25.13802],[121.7773,25.13834]]]}},{"type":"Feature","properties":{"name":"深美街201巷","base":"深美街201巷","section":null,"tier":"hard","length_m":219,"lane":true,"district":"信義區"},"geometry":{"type":"MultiLineString","coordinates":[[[121.77817,25.13565],[121.77769,25.13577],[121.7776,25.13588],[121.77726,25.13632],[121.77712,25.1365],[121.77695,25.13672],[121.77704,25.13707]]]}},{"type":"Feature","properties":{"name":"港口橋","base":"港口橋","section":null,"tier":"hard","length_m":54,"district":"安樂區"},"geometry":{"type":"MultiLineString","coordinates":[[[121.7287,25.11439],[121.72886,25.11458]],[[121.7288,25.11463],[121.72862,25.11445]]]}},{"type":"Feature","properties":{"name":"港西街","base":"港西街","section":null,"tier":"medium","length_m":702,"district":"仁愛區"},"geometry":{"type":"MultiLineString","coordinates":[[[121.74074,25.13607],[121.74085,25.13601]],[[121.73989,25.13268],[121.73988,25.13262]],[[121.73987,25.13157],[121.73987,25.13142]],[[121.7407,25.13394],[121.74067,25.1339],[121.74055,25.13371],[121.74007,25.13298]],[[121.74095,25.13596],[121.74104,25.1359],[121.74138,25.13572]],[[121.7406,25.13456],[121.74062,25.13448],[121.74073,25.13414],[121.74074,25.1341],[121.74074,25.13407],[121.74074,25.13403],[121.74072,25.13399],[121.74071,25.13397],[121.7407,25.13394]],[[121.74085,25.13601],[121.74095,25.13596]],[[121.74138,25.13572],[121.74106,25.13523],[121.74084,25.13488]],[[121.74007,25.13298],[121.73994,25.13278],[121.73991,25.13273],[121.7399,25.13271],[121.73989,25.13268]],[[121.73987,25.13169],[121.73987,25.13157]],[[121.74084,25.13488],[121.7406,25.13456]],[[121.73988,25.13174],[121.7399,25.13177],[121.73991,25.1318],[121.73991,25.13252],[121.73991,25.13256],[121.73988,25.13262]],[[121.73988,25.13174],[121.73987,25.13169]],[[121.73988,25.13262],[121.73985,25.13257],[121.73985,25.1318],[121.73985,25.13177],[121.73988,25.13174]]]}},{"type":"Feature","properties":{"name":"湖海路","base":"湖海路","section":null,"tier":"hard","length_m":888,"district":"中山區"},"geometry":{"type":"MultiLineString","coordinates":[[[121.70161,25.1621],[121.7017,25.16211],[121.70184,25.16235],[121.70202,25.16256],[121.70227,25.16274],[121.7027,25.16298],[121.70298,25.16316],[121.70309,25.16321],[121.70318,25.16323],[121.70325,25.1632],[121.70336,25.16313],[121.70347,25.16313],[121.70353,25.16316],[121.70359,25.1632],[121.70361,25.16327],[121.70362,25.16339],[121.70356,25.16362],[121.70353,25.16389],[121.70349,25.16395],[121.70318,25.16424],[121.70314,25.16431],[121.70313,25.16438],[121.70316,25.16443],[121.7032,25.16447],[121.70328,25.16448],[121.70335,25.16445],[121.70356,25.16428],[121.70381,25.16417],[121.704,25.16414],[121.70446,25.16414],[121.70474,25.16418],[121.70505,25.16427],[121.70579,25.16437],[121.70601,25.1644],[121.70617,25.16437],[121.70657,25.16424],[121.70685,25.1642],[121.70703,25.16421],[121.70753,25.16427],[121.70772,25.16433]]]}},{"type":"Feature","properties":{"name":"湖海路一段","base":"湖海路","section":"一段","tier":"hard","length_m":2637,"district":"中山區"},"geometry":{"type":"MultiLineString","coordinates":[[[121.73175,25.158],[121.73097,25.15716],[121.73089,25.15705],[121.73083,25.1569],[121.73076,25.15669],[121.73072,25.15659],[121.73063,25.15652],[121.73049,25.15646],[121.73041,25.1564],[121.7302,25.15625],[121.73015,25.15621],[121.73012,25.15616],[121.7301,25.1561],[121.73009,25.15604]],[[121.71475,25.16521],[121.71478,25.16519],[121.71483,25.16518],[121.71486,25.16516],[121.715,25.1651],[121.71504,25.1651],[121.71507,25.16509],[121.71523,25.16506],[121.71572,25.165],[121.7162,25.16495],[121.7163,25.16493],[121.71638,25.16492],[121.71646,25.16489],[121.71665,25.16482],[121.7168,25.16475],[121.71708,25.16463],[121.7173,25.16457],[121.71748,25.16455],[121.71778,25.16451],[121.71797,25.16447],[121.71815,25.16436],[121.71846,25.16415],[121.71866,25.16409],[121.71882,25.16407],[121.71913,25.16412],[121.71935,25.16412],[121.71961,25.1641],[121.71986,25.16403],[121.72004,25.16391],[121.72021,25.16382],[121.7204,25.16376],[121.72048,25.16376],[121.72076,25.16382],[121.7209,25.16383],[121.72197,25.16388],[121.72204,25.16389],[121.72362,25.16421],[121.72387,25.16426],[121.72424,25.16432],[121.72452,25.16433],[121.72472,25.16429],[121.7248,25.16427],[121.72527,25.16383],[121.72556,25.1636],[121.72561,25.16356],[121.72566,25.16353],[121.72575,25.16346],[121.72584,25.16338],[121.72594,25.1633],[121.72607,25.1632],[121.72627,25.16309],[121.72643,25.16302],[121.72684,25.16296],[121.72712,25.16292],[121.72731,25.16297],[121.72756,25.16303],[121.72804,25.16295],[121.72835,25.1629],[121.72859,25.1628],[121.72891,25.1627],[121.72909,25.1627],[121.72919,25.16276],[121.72961,25.16312],[121.72968,25.16315],[121.72977,25.16317],[121.72989,25.16316],[121.72995,25.16314],[121.73002,25.1631],[121.73224,25.16093],[121.73227,25.16091],[121.73228,25.1609],[121.7323,25.16083],[121.7323,25.16072],[121.73228,25.16058],[121.73211,25.16031]],[[121.73211,25.16031],[121.73205,25.16022],[121.73203,25.16019],[121.73201,25.16014],[121.732,25.16009],[121.73201,25.16004],[121.73235,25.15935],[121.73239,25.15915],[121.73239,25.15892],[121.73237,25.15877],[121.73231,25.15864],[121.73217,25.15843],[121.73175,25.158]]]}},{"type":"Feature","properties":{"name":"湖海路二段","base":"湖海路","section":"二段","tier":"hard","length_m":1599,"district":"中山區"},"geometry":{"type":"MultiLineString","coordinates":[[[121.70772,25.16433],[121.70748,25.16451],[121.70732,25.16457],[121.70717,25.16466],[121.70698,25.16481],[121.70683,25.16496],[121.70671,25.16512],[121.70646,25.16564],[121.7064,25.16585],[121.70639,25.16596],[121.70641,25.16603],[121.70643,25.1661],[121.70648,25.16621],[121.70653,25.16628],[121.70662,25.16638],[121.70677,25.16656],[121.70695,25.16679],[121.7071,25.16699],[121.70725,25.1672],[121.7074,25.16739],[121.70745,25.16748],[121.70748,25.16757]],[[121.70743,25.16793],[121.70741,25.16807],[121.70737,25.1682],[121.70731,25.1684],[121.7073,25.16848],[121.70731,25.16854],[121.70733,25.16866],[121.7074,25.16873],[121.70748,25.16882],[121.70763,25.16897],[121.70774,25.16909],[121.7079,25.16922],[121.70818,25.16938],[121.70839,25.16951],[121.7085,25.16965],[121.70855,25.16981],[121.70856,25.16997],[121.70855,25.17014],[121.70851,25.17051],[121.70851,25.17057],[121.70852,25.17064]],[[121.70772,25.16433],[121.70792,25.16432],[121.70854,25.16418],[121.7093,25.164],[121.70954,25.16394],[121.70977,25.1639],[121.71003,25.16388],[121.71051,25.16385],[121.711,25.16383],[121.71143,25.16386],[121.71175,25.16391],[121.71186,25.16393],[121.71215,25.16403],[121.71218,25.16404],[121.71225,25.16407],[121.71227,25.16409],[121.71243,25.16421],[121.7126,25.16438],[121.71275,25.16454],[121.7129,25.16463],[121.71306,25.1647],[121.71326,25.16474],[121.71357,25.16482],[121.7143,25.16506],[121.71458,25.16517],[121.71466,25.1652],[121.71471,25.16521],[121.71472,25.16521],[121.71475,25.16521]],[[121.70748,25.16757],[121.70746,25.16776],[121.70743,25.16793]]]}},{"type":"Feature","properties":{"name":"源遠路","base":"源遠路","section":null,"tier":"easy","length_m":4974,"district":"暖暖區"},"geometry":{"type":"MultiLineString","coordinates":[[[121.74879,25.09828],[121.74865,25.0983],[121.74843,25.09832],[121.74814,25.09838],[121.74797,25.09843],[121.7478,25.0985],[121.74749,25.09867],[121.74721,25.09886],[121.74713,25.09892],[121.74703,25.09899],[121.74685,25.09915],[121.74679,25.09921],[121.74673,25.09928],[121.74669,25.09933],[121.74665,25.09939],[121.74663,25.09946],[121.7466,25.09954],[121.74659,25.09959],[121.74659,25.09966],[121.74659,25.0997],[121.7466,25.09975],[121.74661,25.09979],[121.74674,25.10021],[121.74679,25.10044],[121.74678,25.10057],[121.74676,25.10065],[121.74674,25.10072],[121.74664,25.10092],[121.74654,25.10103],[121.7464,25.10115],[121.74617,25.10124],[121.74551,25.10152]],[[121.73364,25.10725],[121.73351,25.10737],[121.73288,25.10787],[121.73271,25.10802],[121.73221,25.10843],[121.73215,25.10847],[121.73203,25.10855],[121.73149,25.10889]],[[121.75154,25.09833],[121.75096,25.09833],[121.75045,25.09831],[121.75042,25.09831],[121.74928,25.0983],[121.74879,25.09828]],[[121.73149,25.10889],[121.73107,25.1091]],[[121.73565,25.10537],[121.73582,25.10516],[121.73616,25.10455],[121.73642,25.10405],[121.73658,25.10377],[121.73685,25.10347],[121.73712,25.10323],[121.73753,25.10291]],[[121.73493,25.10465],[121.73505,25.10463],[121.73555,25.10452]],[[121.73581,25.10454],[121.73541,25.1047],[121.73495,25.10485]],[[121.75815,25.09945],[121.75853,25.09953],[121.75881,25.09956],[121.75901,25.09956],[121.75917,25.09956],[121.75931,25.09953],[121.75945,25.0995]],[[121.7546,25.09872],[121.75506,25.09881],[121.75549,25.09891],[121.75597,25.099],[121.75679,25.09916],[121.75724,25.09925],[121.75765,25.09933],[121.75815,25.09945]],[[121.73555,25.10452],[121.73578,25.10447]],[[121.74551,25.10144],[121.74616,25.10119],[121.74639,25.10108],[121.74652,25.10097],[121.74663,25.10082],[121.74672,25.10063],[121.74674,25.10043],[121.74668,25.1002],[121.74654,25.09978],[121.74651,25.09969],[121.7465,25.09963],[121.74649,25.09958],[121.74649,25.09954],[121.74652,25.09943],[121.74653,25.09939],[121.74657,25.09932],[121.74661,25.09926],[121.74667,25.0992],[121.74687,25.09902],[121.74711,25.09886],[121.74747,25.09862],[121.74773,25.09848],[121.74797,25.09839],[121.7483,25.0983],[121.74844,25.09828],[121.74866,25.09826],[121.74879,25.09828]],[[121.735,25.10617],[121.73519,25.10593],[121.73565,25.10537]],[[121.73364,25.10725],[121.73378,25.10723],[121.73394,25.10712],[121.73401,25.10707],[121.7342,25.10691],[121.73478,25.10639],[121.735,25.10617]],[[121.73753,25.10291],[121.73787,25.10284],[121.73853,25.10283],[121.73868,25.10287]],[[121.75154,25.09833],[121.7518,25.09834],[121.75198,25.09835],[121.75225,25.09836],[121.75299,25.09845],[121.75359,25.09851],[121.75373,25.09854],[121.75426,25.09865],[121.7546,25.09872]],[[121.74437,25.10209],[121.74471,25.10202],[121.74495,25.10195],[121.74509,25.10191],[121.74521,25.10179],[121.74529,25.10167],[121.74534,25.1016],[121.74542,25.1015],[121.74551,25.10144]],[[121.73848,25.1029],[121.73868,25.10287],[121.73982,25.10268],[121.74023,25.10261],[121.74046,25.10257],[121.74094,25.10247],[121.74158,25.1024],[121.74437,25.10209]],[[121.74551,25.10152],[121.74542,25.10159],[121.74535,25.10173],[121.74523,25.10188],[121.74516,25.10194],[121.74504,25.102],[121.74484,25.10206],[121.7444,25.10215]],[[121.7444,25.10215],[121.74388,25.10221],[121.74349,25.10225],[121.74201,25.1024],[121.74096,25.10253],[121.7405,25.10261],[121.74026,25.10266],[121.73983,25.10273],[121.73863,25.10294],[121.73849,25.10297]]]}},{"type":"Feature","properties":{"name":"源遠路152巷","base":"源遠路152巷","section":null,"tier":"hard","length_m":327,"lane":true,"district":"暖暖區"},"geometry":{"type":"MultiLineString","coordinates":[[[121.74871,25.09534],[121.74875,25.09586],[121.74878,25.0973],[121.74879,25.09828]]]}},{"type":"Feature","properties":{"name":"源遠路152巷59弄","base":"源遠路152巷59弄","section":null,"tier":"hard","length_m":111,"lane":true,"district":"暖暖區"},"geometry":{"type":"MultiLineString","coordinates":[[[121.74878,25.0973],[121.74953,25.09732],[121.74969,25.09729],[121.74984,25.09718]]]}},{"type":"Feature","properties":{"name":"源遠路193巷","base":"源遠路193巷","section":null,"tier":"hard","length_m":198,"lane":true,"district":"暖暖區"},"geometry":{"type":"MultiLineString","coordinates":[[[121.75154,25.09897],[121.75154,25.09833]],[[121.7527,25.09942],[121.75154,25.09897]]]}},{"type":"Feature","properties":{"name":"源遠路226巷","base":"源遠路226巷","section":null,"tier":"hard","length_m":179,"lane":true,"district":"暖暖區"},"geometry":{"type":"MultiLineString","coordinates":[[[121.75154,25.09833],[121.75155,25.09804],[121.75159,25.09693]],[[121.75159,25.09693],[121.75159,25.09683]],[[121.75159,25.09683],[121.75159,25.09672]]]}},{"type":"Feature","properties":{"name":"源遠路249巷","base":"源遠路249巷","section":null,"tier":"hard","length_m":819,"lane":true,"district":"暖暖區"},"geometry":{"type":"MultiLineString","coordinates":[[[121.75581,25.09963],[121.75514,25.09949],[121.75445,25.09936],[121.75318,25.0991],[121.75298,25.09905],[121.75288,25.09907],[121.7527,25.09942]],[[121.75428,25.10009],[121.75435,25.09979],[121.75438,25.09967],[121.75445,25.09936],[121.7546,25.09872]],[[121.75557,25.1006],[121.75428,25.10009],[121.7532,25.09965],[121.7527,25.09942]]]}},{"type":"Feature","properties":{"name":"源遠路277巷","base":"源遠路277巷","section":null,"tier":"hard","length_m":182,"lane":true,"district":"暖暖區"},"geometry":{"type":"MultiLineString","coordinates":[[[121.75557,25.1006],[121.75581,25.09963],[121.75588,25.09936],[121.75597,25.099]]]}},{"type":"Feature","properties":{"name":"源遠路292巷","base":"源遠路292巷","section":null,"tier":"hard","length_m":220,"lane":true,"district":"暖暖區"},"geometry":{"type":"MultiLineString","coordinates":[[[121.75803,25.09823],[121.75827,25.09847],[121.75838,25.09859],[121.75846,25.09874],[121.7584,25.09885],[121.75826,25.09898]],[[121.75826,25.09898],[121.7582,25.09922],[121.75816,25.09941],[121.75815,25.09945]],[[121.75852,25.09867],[121.75868,25.09848],[121.7589,25.09824]]]}},{"type":"Feature","properties":{"name":"源遠路297巷","base":"源遠路297巷","section":null,"tier":"hard","length_m":121,"lane":true,"district":"暖暖區"},"geometry":{"type":"MultiLineString","coordinates":[[[121.75675,25.10064],[121.75652,25.10068],[121.75624,25.1007],[121.75599,25.1007],[121.75573,25.10064],[121.75557,25.1006]]]}},{"type":"Feature","properties":{"name":"源遠路325巷","base":"源遠路325巷","section":null,"tier":"hard","length_m":219,"lane":true,"district":"暖暖區"},"geometry":{"type":"MultiLineString","coordinates":[[[121.75815,25.09945],[121.75812,25.09952],[121.75804,25.09981],[121.75798,25.10005],[121.7579,25.10019],[121.75782,25.1003],[121.75775,25.10037],[121.75764,25.10047],[121.75759,25.10049],[121.75748,25.10052],[121.75675,25.10064]]]}},{"type":"Feature","properties":{"name":"漁港一街","base":"漁港一街","section":null,"tier":"hard","length_m":346,"district":"中正區"},"geometry":{"type":"MultiLineString","coordinates":[[[121.79041,25.14385],[121.78982,25.14346],[121.78904,25.14289]],[[121.78912,25.14283],[121.7899,25.14338],[121.79046,25.14379]]]}},{"type":"Feature","properties":{"name":"漁港三街","base":"漁港三街","section":null,"tier":"hard","length_m":494,"district":"中正區"},"geometry":{"type":"MultiLineString","coordinates":[[[121.79666,25.14333],[121.79662,25.14297],[121.7966,25.14284],[121.79658,25.14257],[121.79654,25.14222],[121.7964,25.14109]],[[121.7964,25.14109],[121.7962,25.14101],[121.7961,25.14093],[121.79519,25.14025],[121.79459,25.13981],[121.79453,25.13972]]]}},{"type":"Feature","properties":{"name":"漁港二街","base":"漁港二街","section":null,"tier":"hard","length_m":1001,"district":"中正區"},"geometry":{"type":"MultiLineString","coordinates":[[[121.79267,25.14678],[121.79343,25.14678],[121.79348,25.14678],[121.79367,25.14635],[121.79373,25.14623],[121.79465,25.14511],[121.79477,25.14499],[121.79583,25.14372],[121.79585,25.14369],[121.79585,25.14366],[121.79584,25.14351],[121.79578,25.14292],[121.79562,25.14153],[121.79553,25.14135],[121.79526,25.14113],[121.79488,25.14086],[121.7937,25.14002]]]}},{"type":"Feature","properties":{"name":"澳底橋","base":"澳底橋","section":null,"tier":"easy","length_m":335,"district":"安樂區"},"geometry":{"type":"MultiLineString","coordinates":[[[121.7069,25.16847],[121.70704,25.16871],[121.70721,25.16889],[121.70743,25.16907],[121.70773,25.16928],[121.70792,25.16944],[121.70803,25.16955]],[[121.70797,25.16959],[121.70786,25.16946],[121.7077,25.16932],[121.70739,25.16911],[121.70715,25.16891],[121.70699,25.16875],[121.70683,25.16851]]]}},{"type":"Feature","properties":{"name":"烏基產業道路","base":"烏基產業道路","section":null,"tier":"hard","length_m":195,"district":"七堵區"},"geometry":{"type":"MultiLineString","coordinates":[[[121.64281,25.14415],[121.64296,25.14418],[121.64301,25.14421],[121.64306,25.14426],[121.64308,25.14435],[121.64311,25.14458]],[[121.64311,25.14458],[121.64311,25.14482],[121.64309,25.14491],[121.64302,25.14503],[121.64294,25.14513],[121.64281,25.14521],[121.64239,25.14543]]]}},{"type":"Feature","properties":{"name":"獅球路","base":"獅球路","section":null,"tier":"hard","length_m":516,"district":"仁愛區"},"geometry":{"type":"MultiLineString","coordinates":[[[121.73842,25.12511],[121.73769,25.1258],[121.73744,25.12594]],[[121.73779,25.12458],[121.73724,25.12514],[121.73701,25.12527]],[[121.73693,25.12445],[121.73742,25.1245],[121.73766,25.12454],[121.73779,25.12458],[121.73842,25.12511],[121.73846,25.12516],[121.73868,25.12535],[121.73905,25.12574]]]}},{"type":"Feature","properties":{"name":"獅球路42巷","base":"獅球路42巷","section":null,"tier":"hard","length_m":66,"lane":true,"district":"仁愛區"},"geometry":{"type":"MultiLineString","coordinates":[[[121.73631,25.12508],[121.73621,25.12481],[121.73617,25.12475],[121.73611,25.12476],[121.73603,25.12478],[121.73593,25.12484]]]}},{"type":"Feature","properties":{"name":"瑞泰橋","base":"瑞泰橋","section":null,"tier":"hard","length_m":254,"district":"暖暖區"},"geometry":{"type":"MultiLineString","coordinates":[[[121.75789,25.10369],[121.75803,25.10346],[121.75836,25.10291],[121.75868,25.10236],[121.7589,25.10201],[121.75913,25.1017]]]}},{"type":"Feature","properties":{"name":"瑪南隧道","base":"瑪南隧道","section":null,"tier":"easy","length_m":303,"district":"七堵區"},"geometry":{"type":"MultiLineString","coordinates":[[[121.69763,25.10009],[121.69643,25.10059]],[[121.69601,25.10066],[121.6964,25.10047],[121.69752,25.09997]]]}},{"type":"Feature","properties":{"name":"瑪安橋","base":"瑪安橋","section":null,"tier":"hard","length_m":6,"district":"七堵區"},"geometry":{"type":"MultiLineString","coordinates":[[[121.68809,25.13332],[121.68803,25.13333]]]}},{"type":"Feature","properties":{"name":"瑪新橋","base":"瑪新橋","section":null,"tier":"hard","length_m":8,"district":"七堵區"},"geometry":{"type":"MultiLineString","coordinates":[[[121.69694,25.12749],[121.69693,25.12756]]]}},{"type":"Feature","properties":{"name":"瑪東橋","base":"瑪東橋","section":null,"tier":"hard","length_m":7,"district":"七堵區"},"geometry":{"type":"MultiLineString","coordinates":[[[121.69511,25.11688],[121.69518,25.11688]]]}},{"type":"Feature","properties":{"name":"瑪陵隧道","base":"瑪陵隧道","section":null,"tier":"easy","length_m":1265,"district":"七堵區"},"geometry":{"type":"MultiLineString","coordinates":[[[121.69695,25.12911],[121.69703,25.12989],[121.69712,25.13057],[121.69723,25.13107],[121.69752,25.1317],[121.69782,25.13216],[121.70292,25.13891]]]}},{"type":"Feature","properties":{"name":"環港街","base":"環港街","section":null,"tier":"hard","length_m":590,"district":"中正區"},"geometry":{"type":"MultiLineString","coordinates":[[[121.79402,25.13967],[121.7937,25.14002],[121.79145,25.14264]],[[121.79145,25.14264],[121.79046,25.14379],[121.79041,25.14385]]]}},{"type":"Feature","properties":{"name":"百一街","base":"百一街","section":null,"tier":"hard","length_m":798,"district":"七堵區","area":"六堵"},"geometry":{"type":"MultiLineString","coordinates":[[[121.70057,25.08136],[121.7005,25.08127],[121.70041,25.08121],[121.70023,25.08111],[121.69953,25.08092],[121.69822,25.0805],[121.69811,25.08047],[121.69759,25.08031],[121.69621,25.07989],[121.69531,25.07961],[121.69515,25.07957],[121.69478,25.07949],[121.69435,25.07949],[121.69312,25.07952],[121.69304,25.07952]]]}},{"type":"Feature","properties":{"name":"百七街","base":"百七街","section":null,"tier":"hard","length_m":365,"district":"七堵區","area":"六堵"},"geometry":{"type":"MultiLineString","coordinates":[[[121.6979,25.08705],[121.69755,25.08698],[121.69717,25.08691],[121.6968,25.08684],[121.69627,25.08674],[121.69621,25.08672],[121.69563,25.08661],[121.69436,25.08636]]]}},{"type":"Feature","properties":{"name":"百七街101巷","base":"百七街101巷","section":null,"tier":"hard","length_m":71,"lane":true,"district":"七堵區","area":"六堵"},"geometry":{"type":"MultiLineString","coordinates":[[[121.69698,25.08751],[121.69702,25.08749],[121.69717,25.08691]]]}},{"type":"Feature","properties":{"name":"百七街71巷","base":"百七街71巷","section":null,"tier":"hard","length_m":171,"lane":true,"district":"七堵區","area":"六堵"},"geometry":{"type":"MultiLineString","coordinates":[[[121.69627,25.08674],[121.69614,25.08722],[121.69607,25.08744]],[[121.69614,25.08722],[121.69693,25.08751],[121.69698,25.08751]]]}},{"type":"Feature","properties":{"name":"百三街","base":"百三街","section":null,"tier":"hard","length_m":527,"district":"七堵區","area":"六堵"},"geometry":{"type":"MultiLineString","coordinates":[[[121.69917,25.08241],[121.69915,25.08231],[121.69913,25.08224],[121.69909,25.08217],[121.69903,25.08212],[121.69893,25.08204],[121.69886,25.08199],[121.69875,25.08195],[121.69864,25.08192],[121.69852,25.08191],[121.69823,25.0819],[121.69791,25.0819],[121.69745,25.08189],[121.69643,25.08187],[121.69629,25.08187],[121.69515,25.08187],[121.69505,25.08186],[121.69449,25.08185],[121.69435,25.08184],[121.6943,25.08184]],[[121.6943,25.08184],[121.69423,25.08185]]]}},{"type":"Feature","properties":{"name":"百二街","base":"百二街","section":null,"tier":"hard","length_m":619,"district":"七堵區","area":"六堵"},"geometry":{"type":"MultiLineString","coordinates":[[[121.69963,25.08274],[121.69987,25.082],[121.69989,25.08189],[121.69988,25.08178],[121.69986,25.08172],[121.69982,25.08165],[121.69975,25.08159],[121.69963,25.08154],[121.69932,25.08143],[121.69881,25.08127],[121.6981,25.08103],[121.69733,25.08079],[121.69714,25.08073],[121.69704,25.0807],[121.69693,25.08068],[121.69681,25.08069],[121.69639,25.08072],[121.69576,25.08078],[121.69514,25.08084]]]}},{"type":"Feature","properties":{"name":"百五街","base":"百五街","section":null,"tier":"hard","length_m":466,"district":"七堵區","area":"六堵"},"geometry":{"type":"MultiLineString","coordinates":[[[121.69948,25.0844],[121.69868,25.08426],[121.69749,25.08405],[121.6969,25.08395]],[[121.6969,25.08395],[121.69655,25.08388],[121.69613,25.08381],[121.69494,25.0836]]]}},{"type":"Feature","properties":{"name":"百六街","base":"百六街","section":null,"tier":"hard","length_m":525,"district":"七堵區","area":"六堵"},"geometry":{"type":"MultiLineString","coordinates":[[[121.69382,25.08481],[121.6939,25.08482],[121.69398,25.08484],[121.69427,25.0849],[121.69463,25.08498],[121.69557,25.08517],[121.69595,25.08525],[121.69627,25.08531],[121.6966,25.08538],[121.69719,25.08549],[121.69828,25.08572],[121.69882,25.08582],[121.6989,25.08579]]]}},{"type":"Feature","properties":{"name":"百六街107巷","base":"百六街107巷","section":null,"tier":"hard","length_m":155,"lane":true,"district":"七堵區","area":"六堵"},"geometry":{"type":"MultiLineString","coordinates":[[[121.6968,25.08684],[121.69704,25.08593],[121.69719,25.08549]]]}},{"type":"Feature","properties":{"name":"百福橋","base":"百福橋","section":null,"tier":"hard","length_m":110,"district":"七堵區","area":"六堵"},"geometry":{"type":"MultiLineString","coordinates":[[[121.69268,25.08459],[121.6937,25.08478]],[[121.69263,25.08458],[121.69268,25.08459]]]}},{"type":"Feature","properties":{"name":"碇內街","base":"碇內街","section":null,"tier":"hard","length_m":1435,"district":"暖暖區"},"geometry":{"type":"MultiLineString","coordinates":[[[121.75448,25.09057],[121.75429,25.09053],[121.75423,25.09053],[121.75416,25.09056],[121.7541,25.09059],[121.75402,25.09063],[121.75399,25.09067],[121.75382,25.09097],[121.75379,25.091],[121.75376,25.09103],[121.75372,25.09104],[121.75368,25.09104],[121.75363,25.09103],[121.7536,25.09101],[121.75352,25.09084],[121.75343,25.09064],[121.75295,25.0906],[121.75293,25.09053],[121.7529,25.09042],[121.75285,25.09025],[121.75282,25.09017],[121.75277,25.09],[121.75274,25.08989]],[[121.7546,25.09872],[121.75461,25.09865],[121.75465,25.09848],[121.75488,25.09743],[121.75496,25.09721],[121.75504,25.09707],[121.75522,25.09681],[121.75532,25.09661]],[[121.75276,25.08832],[121.75276,25.08836],[121.75276,25.08858],[121.75275,25.08862],[121.75275,25.08881],[121.75275,25.08887],[121.75274,25.08905],[121.75274,25.0891],[121.75274,25.08928],[121.75274,25.08935],[121.75273,25.08951],[121.75273,25.08956],[121.75273,25.08974],[121.75272,25.08982]],[[121.75465,25.09629],[121.75532,25.09661]],[[121.75465,25.09629],[121.75479,25.09598],[121.75486,25.09521],[121.75483,25.09505],[121.75471,25.09473],[121.75455,25.09403],[121.75451,25.09373],[121.75447,25.09311],[121.75442,25.09285],[121.75444,25.09274],[121.7545,25.09255],[121.75453,25.09243],[121.75451,25.09229],[121.7544,25.09212],[121.75437,25.09205],[121.75435,25.09193],[121.75434,25.09179],[121.75433,25.09161],[121.75435,25.0913],[121.75437,25.09119],[121.75445,25.0908],[121.75448,25.09057]]]}},{"type":"Feature","properties":{"name":"社寮橋","base":"社寮橋","section":null,"tier":"medium","length_m":219,"district":"中正區"},"geometry":{"type":"MultiLineString","coordinates":[[[121.77337,25.15514],[121.7733,25.15536],[121.77292,25.15658],[121.77277,25.15703]]]}},{"type":"Feature","properties":{"name":"祥豐街","base":"祥豐街","section":null,"tier":"medium","length_m":1754,"district":"中正區"},"geometry":{"type":"MultiLineString","coordinates":[[[121.76209,25.1413],[121.76197,25.14129],[121.76187,25.14129],[121.76177,25.14132]],[[121.76209,25.1413],[121.76367,25.14198],[121.76375,25.14201],[121.76401,25.14212],[121.76417,25.1422],[121.76424,25.14223],[121.76447,25.14237],[121.76477,25.14261],[121.76489,25.14272],[121.7652,25.14298],[121.76584,25.1435],[121.76619,25.14378],[121.76645,25.14398],[121.76661,25.14409],[121.76672,25.14416],[121.76706,25.14431],[121.76759,25.14455],[121.7677,25.1446],[121.76788,25.14471],[121.76821,25.14497],[121.76866,25.14533],[121.7689,25.14552],[121.769,25.1456],[121.76961,25.14594],[121.77009,25.14638],[121.7703,25.1466],[121.77048,25.14689],[121.77123,25.14817],[121.77138,25.14854],[121.77173,25.14938],[121.7718,25.14951],[121.7722,25.14989],[121.77222,25.14992],[121.77224,25.14994],[121.77225,25.14997],[121.77226,25.14999],[121.77227,25.15001],[121.77228,25.15004],[121.77229,25.15006],[121.77229,25.15009],[121.77229,25.15011],[121.77225,25.15059],[121.77225,25.15066]],[[121.77225,25.15066],[121.77223,25.15073],[121.77218,25.15083],[121.77213,25.15092],[121.77208,25.15098],[121.77204,25.15103]],[[121.76177,25.14132],[121.76144,25.1414],[121.76121,25.14146],[121.76052,25.14193]]]}},{"type":"Feature","properties":{"name":"祥龍橋","base":"祥龍橋","section":null,"tier":"hard","length_m":49,"district":"仁愛區"},"geometry":{"type":"MultiLineString","coordinates":[[[121.75271,25.12839],[121.75269,25.12829],[121.75266,25.12805],[121.75265,25.12795]]]}},{"type":"Feature","properties":{"name":"福一街","base":"福一街","section":null,"tier":"hard","length_m":827,"district":"七堵區","area":"六堵"},"geometry":{"type":"MultiLineString","coordinates":[[[121.69514,25.0812],[121.69515,25.08187],[121.69516,25.08252],[121.69516,25.08255],[121.6951,25.08285],[121.69505,25.08306],[121.695,25.08333],[121.69494,25.0836],[121.69478,25.08429],[121.69467,25.08473],[121.69463,25.08498],[121.69452,25.08554],[121.69436,25.08636],[121.69428,25.08672],[121.69419,25.08686],[121.69416,25.0869]],[[121.69515,25.07957],[121.69514,25.08016],[121.69513,25.08028],[121.69514,25.08084],[121.69514,25.0812]]]}},{"type":"Feature","properties":{"name":"福三街","base":"福三街","section":null,"tier":"hard","length_m":421,"district":"七堵區","area":"六堵"},"geometry":{"type":"MultiLineString","coordinates":[[[121.69829,25.08034],[121.69825,25.08042],[121.69822,25.0805],[121.6982,25.08056],[121.6981,25.08103],[121.69791,25.0819],[121.69782,25.08263],[121.69763,25.08351],[121.69749,25.08405]]]}},{"type":"Feature","properties":{"name":"福二街","base":"福二街","section":null,"tier":"hard","length_m":870,"district":"七堵區","area":"六堵"},"geometry":{"type":"MultiLineString","coordinates":[[[121.69622,25.08257],[121.69615,25.0831],[121.69615,25.08325],[121.69615,25.08374],[121.69613,25.08381],[121.69607,25.08441],[121.69605,25.0845],[121.69602,25.08464],[121.69595,25.08525],[121.6958,25.08589],[121.69563,25.08661],[121.69551,25.08699],[121.69532,25.08754],[121.69526,25.08756]],[[121.69621,25.07989],[121.69626,25.08009],[121.69639,25.08072]],[[121.69639,25.08072],[121.69642,25.08095],[121.69641,25.08124],[121.69629,25.08187],[121.69622,25.08257]]]}},{"type":"Feature","properties":{"name":"福五街","base":"福五街","section":null,"tier":"hard","length_m":898,"district":"七堵區","area":"六堵"},"geometry":{"type":"MultiLineString","coordinates":[[[121.69687,25.09015],[121.69695,25.09012]],[[121.6975,25.08833],[121.69775,25.08753],[121.69784,25.08724],[121.6979,25.08705],[121.69794,25.08691],[121.69828,25.08572],[121.69848,25.08499],[121.69868,25.08426],[121.69896,25.08336],[121.69908,25.083],[121.69917,25.08263],[121.69917,25.08241]],[[121.69695,25.09012],[121.69702,25.09008],[121.6975,25.08833]]]}},{"type":"Feature","properties":{"name":"福五街8巷","base":"福五街8巷","section":null,"tier":"hard","length_m":101,"lane":true,"district":"七堵區","area":"六堵"},"geometry":{"type":"MultiLineString","coordinates":[[[121.69917,25.08263],[121.69963,25.08274],[121.70014,25.08287]]]}},{"type":"Feature","properties":{"name":"福六街","base":"福六街","section":null,"tier":"hard","length_m":526,"district":"七堵區","area":"六堵"},"geometry":{"type":"MultiLineString","coordinates":[[[121.6989,25.08579],[121.69948,25.0844],[121.70014,25.08287],[121.70043,25.08222],[121.70062,25.08174],[121.70064,25.08167],[121.70064,25.0816],[121.70063,25.08152],[121.7006,25.08143],[121.70057,25.08136]]]}},{"type":"Feature","properties":{"name":"福民橋","base":"福民橋","section":null,"tier":"hard","length_m":25,"district":"七堵區"},"geometry":{"type":"MultiLineString","coordinates":[[[121.67173,25.13767],[121.6718,25.13767],[121.67185,25.13766],[121.67191,25.13763],[121.67195,25.13759]]]}},{"type":"Feature","properties":{"name":"福民街","base":"福民街","section":null,"tier":"hard","length_m":432,"district":"信義區"},"geometry":{"type":"MultiLineString","coordinates":[[[121.77758,25.13098],[121.77752,25.13099],[121.77742,25.13104],[121.77722,25.13119],[121.77699,25.13136],[121.77676,25.13153],[121.77665,25.13162],[121.7763,25.13188],[121.77611,25.13202],[121.77564,25.13238],[121.77515,25.13274],[121.77483,25.13299],[121.77463,25.13313],[121.77444,25.13327],[121.77425,25.13341]]]}},{"type":"Feature","properties":{"name":"福虎橋","base":"福虎橋","section":null,"tier":"hard","length_m":47,"district":"信義區"},"geometry":{"type":"MultiLineString","coordinates":[[[121.75619,25.12847],[121.75619,25.12838],[121.75621,25.12812],[121.75622,25.12805]]]}},{"type":"Feature","properties":{"name":"立德路","base":"立德路","section":null,"tier":"hard","length_m":1636,"district":"中正區"},"geometry":{"type":"MultiLineString","coordinates":[[[121.76759,25.14455],[121.76771,25.14449],[121.76808,25.14442],[121.76831,25.14438],[121.76877,25.14431],[121.76926,25.14424],[121.7694,25.14419],[121.76949,25.14414],[121.76956,25.14409],[121.76959,25.14407],[121.76967,25.14399],[121.76979,25.14382],[121.76983,25.14378],[121.76988,25.14376],[121.76997,25.14373],[121.77036,25.14371],[121.77058,25.14371],[121.77074,25.14372],[121.77104,25.14355],[121.77146,25.14335],[121.7716,25.14328],[121.77169,25.14327],[121.77181,25.14329],[121.77192,25.14331],[121.77205,25.14334],[121.77214,25.14334],[121.7723,25.14328],[121.7724,25.14319],[121.7725,25.14301],[121.77257,25.14288],[121.77264,25.14277],[121.77282,25.14261],[121.77293,25.14252],[121.77299,25.14246],[121.773,25.1424],[121.773,25.1423],[121.77299,25.14225],[121.77297,25.1422],[121.77296,25.14215],[121.7729,25.14205],[121.77289,25.14194],[121.77291,25.14184],[121.77296,25.14175],[121.77304,25.14165],[121.77304,25.14153],[121.77301,25.14147],[121.77294,25.14143],[121.77285,25.14141],[121.77274,25.1414],[121.77266,25.14136],[121.77256,25.14128],[121.77248,25.1412],[121.77241,25.14109],[121.77234,25.14101],[121.77232,25.14096],[121.77232,25.1409],[121.77236,25.14083],[121.77241,25.14079],[121.77247,25.14076],[121.77259,25.14076],[121.77272,25.14083],[121.77282,25.14091],[121.77287,25.14097],[121.77293,25.14102],[121.77301,25.14107],[121.77316,25.14108],[121.77339,25.14107],[121.77357,25.14102],[121.77371,25.14098]],[[121.77371,25.14098],[121.77378,25.14088],[121.77394,25.14068],[121.77403,25.14051],[121.77406,25.14045],[121.7741,25.14036],[121.77411,25.14031],[121.7741,25.14024],[121.77408,25.1402],[121.77403,25.14016],[121.77399,25.14014],[121.77395,25.14013],[121.7739,25.14013],[121.77379,25.14014],[121.77322,25.14018],[121.77311,25.1402],[121.77305,25.14019],[121.77298,25.14018],[121.77292,25.14015],[121.77287,25.14011],[121.77282,25.14],[121.77279,25.13991],[121.77267,25.1393],[121.77259,25.1391],[121.77251,25.13891],[121.77249,25.13881],[121.77249,25.13871],[121.77248,25.13857],[121.77244,25.13846],[121.77239,25.13838],[121.7716,25.13774],[121.77124,25.13754],[121.7712,25.13752],[121.77117,25.13747],[121.77116,25.13743],[121.77114,25.13739],[121.77114,25.13735],[121.77115,25.13732],[121.77117,25.13725],[121.77128,25.1372]]]}},{"type":"Feature","properties":{"name":"第三號橋","base":"第三號橋","section":null,"tier":"medium","length_m":31,"district":"安樂區"},"geometry":{"type":"MultiLineString","coordinates":[[[121.71965,25.13235],[121.71946,25.13213]]]}},{"type":"Feature","properties":{"name":"粗坑口路1巷","base":"粗坑口路1巷","section":null,"tier":"hard","length_m":122,"lane":true,"district":"暖暖區"},"geometry":{"type":"MultiLineString","coordinates":[[[121.75819,25.08481],[121.75825,25.08477],[121.75832,25.08462],[121.75847,25.08453],[121.75861,25.08449],[121.75876,25.08447],[121.75896,25.08445],[121.75914,25.08444],[121.75924,25.08444]]]}},{"type":"Feature","properties":{"name":"精一路","base":"精一路","section":null,"tier":"hard","length_m":133,"district":"仁愛區"},"geometry":{"type":"MultiLineString","coordinates":[[[121.74101,25.12592],[121.74124,25.12624],[121.74152,25.12668],[121.74157,25.12675],[121.74165,25.12687],[121.7417,25.12694]]]}},{"type":"Feature","properties":{"name":"綠葉街","base":"綠葉街","section":null,"tier":"hard","length_m":1199,"district":"七堵區"},"geometry":{"type":"MultiLineString","coordinates":[[[121.66476,25.09193],[121.66468,25.09163],[121.66453,25.09112],[121.66452,25.0908],[121.66477,25.09049],[121.66489,25.09038]],[[121.6672,25.09304],[121.66707,25.09326],[121.667,25.09331],[121.66678,25.09331],[121.66662,25.09332],[121.6665,25.0933],[121.66641,25.09322],[121.66591,25.09261],[121.66582,25.09255],[121.66565,25.09252],[121.66466,25.09238],[121.66445,25.09233],[121.66434,25.0922],[121.6642,25.09177],[121.66392,25.09085],[121.66396,25.09067],[121.66427,25.09032],[121.6644,25.09022],[121.66469,25.0903],[121.66489,25.09038]],[[121.66781,25.09041],[121.66753,25.09057],[121.66686,25.09125],[121.66653,25.09138],[121.66628,25.0914],[121.66608,25.09141],[121.66572,25.09143],[121.66538,25.09146],[121.66468,25.09163]]]}},{"type":"Feature","properties":{"name":"綠葉街107巷","base":"綠葉街107巷","section":null,"tier":"hard","length_m":322,"lane":true,"district":"七堵區"},"geometry":{"type":"MultiLineString","coordinates":[[[121.66555,25.0889],[121.66533,25.08886],[121.66511,25.0889],[121.66503,25.08894],[121.66495,25.08921],[121.66486,25.0895],[121.66475,25.08969]],[[121.66489,25.09038],[121.66534,25.08963],[121.66543,25.08937],[121.66555,25.0889]]]}},{"type":"Feature","properties":{"name":"綠葉街30巷","base":"綠葉街30巷","section":null,"tier":"hard","length_m":334,"lane":true,"district":"七堵區"},"geometry":{"type":"MultiLineString","coordinates":[[[121.66846,25.09152],[121.66831,25.09164],[121.66824,25.09175],[121.66798,25.09225],[121.66791,25.09233],[121.66784,25.09235],[121.66773,25.09235],[121.66697,25.09236],[121.66688,25.09234],[121.66654,25.09194],[121.66643,25.09187],[121.66591,25.09191]]]}},{"type":"Feature","properties":{"name":"綠葉街32巷","base":"綠葉街32巷","section":null,"tier":"hard","length_m":243,"lane":true,"district":"七堵區"},"geometry":{"type":"MultiLineString","coordinates":[[[121.66572,25.09143],[121.66585,25.09185],[121.66591,25.09191],[121.66628,25.09233],[121.66682,25.09291],[121.6672,25.09304]]]}},{"type":"Feature","properties":{"name":"綠葉街56巷","base":"綠葉街56巷","section":null,"tier":"hard","length_m":99,"lane":true,"district":"七堵區"},"geometry":{"type":"MultiLineString","coordinates":[[[121.66571,25.0921],[121.66491,25.09199],[121.66481,25.09197],[121.66476,25.09193]]]}},{"type":"Feature","properties":{"name":"綠葉街67巷","base":"綠葉街67巷","section":null,"tier":"hard","length_m":217,"lane":true,"district":"七堵區"},"geometry":{"type":"MultiLineString","coordinates":[[[121.66582,25.08968],[121.66533,25.09052],[121.66532,25.0907],[121.66535,25.09082],[121.66552,25.09113],[121.66572,25.09143]]]}},{"type":"Feature","properties":{"name":"美猴橋","base":"美猴橋","section":null,"tier":"hard","length_m":48,"district":"仁愛區"},"geometry":{"type":"MultiLineString","coordinates":[[[121.74637,25.12968],[121.74633,25.12961],[121.74618,25.12939],[121.74617,25.12937],[121.74613,25.12931]]]}},{"type":"Feature","properties":{"name":"義一路","base":"義一路","section":null,"tier":"easy","length_m":1602,"district":"中正區"},"geometry":{"type":"MultiLineString","coordinates":[[[121.74492,25.13174],[121.74496,25.13181],[121.74521,25.13219],[121.74553,25.13267],[121.74613,25.13357],[121.74674,25.13449],[121.74701,25.1349],[121.74734,25.13539],[121.74785,25.13616],[121.74812,25.13657],[121.74817,25.13665]],[[121.7443,25.13081],[121.74436,25.13091],[121.74488,25.13169],[121.74492,25.13174]],[[121.74817,25.13697],[121.74815,25.13706]],[[121.7481,25.13705],[121.74811,25.13695],[121.74812,25.13667]],[[121.74817,25.13665],[121.74817,25.13697]],[[121.74812,25.13667],[121.7478,25.13619],[121.74759,25.13588],[121.74757,25.13584],[121.74729,25.13542],[121.74701,25.135],[121.74696,25.13493],[121.74669,25.13452],[121.74608,25.1336],[121.74548,25.1327],[121.7449,25.13184],[121.74486,25.13177],[121.74483,25.13172],[121.74431,25.13094],[121.74424,25.13084]]]}},{"type":"Feature","properties":{"name":"義七路（信義區2）","base":"義七路（信義區2）","section":null,"tier":"hard","length_m":136,"district":"信義區"},"geometry":{"type":"MultiLineString","coordinates":[[[121.75504,25.13385],[121.75511,25.13346],[121.7551,25.13337],[121.75504,25.13324],[121.75487,25.13306],[121.75486,25.13302],[121.75486,25.13299],[121.75487,25.13293],[121.75488,25.13284],[121.75488,25.13274],[121.75487,25.1327]]]}},{"type":"Feature","properties":{"name":"義七路（信義區）","base":"義七路（信義區）","section":null,"tier":"hard","length_m":119,"district":"信義區"},"geometry":{"type":"MultiLineString","coordinates":[[[121.75284,25.12945],[121.75278,25.129],[121.75274,25.12868],[121.75271,25.12839]]]}},{"type":"Feature","properties":{"name":"義三路","base":"義三路","section":null,"tier":"hard","length_m":121,"district":"信義區"},"geometry":{"type":"MultiLineString","coordinates":[[[121.747,25.13061],[121.74676,25.13023],[121.74663,25.13005],[121.74637,25.12968]]]}},{"type":"Feature","properties":{"name":"義九路","base":"義九路","section":null,"tier":"hard","length_m":68,"district":"信義區"},"geometry":{"type":"MultiLineString","coordinates":[[[121.75613,25.12908],[121.75619,25.12847]]]}},{"type":"Feature","properties":{"name":"義二路","base":"義二路","section":null,"tier":"hard","length_m":892,"district":"中正區"},"geometry":{"type":"MultiLineString","coordinates":[[[121.74855,25.13581],[121.74875,25.13611]],[[121.74875,25.13611],[121.74892,25.1364],[121.74898,25.13646],[121.74903,25.13652],[121.74929,25.13669]],[[121.74929,25.13669],[121.74973,25.13695],[121.74987,25.13703]],[[121.74499,25.13043],[121.74505,25.13051],[121.74561,25.13136],[121.74586,25.13176],[121.7459,25.13181],[121.7462,25.13227],[121.74672,25.13302],[121.74683,25.13318],[121.74713,25.13364],[121.74744,25.1341],[121.74765,25.13442],[121.7477,25.1345],[121.74803,25.13501],[121.74826,25.13537],[121.74855,25.13581]]]}},{"type":"Feature","properties":{"name":"義五路","base":"義五路","section":null,"tier":"hard","length_m":120,"district":"信義區"},"geometry":{"type":"MultiLineString","coordinates":[[[121.74926,25.12872],[121.7493,25.12913],[121.74939,25.12979]]]}},{"type":"Feature","properties":{"name":"義六路","base":"義六路","section":null,"tier":"hard","length_m":270,"district":"信義區"},"geometry":{"type":"MultiLineString","coordinates":[[[121.75129,25.13098],[121.75122,25.13045],[121.75122,25.1304],[121.75112,25.12962],[121.75099,25.12857]]]}},{"type":"Feature","properties":{"name":"義四路","base":"義四路","section":null,"tier":"hard","length_m":140,"district":"信義區"},"geometry":{"type":"MultiLineString","coordinates":[[[121.74783,25.12887],[121.74805,25.1293],[121.74809,25.12938],[121.74814,25.12951],[121.74836,25.13003]]]}},{"type":"Feature","properties":{"name":"翠谷橋","base":"翠谷橋","section":null,"tier":"hard","length_m":18,"district":"七堵區"},"geometry":{"type":"MultiLineString","coordinates":[[[121.68651,25.11105],[121.68666,25.11096]]]}},{"type":"Feature","properties":{"name":"自來街","base":"自來街","section":null,"tier":"hard","length_m":81,"district":"仁愛區"},"geometry":{"type":"MultiLineString","coordinates":[[[121.73882,25.12746],[121.73883,25.12744],[121.73886,25.12742],[121.73889,25.1274],[121.73915,25.12736],[121.73919,25.12735],[121.73934,25.12735],[121.73939,25.12735],[121.73944,25.12737],[121.73955,25.12745]]]}},{"type":"Feature","properties":{"name":"自強橋（七堵區）","base":"自強橋（七堵區）","section":null,"tier":"hard","length_m":24,"district":"七堵區"},"geometry":{"type":"MultiLineString","coordinates":[[[121.71286,25.10148],[121.71263,25.10142]]]}},{"type":"Feature","properties":{"name":"自強橋（安樂區）","base":"自強橋（安樂區）","section":null,"tier":"medium","length_m":31,"district":"安樂區"},"geometry":{"type":"MultiLineString","coordinates":[[[121.72274,25.12023],[121.72296,25.12042]]]}},{"type":"Feature","properties":{"name":"自強產業道路","base":"自強產業道路","section":null,"tier":"hard","length_m":2938,"district":"七堵區"},"geometry":{"type":"MultiLineString","coordinates":[[[121.71064,25.12061],[121.7108,25.12045],[121.71085,25.12037],[121.71088,25.12023],[121.71091,25.12015],[121.71101,25.12002],[121.71105,25.11994],[121.71107,25.11982],[121.71105,25.11975],[121.71098,25.1197],[121.71089,25.1197],[121.71065,25.1198],[121.71057,25.11983],[121.71049,25.11982],[121.7104,25.11977],[121.71036,25.1197],[121.71028,25.11953],[121.71023,25.11948],[121.71014,25.11946],[121.71004,25.11943],[121.70988,25.11941],[121.70973,25.11943],[121.70958,25.11948],[121.70945,25.11956],[121.70935,25.11964],[121.70915,25.11982],[121.70892,25.11993],[121.70855,25.12017],[121.70835,25.12024],[121.70821,25.12026],[121.70809,25.12026],[121.70798,25.12021],[121.70789,25.12014],[121.70761,25.12],[121.7075,25.11993],[121.70727,25.11969],[121.70719,25.11961],[121.70691,25.11918],[121.70687,25.11914],[121.70677,25.11911],[121.70666,25.1191],[121.70652,25.11915],[121.70639,25.11922],[121.70617,25.11938],[121.70603,25.11945],[121.70583,25.11965],[121.70573,25.11975],[121.70557,25.11983],[121.70539,25.1199],[121.70524,25.12004],[121.7048,25.12027],[121.70459,25.12028],[121.70411,25.12],[121.70385,25.1199],[121.70381,25.11987],[121.70378,25.1198],[121.70388,25.1192],[121.70402,25.11899],[121.7041,25.11892],[121.70432,25.11891],[121.70445,25.1189],[121.70456,25.11883],[121.70466,25.11872],[121.70484,25.11836],[121.70507,25.11824],[121.7051,25.11818],[121.70515,25.11767],[121.70511,25.11756],[121.70498,25.11732],[121.70492,25.1171],[121.70486,25.11694],[121.70486,25.11646],[121.7049,25.11627],[121.70495,25.11613],[121.70496,25.11606],[121.70487,25.11581],[121.70487,25.11569],[121.70494,25.11546],[121.70496,25.11537],[121.70492,25.11507],[121.70491,25.11467],[121.70489,25.11459],[121.70486,25.11453],[121.70479,25.1145],[121.7045,25.11444],[121.7043,25.11446],[121.70421,25.11448],[121.70411,25.11448],[121.70402,25.11441],[121.70399,25.11433],[121.70397,25.11419],[121.70397,25.11404],[121.70404,25.11388],[121.70417,25.1137],[121.70441,25.11359],[121.70452,25.11354],[121.70459,25.1135],[121.70461,25.11346],[121.70461,25.11342],[121.70456,25.11338],[121.70449,25.11336],[121.70442,25.11337],[121.70376,25.11373],[121.70341,25.1141],[121.70331,25.11417],[121.70314,25.1142],[121.70307,25.11418],[121.70303,25.11415],[121.703,25.1141],[121.70304,25.11402],[121.70322,25.11382],[121.70352,25.11332],[121.70367,25.11311],[121.7037,25.11303],[121.70367,25.11296],[121.70362,25.11294],[121.70356,25.11295],[121.70343,25.11307],[121.70319,25.11323],[121.70248,25.11407],[121.70243,25.11416],[121.70242,25.11435],[121.70239,25.11448],[121.70232,25.11463],[121.70218,25.11478],[121.70202,25.11511],[121.70198,25.11528],[121.70196,25.11556],[121.70193,25.11573],[121.70189,25.1158],[121.7018,25.11587],[121.70172,25.11595],[121.70162,25.11595],[121.7015,25.11602],[121.70129,25.11637],[121.70115,25.11647],[121.70091,25.11656],[121.70052,25.11675],[121.7004,25.11678],[121.7,25.11679]],[[121.69991,25.1168],[121.69977,25.1168],[121.69944,25.11682],[121.69932,25.11683]]]}},{"type":"Feature","properties":{"name":"自強路","base":"自強路","section":null,"tier":"hard","length_m":3373,"district":"安樂區"},"geometry":{"type":"MultiLineString","coordinates":[[[121.71133,25.12787],[121.71127,25.12785],[121.71122,25.12779],[121.71123,25.12759],[121.71121,25.12733],[121.71111,25.12705],[121.71093,25.12662],[121.71079,25.12647],[121.71056,25.12625],[121.71053,25.12611],[121.71045,25.12585],[121.71014,25.12522],[121.70999,25.12504],[121.70991,25.12494],[121.70985,25.12484],[121.70982,25.12473],[121.70985,25.12446],[121.70987,25.12425],[121.70993,25.12409],[121.70999,25.12401],[121.7101,25.12394],[121.71037,25.12388],[121.71048,25.12383],[121.71072,25.12366],[121.71094,25.12348],[121.71123,25.12328],[121.71137,25.12322],[121.71143,25.12316],[121.71145,25.12305],[121.71139,25.1229],[121.71136,25.12279],[121.71135,25.12271],[121.71143,25.12254],[121.71181,25.1221],[121.71194,25.12189],[121.71201,25.12168],[121.71214,25.12152],[121.71223,25.12144],[121.71234,25.12138],[121.71238,25.12135],[121.71241,25.1213],[121.7124,25.12126],[121.71236,25.12122],[121.71229,25.12123],[121.71222,25.12126],[121.71203,25.12142],[121.7119,25.1216],[121.71175,25.12173],[121.71123,25.12205],[121.71112,25.12208],[121.71106,25.12205],[121.71102,25.12198],[121.71099,25.12188],[121.71104,25.12174],[121.71133,25.12131],[121.71133,25.12126],[121.71132,25.1212],[121.71127,25.12114],[121.71118,25.12114],[121.7111,25.1212],[121.71091,25.12147],[121.71084,25.12153],[121.71075,25.12154],[121.71069,25.12152],[121.71064,25.12148],[121.7106,25.12138],[121.71059,25.12118],[121.71056,25.12112],[121.71046,25.12104],[121.71008,25.12083],[121.71005,25.1208],[121.71005,25.12071],[121.7101,25.12064],[121.71019,25.1206],[121.71032,25.12059],[121.71055,25.12059],[121.71064,25.12061],[121.71071,25.12062],[121.71079,25.12061],[121.71086,25.12054],[121.71093,25.12043],[121.71102,25.12023],[121.71118,25.12001],[121.71126,25.11978],[121.71128,25.11965],[121.71127,25.11954],[121.71122,25.11947],[121.71097,25.11937],[121.71087,25.11933],[121.71086,25.11928],[121.71088,25.11923],[121.71095,25.11918],[121.71142,25.11906],[121.71165,25.11897],[121.71178,25.11884],[121.71222,25.11814],[121.71224,25.11795],[121.71226,25.11764],[121.71226,25.11743],[121.71217,25.11729],[121.71203,25.11721],[121.71167,25.11703],[121.7115,25.11691],[121.71118,25.1166],[121.7108,25.11655],[121.71065,25.1165]],[[121.71287,25.11345],[121.71299,25.11331],[121.71308,25.1129],[121.71312,25.11269],[121.71313,25.11254],[121.71311,25.1124],[121.7131,25.1123],[121.71306,25.11224],[121.71302,25.11218],[121.71294,25.1121],[121.71285,25.112],[121.71281,25.11189],[121.71279,25.11175],[121.71282,25.11159],[121.71288,25.11106],[121.71291,25.11088],[121.7129,25.11072],[121.71287,25.11049],[121.71279,25.11017],[121.71282,25.10994],[121.71285,25.10969],[121.71274,25.10921],[121.71257,25.10844],[121.71254,25.10787],[121.71251,25.10778],[121.71243,25.10764],[121.71235,25.10757],[121.71224,25.1075],[121.71202,25.10738],[121.71199,25.10724],[121.71194,25.10702],[121.71191,25.10688]],[[121.71065,25.1165],[121.71064,25.11636],[121.71066,25.11613],[121.71071,25.11593],[121.7107,25.11587]],[[121.7107,25.11587],[121.71062,25.11573]],[[121.71062,25.11573],[121.71053,25.11554],[121.71055,25.11535],[121.7106,25.11522],[121.71073,25.11496],[121.71085,25.11478],[121.71104,25.11474],[121.71116,25.11471],[121.71129,25.11462],[121.71153,25.11439],[121.71184,25.11403],[121.71205,25.11383],[121.71234,25.11364],[121.71264,25.11345],[121.71273,25.11341]],[[121.71273,25.11341],[121.71287,25.11345]]]}},{"type":"Feature","properties":{"name":"自強隧道（七堵區）","base":"自強隧道（七堵區）","section":null,"tier":"easy","length_m":387,"district":"七堵區"},"geometry":{"type":"MultiLineString","coordinates":[[[121.70927,25.10097],[121.709,25.10084],[121.70851,25.10057],[121.70813,25.10033],[121.70767,25.1]],[[121.70772,25.09993],[121.70815,25.10023],[121.70858,25.10049],[121.70901,25.10073],[121.70932,25.10087]]]}},{"type":"Feature","properties":{"name":"自強隧道（安樂區）","base":"自強隧道（安樂區）","section":null,"tier":"medium","length_m":320,"district":"安樂區"},"geometry":{"type":"MultiLineString","coordinates":[[[121.72897,25.12487],[121.73014,25.12538],[121.73058,25.12559],[121.73158,25.12645]]]}},{"type":"Feature","properties":{"name":"自治北街","base":"自治北街","section":null,"tier":"hard","length_m":253,"district":"七堵區"},"geometry":{"type":"MultiLineString","coordinates":[[[121.71159,25.09925],[121.71166,25.09911],[121.71177,25.09885],[121.71193,25.09849],[121.7121,25.09812],[121.71222,25.09785],[121.71235,25.09755],[121.71251,25.09719],[121.71253,25.09714]]]}},{"type":"Feature","properties":{"name":"自治街","base":"自治街","section":null,"tier":"hard","length_m":283,"district":"七堵區"},"geometry":{"type":"MultiLineString","coordinates":[[[121.71374,25.09485],[121.71353,25.09511],[121.71348,25.09517],[121.71338,25.09539],[121.71323,25.09565],[121.71306,25.09599],[121.71292,25.09629],[121.71275,25.09667],[121.71253,25.09714]]]}},{"type":"Feature","properties":{"name":"自治街17巷","base":"自治街17巷","section":null,"tier":"hard","length_m":75,"lane":true,"district":"七堵區"},"geometry":{"type":"MultiLineString","coordinates":[[[121.7139,25.09594],[121.71323,25.09565]]]}},{"type":"Feature","properties":{"name":"自治街28巷","base":"自治街28巷","section":null,"tier":"hard","length_m":248,"lane":true,"district":"七堵區","area":"六堵"},"geometry":{"type":"MultiLineString","coordinates":[[[121.71063,25.09554],[121.7109,25.09552],[121.71187,25.09589],[121.71292,25.09629]]]}},{"type":"Feature","properties":{"name":"自治街38巷","base":"自治街38巷","section":null,"tier":"hard","length_m":145,"lane":true,"district":"七堵區","area":"六堵"},"geometry":{"type":"MultiLineString","coordinates":[[[121.71323,25.09565],[121.7129,25.09553],[121.71264,25.09545],[121.71257,25.09544],[121.71214,25.09534],[121.71202,25.09558]]]}},{"type":"Feature","properties":{"name":"自治街52巷","base":"自治街52巷","section":null,"tier":"hard","length_m":72,"lane":true,"district":"七堵區","area":"六堵"},"geometry":{"type":"MultiLineString","coordinates":[[[121.71338,25.09539],[121.71272,25.09515]]]}},{"type":"Feature","properties":{"name":"興隆街","base":"興隆街","section":null,"tier":"hard","length_m":2685,"district":"暖暖區"},"geometry":{"type":"MultiLineString","coordinates":[[[121.74386,25.10306],[121.74415,25.10305],[121.74439,25.10307],[121.74495,25.10315],[121.74543,25.10316],[121.74595,25.10334],[121.74629,25.10335],[121.74695,25.10237],[121.74722,25.1019],[121.74755,25.10136],[121.74774,25.10125],[121.74857,25.10092],[121.74934,25.10077],[121.74987,25.1007],[121.75015,25.1007],[121.75055,25.10073],[121.75093,25.10076],[121.75187,25.10105],[121.75219,25.10108],[121.75242,25.10117],[121.75279,25.10121],[121.75304,25.10126],[121.75376,25.10156],[121.75448,25.10205],[121.75539,25.10269],[121.7564,25.10312],[121.75653,25.10347],[121.75685,25.10388],[121.75708,25.10405]],[[121.75093,25.10076],[121.75062,25.10117],[121.75039,25.10163],[121.75026,25.10202],[121.75004,25.10212],[121.74993,25.10212],[121.74933,25.10198],[121.74929,25.10198],[121.74926,25.10198],[121.74922,25.10198],[121.74907,25.102],[121.74901,25.10202],[121.74896,25.10204],[121.7479,25.10276],[121.74763,25.10297],[121.7475,25.10301],[121.74706,25.10328],[121.74677,25.10336],[121.74629,25.10335]],[[121.75708,25.10405],[121.75754,25.10403],[121.75774,25.10399]],[[121.74049,25.10336],[121.7405,25.10336],[121.74063,25.10335],[121.74154,25.10327],[121.74318,25.10312],[121.74386,25.10306]],[[121.75837,25.10401],[121.75806,25.10401],[121.75774,25.10399]]]}},{"type":"Feature","properties":{"name":"花源一街","base":"花源一街","section":null,"tier":"hard","length_m":191,"district":"信義區"},"geometry":{"type":"MultiLineString","coordinates":[[[121.76306,25.13308],[121.76328,25.13329],[121.76429,25.1343],[121.76436,25.1343]]]}},{"type":"Feature","properties":{"name":"花源七街","base":"花源七街","section":null,"tier":"hard","length_m":143,"district":"信義區"},"geometry":{"type":"MultiLineString","coordinates":[[[121.76422,25.13334],[121.76447,25.13312],[121.76524,25.13379]]]}},{"type":"Feature","properties":{"name":"花源三街","base":"花源三街","section":null,"tier":"hard","length_m":200,"district":"信義區"},"geometry":{"type":"MultiLineString","coordinates":[[[121.76334,25.13284],[121.76374,25.1332],[121.76475,25.13411]]]}},{"type":"Feature","properties":{"name":"花源九街","base":"花源九街","section":null,"tier":"hard","length_m":207,"district":"信義區"},"geometry":{"type":"MultiLineString","coordinates":[[[121.76542,25.13365],[121.76401,25.13229]]]}},{"type":"Feature","properties":{"name":"花源五街","base":"花源五街","section":null,"tier":"hard","length_m":206,"district":"信義區"},"geometry":{"type":"MultiLineString","coordinates":[[[121.76351,25.13269],[121.76422,25.13334],[121.76495,25.134]]]}},{"type":"Feature","properties":{"name":"草濫橋","base":"草濫橋","section":null,"tier":"easy","length_m":106,"district":"七堵區","area":"六堵"},"geometry":{"type":"MultiLineString","coordinates":[[[121.70754,25.09054],[121.70804,25.09074]],[[121.7079,25.09082],[121.70745,25.09062]]]}},{"type":"Feature","properties":{"name":"華一街","base":"華一街","section":null,"tier":"hard","length_m":36,"district":"仁愛區"},"geometry":{"type":"MultiLineString","coordinates":[[[121.73664,25.12725],[121.73695,25.12708]]]}},{"type":"Feature","properties":{"name":"華三街","base":"華三街","section":null,"tier":"hard","length_m":150,"district":"仁愛區"},"geometry":{"type":"MultiLineString","coordinates":[[[121.73617,25.12665],[121.73653,25.12645],[121.73744,25.12594]]]}},{"type":"Feature","properties":{"name":"華二街","base":"華二街","section":null,"tier":"hard","length_m":41,"district":"仁愛區"},"geometry":{"type":"MultiLineString","coordinates":[[[121.73643,25.127],[121.73677,25.12681],[121.73678,25.12681]]]}},{"type":"Feature","properties":{"name":"華新一路","base":"華新一路","section":null,"tier":"hard","length_m":4270,"district":"七堵區"},"geometry":{"type":"MultiLineString","coordinates":[[[121.66579,25.10272],[121.66583,25.10274],[121.66599,25.10269],[121.6664,25.10257],[121.66685,25.10233],[121.667,25.10229],[121.66713,25.10228],[121.66744,25.10236],[121.66756,25.1024],[121.66768,25.10241],[121.66788,25.10245],[121.66826,25.10261],[121.66836,25.10262],[121.66852,25.10263],[121.66871,25.10261],[121.6689,25.10261],[121.66911,25.10262],[121.66939,25.10268],[121.66949,25.10277],[121.66955,25.10287],[121.66966,25.10309],[121.66993,25.10356],[121.67053,25.1044],[121.67091,25.10496],[121.67104,25.10513],[121.67116,25.10539],[121.67127,25.10564],[121.6714,25.10582],[121.67144,25.106],[121.6715,25.10613],[121.67157,25.10623],[121.67167,25.10633],[121.67193,25.10646],[121.67207,25.10655],[121.67225,25.10675],[121.67248,25.10698],[121.67282,25.10718],[121.67309,25.10731],[121.67323,25.10736],[121.67343,25.10736],[121.67362,25.10729],[121.67384,25.10716],[121.67392,25.10711],[121.67405,25.107],[121.67423,25.10694],[121.6746,25.10684],[121.67491,25.10665],[121.67508,25.10656],[121.67521,25.1064],[121.6753,25.10636],[121.67543,25.10638],[121.6756,25.10648],[121.67586,25.10666],[121.67619,25.10679],[121.67666,25.10695],[121.67705,25.10706],[121.67709,25.10711],[121.67702,25.10721],[121.67667,25.10749]],[[121.66781,25.09041],[121.66771,25.0902],[121.66753,25.08987],[121.66747,25.08976],[121.66736,25.08949],[121.66731,25.0893],[121.6673,25.08907],[121.66736,25.08879],[121.66742,25.08865],[121.6675,25.08853],[121.66757,25.08844],[121.66773,25.0883],[121.66788,25.08817],[121.66804,25.08805],[121.66825,25.08794],[121.66846,25.08785],[121.66864,25.08778],[121.66886,25.0877],[121.66926,25.08761],[121.66981,25.08753],[121.66997,25.0875],[121.67025,25.08739],[121.67055,25.0873],[121.67094,25.08723],[121.67121,25.08715],[121.67142,25.08706],[121.67176,25.08686],[121.67209,25.08667],[121.67217,25.08659],[121.67222,25.08652],[121.67238,25.0862],[121.67255,25.08591],[121.67267,25.08566],[121.67295,25.08555],[121.67324,25.08543],[121.67336,25.08535],[121.67343,25.08524],[121.67348,25.08504],[121.67348,25.08496],[121.67347,25.08488]],[[121.66585,25.09637],[121.66576,25.0964],[121.66572,25.09643],[121.66566,25.09655],[121.66563,25.09674],[121.6657,25.09689],[121.66578,25.09701],[121.66591,25.09724],[121.66603,25.09744],[121.6661,25.09759],[121.66614,25.09777],[121.66618,25.0979],[121.66622,25.09807],[121.66622,25.0984],[121.66624,25.09857],[121.66627,25.09874],[121.66629,25.09887],[121.6663,25.09905],[121.66629,25.09939],[121.6663,25.0995]],[[121.66598,25.09632],[121.66606,25.09629],[121.66614,25.09616],[121.66625,25.09605],[121.66634,25.09597],[121.66669,25.09574],[121.66673,25.09572],[121.66695,25.09562],[121.66709,25.09558],[121.66724,25.09556],[121.6675,25.09556],[121.66776,25.09556],[121.66788,25.09556],[121.6681,25.09553],[121.66827,25.09546],[121.6684,25.09539],[121.66853,25.0953],[121.66866,25.09517],[121.66878,25.09499],[121.66909,25.09455],[121.66933,25.09412],[121.66938,25.09404]],[[121.66938,25.09404],[121.66927,25.09394]],[[121.66635,25.09976],[121.66639,25.09987],[121.66641,25.10009],[121.66642,25.10039],[121.66642,25.10057],[121.66634,25.10087],[121.66627,25.10113],[121.66626,25.10119],[121.66626,25.10132],[121.66623,25.10147],[121.66619,25.10168],[121.66613,25.10186],[121.66602,25.102],[121.66593,25.10206],[121.66589,25.10211],[121.6658,25.1022],[121.66569,25.10237],[121.66551,25.10264],[121.66559,25.10267]],[[121.67347,25.08488],[121.67344,25.0848],[121.67342,25.08471],[121.67341,25.08462]],[[121.66912,25.09383],[121.66913,25.09365],[121.66916,25.0935],[121.66921,25.09324],[121.66928,25.09288],[121.66931,25.0927],[121.66931,25.09255],[121.66927,25.09237],[121.66921,25.09226],[121.66914,25.09216],[121.66906,25.09207],[121.66888,25.0919],[121.66846,25.09152],[121.66833,25.09138],[121.66824,25.09127],[121.66815,25.09113],[121.66806,25.09094],[121.66794,25.09065],[121.66781,25.09041]],[[121.66551,25.10264],[121.66543,25.10287],[121.6653,25.10301],[121.66527,25.10309]]]}},{"type":"Feature","properties":{"name":"華新二路","base":"華新二路","section":null,"tier":"hard","length_m":18898,"district":"七堵區"},"geometry":{"type":"MultiLineString","coordinates":[[[121.6468,25.13956],[121.64691,25.13953],[121.64692,25.13947],[121.64694,25.13939],[121.64689,25.13899],[121.6469,25.1389],[121.64693,25.13872],[121.64685,25.13836],[121.64672,25.13794],[121.64665,25.13743],[121.64658,25.13697],[121.6465,25.13661],[121.64641,25.13645],[121.64605,25.13604],[121.64595,25.13584],[121.64584,25.13558],[121.64572,25.13539],[121.64563,25.13519],[121.64555,25.13497],[121.64551,25.13484],[121.6455,25.1347],[121.64553,25.13448],[121.64557,25.13421],[121.64561,25.13405],[121.64566,25.13388],[121.64571,25.13372],[121.64586,25.13348],[121.64609,25.13323],[121.64634,25.13313],[121.64649,25.1331],[121.64669,25.13304],[121.64683,25.13301],[121.64689,25.1331],[121.64682,25.13318],[121.64671,25.13325],[121.64635,25.13331],[121.64632,25.13335],[121.6463,25.13341],[121.64632,25.13345],[121.64639,25.13349],[121.64688,25.13348],[121.64708,25.13353],[121.64721,25.13364],[121.64735,25.13381],[121.64769,25.13431],[121.64784,25.13452],[121.64822,25.13486],[121.64851,25.13513],[121.64872,25.13537],[121.64891,25.13555],[121.64915,25.13571],[121.64926,25.13582],[121.64934,25.13598],[121.64939,25.13607],[121.64945,25.13613],[121.64958,25.13618],[121.64976,25.13619],[121.65009,25.13619],[121.65024,25.13621],[121.6503,25.13624],[121.65033,25.13629],[121.65033,25.13638],[121.65026,25.13674],[121.65021,25.13699],[121.65016,25.13721],[121.65029,25.13745],[121.65049,25.13777],[121.65052,25.1379],[121.65058,25.13802],[121.65065,25.13813],[121.65076,25.13823],[121.65085,25.1383],[121.65097,25.13837],[121.65138,25.13845],[121.65161,25.13848],[121.65168,25.13852],[121.65174,25.13857],[121.65187,25.13887],[121.65206,25.13923],[121.65214,25.13942],[121.6522,25.1395],[121.65227,25.13956],[121.65237,25.13959],[121.65245,25.13957],[121.65264,25.13945],[121.65277,25.13938],[121.65295,25.13934],[121.65321,25.13928],[121.65333,25.13925],[121.65341,25.13926],[121.6535,25.1393],[121.65354,25.13935],[121.6536,25.13943],[121.65377,25.13961],[121.65394,25.13971],[121.65408,25.13978],[121.65427,25.13991],[121.65454,25.13994],[121.65479,25.13993],[121.65501,25.13998],[121.65516,25.14006],[121.65538,25.14035],[121.65568,25.14069],[121.65596,25.14101],[121.65606,25.1411],[121.65619,25.14117],[121.65636,25.14126],[121.65655,25.14134]],[[121.63531,25.13865],[121.63513,25.13882],[121.63511,25.13891],[121.63515,25.13898],[121.63523,25.13907],[121.63549,25.13922],[121.63555,25.1393],[121.63555,25.13938],[121.63512,25.13984],[121.63494,25.14006],[121.63489,25.14013],[121.63489,25.14018],[121.63491,25.14027],[121.63497,25.14043],[121.63498,25.14052],[121.63493,25.14057],[121.63484,25.14061],[121.63473,25.14063],[121.63466,25.14068],[121.63463,25.14073],[121.63464,25.14082],[121.63482,25.14112],[121.63492,25.14128],[121.63513,25.1414],[121.63524,25.14153],[121.63532,25.14156],[121.63544,25.14156],[121.63564,25.14155],[121.63578,25.14156],[121.63594,25.14159],[121.6364,25.14175],[121.63646,25.1418],[121.63652,25.14185],[121.63684,25.14202],[121.63744,25.14237],[121.63751,25.14243],[121.63752,25.14247],[121.63752,25.14252],[121.63748,25.14255],[121.63742,25.14255],[121.63727,25.14248],[121.63714,25.14243],[121.63693,25.14238],[121.63674,25.14235],[121.63646,25.14236],[121.63599,25.14238],[121.63588,25.1424],[121.63585,25.14245],[121.63585,25.14247],[121.6359,25.14251],[121.6362,25.14255],[121.63645,25.14259],[121.63658,25.14264],[121.63668,25.1427],[121.63681,25.14281],[121.63702,25.14295],[121.63719,25.14297],[121.63739,25.14307],[121.63765,25.14318],[121.63778,25.14323],[121.6379,25.14326],[121.638,25.14326],[121.63819,25.14318],[121.63829,25.14311],[121.63837,25.14305],[121.63842,25.14304],[121.63849,25.14305],[121.63855,25.14308],[121.6386,25.14314],[121.63869,25.14325],[121.63896,25.14351],[121.63901,25.1436],[121.63903,25.14369],[121.63905,25.14377],[121.63913,25.14386],[121.63924,25.14392],[121.63932,25.14396],[121.6394,25.14397],[121.63949,25.14396],[121.63955,25.14396],[121.6398,25.14417],[121.63985,25.14423],[121.63985,25.1443],[121.63983,25.14434],[121.63974,25.14441],[121.63969,25.14446],[121.63968,25.14449],[121.63969,25.14453],[121.63972,25.14455],[121.63975,25.14457],[121.63991,25.14458],[121.64003,25.14461],[121.64018,25.14483],[121.64025,25.14486],[121.64035,25.14486],[121.64045,25.14483],[121.64056,25.14472],[121.64059,25.14468],[121.64065,25.14465],[121.64077,25.14463],[121.64111,25.14463],[121.64125,25.14468],[121.64136,25.14471],[121.64148,25.14469],[121.6418,25.14449],[121.64205,25.14436],[121.64213,25.1443],[121.64219,25.14422],[121.64226,25.14418],[121.64231,25.14416],[121.64237,25.14417],[121.64242,25.14422],[121.64244,25.14439],[121.64246,25.14443],[121.6425,25.14446],[121.64256,25.14447],[121.64266,25.14441],[121.64273,25.14429]],[[121.63865,25.1402],[121.63872,25.14028],[121.63882,25.14034],[121.63921,25.14048],[121.63964,25.14064],[121.63982,25.14088],[121.63987,25.14108],[121.63994,25.14115],[121.64009,25.14122],[121.64015,25.14122],[121.64023,25.14113],[121.64042,25.14107],[121.64059,25.14107],[121.64084,25.14119],[121.64093,25.14123],[121.64101,25.14124],[121.64109,25.14122],[121.64116,25.14117],[121.64131,25.14099],[121.64138,25.14099],[121.64143,25.141],[121.6415,25.14106],[121.64171,25.14152],[121.64184,25.14171],[121.64192,25.14202],[121.64202,25.14234],[121.64202,25.14281],[121.64195,25.14307],[121.6419,25.14327],[121.6417,25.1437],[121.64168,25.14376],[121.64168,25.14385],[121.64172,25.14388],[121.64182,25.14388],[121.64204,25.14383],[121.64216,25.14376],[121.6423,25.14367],[121.64237,25.14366],[121.64244,25.14369],[121.64259,25.14388],[121.64281,25.14415]],[[121.6685,25.13154],[121.66863,25.13142],[121.66874,25.13133],[121.66895,25.13119],[121.66912,25.13097],[121.66915,25.13076],[121.66907,25.13057],[121.66894,25.13038],[121.66882,25.13032],[121.66868,25.13026],[121.66837,25.13016],[121.66805,25.13002],[121.66786,25.12999],[121.66778,25.13006],[121.66796,25.1303],[121.668,25.13043],[121.66794,25.1305],[121.66775,25.13039],[121.66748,25.13017],[121.66711,25.12995],[121.66691,25.12982],[121.66686,25.12964],[121.66693,25.12943],[121.66685,25.12913],[121.66685,25.12889],[121.66683,25.12874],[121.6668,25.12857],[121.66689,25.12839],[121.66705,25.12817],[121.66722,25.12789],[121.66726,25.12772],[121.66731,25.12761],[121.6675,25.12748],[121.66768,25.12739],[121.66783,25.1272],[121.66788,25.12696],[121.66786,25.1267],[121.66788,25.12656],[121.66788,25.12642],[121.66789,25.12628],[121.66784,25.12609],[121.66781,25.12599],[121.66778,25.12579],[121.6678,25.12562],[121.66792,25.12546],[121.66805,25.12524],[121.66803,25.12503],[121.6679,25.12494],[121.66781,25.12474],[121.66777,25.12456],[121.6677,25.1244],[121.6676,25.12454],[121.6675,25.12481],[121.66742,25.12496],[121.66723,25.12515],[121.66715,25.12532],[121.66713,25.12546],[121.66703,25.12568],[121.66674,25.12581],[121.66646,25.12587],[121.66625,25.12596],[121.666,25.12601],[121.66576,25.12599],[121.66555,25.12586],[121.66536,25.12578],[121.66514,25.12577],[121.66492,25.12585],[121.66467,25.12604],[121.66449,25.12618],[121.66433,25.12624],[121.66418,25.12622],[121.66405,25.1261],[121.66403,25.12595],[121.66397,25.12581],[121.66392,25.12565],[121.66381,25.12556],[121.66372,25.12549],[121.66358,25.12546],[121.66342,25.12549],[121.66325,25.12549],[121.66298,25.12545],[121.66277,25.12537],[121.66273,25.12526],[121.66281,25.12515],[121.66287,25.12506],[121.66285,25.1249],[121.66281,25.12472],[121.66274,25.12451],[121.66269,25.12439],[121.66264,25.12424],[121.66263,25.12407],[121.66262,25.12394],[121.66251,25.12385],[121.66226,25.12373],[121.66205,25.12361],[121.66191,25.12346],[121.6618,25.12324],[121.6617,25.12303],[121.66166,25.12288],[121.66156,25.12278],[121.66152,25.12272],[121.6615,25.12261],[121.66157,25.12247],[121.66168,25.1224],[121.66189,25.12242],[121.66208,25.12251],[121.66227,25.12261],[121.66242,25.12269],[121.66251,25.1227],[121.66258,25.12268],[121.66263,25.12253],[121.6626,25.12239],[121.66256,25.12216],[121.66244,25.12196],[121.66236,25.12183],[121.66237,25.12164],[121.66241,25.12143],[121.66239,25.12128],[121.66234,25.12121],[121.66223,25.12115],[121.66222,25.12108],[121.6622,25.12092],[121.66211,25.1207],[121.66208,25.12065],[121.66212,25.12054],[121.66215,25.12033],[121.66217,25.12013],[121.66211,25.12001],[121.662,25.11986],[121.66198,25.11974],[121.66207,25.11957],[121.66214,25.11942],[121.66215,25.11927],[121.66209,25.11915],[121.66196,25.1191],[121.66181,25.1191],[121.66158,25.11916],[121.66133,25.11937],[121.66115,25.11954],[121.66102,25.11963],[121.66087,25.11968],[121.6606,25.11979],[121.66044,25.11981],[121.66029,25.11973],[121.6602,25.11963],[121.6601,25.11951],[121.66005,25.11936],[121.66006,25.11929],[121.66021,25.11915],[121.66037,25.11907],[121.66044,25.11896],[121.66054,25.11887],[121.66071,25.11852],[121.66085,25.1183],[121.66105,25.11788],[121.66092,25.11783],[121.66068,25.11776],[121.66056,25.11772],[121.66036,25.11756],[121.66026,25.11746],[121.66016,25.11739],[121.66007,25.11738],[121.65999,25.11739],[121.65982,25.11748],[121.65973,25.11749],[121.65963,25.11747],[121.65957,25.11739],[121.65956,25.1173],[121.65958,25.11718],[121.65961,25.11712],[121.65972,25.11698],[121.65976,25.11685]],[[121.65435,25.12591],[121.65451,25.12601],[121.65461,25.12611],[121.6547,25.12627],[121.65478,25.12664],[121.65483,25.12684],[121.65494,25.12719],[121.65495,25.12749],[121.65485,25.12762],[121.65465,25.12778],[121.65438,25.128],[121.65434,25.12809],[121.65435,25.12816],[121.65443,25.12819],[121.6546,25.12817],[121.65475,25.12817],[121.65484,25.12825],[121.65487,25.12835],[121.65482,25.12858],[121.65482,25.12873],[121.65487,25.12885],[121.65493,25.12895],[121.65497,25.12911],[121.65499,25.1293],[121.65504,25.12953],[121.65505,25.12966],[121.65509,25.13013],[121.65504,25.13021],[121.65495,25.13028],[121.65494,25.13032],[121.65494,25.13046],[121.65502,25.13065],[121.6551,25.13099],[121.6551,25.1313],[121.65514,25.13167],[121.65514,25.13181],[121.65502,25.13197],[121.65485,25.13204],[121.65473,25.13213],[121.65462,25.13243],[121.65456,25.1326],[121.65444,25.13271],[121.65418,25.13305],[121.65404,25.13334],[121.65401,25.13352],[121.65407,25.13391],[121.65402,25.13413],[121.6539,25.13435],[121.65386,25.13464],[121.65382,25.13478],[121.65369,25.13491],[121.65352,25.13498],[121.65336,25.135],[121.65322,25.13502],[121.65308,25.13506],[121.65304,25.13513],[121.65305,25.13517],[121.65312,25.13519],[121.65333,25.13514],[121.65344,25.13514],[121.65359,25.13519],[121.6537,25.13523],[121.6537,25.13531],[121.65364,25.1354],[121.65352,25.13551],[121.65338,25.13569],[121.65337,25.13575],[121.65335,25.13581],[121.65329,25.13585],[121.65305,25.13586],[121.65256,25.13583],[121.65239,25.13583],[121.65209,25.13576],[121.65188,25.13573],[121.65177,25.13571],[121.65166,25.13573],[121.65153,25.13582],[121.65138,25.13584],[121.6512,25.13581],[121.65103,25.13574],[121.65095,25.13571],[121.65086,25.13573],[121.65085,25.13578],[121.65089,25.13586],[121.65096,25.1359],[121.65114,25.13594],[121.65133,25.13598],[121.65144,25.13609],[121.65146,25.13626],[121.65137,25.1364],[121.65123,25.1365],[121.65112,25.13657],[121.65094,25.13656],[121.65081,25.13655],[121.6507,25.1366],[121.65053,25.1367],[121.65034,25.13689],[121.65021,25.13699]],[[121.66583,25.10274],[121.66575,25.10291],[121.66556,25.10321],[121.66553,25.10328],[121.66548,25.10352],[121.66545,25.10366],[121.66547,25.10378],[121.66548,25.1039],[121.66548,25.10405],[121.66545,25.10423],[121.66539,25.10438],[121.66527,25.10454],[121.6652,25.10469],[121.66513,25.10483],[121.66499,25.10497],[121.66489,25.10511],[121.66486,25.10526],[121.66487,25.10541],[121.66495,25.10569],[121.665,25.10581],[121.66512,25.10597],[121.66528,25.10616],[121.66556,25.10639],[121.66575,25.10651],[121.66587,25.10666],[121.66604,25.10691],[121.66613,25.1072],[121.66626,25.1074],[121.6664,25.10748],[121.66647,25.10757],[121.6665,25.1077],[121.66646,25.10783],[121.66636,25.10801],[121.66622,25.10826]],[[121.65131,25.12608],[121.65091,25.12602],[121.65061,25.12594],[121.65011,25.12584],[121.64983,25.12588],[121.64969,25.12594],[121.64954,25.12605],[121.64928,25.12631],[121.64896,25.1267],[121.64883,25.12686],[121.64864,25.1271],[121.6482,25.12762],[121.64814,25.12771],[121.64808,25.12775],[121.64789,25.12776],[121.64778,25.12782],[121.6477,25.12796],[121.64766,25.1281],[121.64765,25.12824],[121.64764,25.12863],[121.64754,25.12891],[121.6474,25.12928],[121.64738,25.12934],[121.64731,25.12935],[121.64695,25.12938],[121.64679,25.12942],[121.64656,25.12951],[121.64643,25.12963],[121.64639,25.12978],[121.64637,25.12989],[121.64626,25.13014],[121.64619,25.13026],[121.64613,25.13035],[121.64604,25.13044],[121.6459,25.13054],[121.64586,25.13064],[121.64583,25.13077],[121.64577,25.13091],[121.64567,25.13107],[121.6455,25.13125],[121.64523,25.1314],[121.64518,25.13145],[121.64511,25.13153],[121.64504,25.13162],[121.645,25.13172],[121.64492,25.13187],[121.64488,25.13195],[121.64476,25.13205],[121.64462,25.13214],[121.64444,25.13222],[121.64423,25.13228],[121.64409,25.13232],[121.64401,25.13235],[121.6439,25.13242],[121.64382,25.13249],[121.64376,25.13257],[121.64369,25.13268],[121.64361,25.13287],[121.64356,25.13299],[121.64353,25.13312],[121.64356,25.13328],[121.64359,25.13337],[121.64362,25.13345],[121.64368,25.13352],[121.64375,25.13357],[121.64387,25.13363],[121.64401,25.13376],[121.6441,25.13387],[121.6442,25.13402],[121.64422,25.13414],[121.64424,25.13424],[121.64422,25.13442],[121.64415,25.13469],[121.64417,25.13485],[121.64421,25.135],[121.64438,25.13522],[121.64459,25.1355],[121.6447,25.13576],[121.64487,25.13619],[121.64496,25.13627],[121.64516,25.13638],[121.64536,25.13659],[121.6456,25.13686],[121.64569,25.13712],[121.64575,25.13719],[121.64582,25.1372],[121.64586,25.1372],[121.64592,25.13717],[121.64596,25.1371],[121.64602,25.13682],[121.64599,25.13665],[121.64586,25.13645],[121.64578,25.13622],[121.64572,25.13593],[121.64569,25.13558],[121.64561,25.13538],[121.64563,25.13519]],[[121.66527,25.10309],[121.66512,25.1034],[121.66508,25.10361],[121.66505,25.10392],[121.665,25.10411],[121.66495,25.10442],[121.66489,25.10458],[121.66483,25.1047],[121.66475,25.10482],[121.66458,25.10493],[121.66448,25.10507],[121.66443,25.10523],[121.66444,25.10546],[121.66451,25.10566],[121.66462,25.10594],[121.66482,25.10628],[121.66501,25.10651],[121.66517,25.10668],[121.66549,25.10705],[121.66563,25.10723],[121.6657,25.1074],[121.66574,25.10763],[121.66574,25.10791],[121.66574,25.10816],[121.66567,25.10835],[121.66559,25.10874],[121.66552,25.10894],[121.66542,25.10905],[121.6653,25.10914],[121.66519,25.10924],[121.66509,25.10944],[121.66496,25.10954],[121.6649,25.10965],[121.66482,25.10989],[121.66479,25.11022],[121.66475,25.11057],[121.66476,25.11098],[121.66475,25.11117],[121.66466,25.11134],[121.66453,25.1115],[121.66437,25.11167],[121.66427,25.11182],[121.66422,25.11193],[121.66421,25.11205],[121.66422,25.11207],[121.66429,25.11222],[121.66434,25.11233],[121.66438,25.11246],[121.66441,25.11258],[121.66442,25.11284],[121.66443,25.1132],[121.6644,25.11355],[121.66438,25.11361],[121.66424,25.11382],[121.66412,25.1139],[121.66403,25.11413],[121.66392,25.11443],[121.66384,25.11453],[121.6637,25.11463],[121.66343,25.11466],[121.66321,25.11473],[121.66297,25.11491],[121.66255,25.11525],[121.66232,25.11537],[121.66207,25.11553],[121.66196,25.11577],[121.66181,25.11591],[121.66165,25.11615],[121.66153,25.11632],[121.66136,25.1164],[121.66109,25.11639],[121.66071,25.11633],[121.66032,25.11634],[121.6599,25.11646],[121.65986,25.11658]],[[121.65978,25.11681],[121.65976,25.11685],[121.65966,25.11692],[121.65952,25.11704],[121.65944,25.11712],[121.6594,25.11729],[121.65937,25.11752],[121.65935,25.11773],[121.65928,25.11788],[121.65926,25.11818],[121.65931,25.1184],[121.65916,25.11869],[121.65893,25.11896],[121.65849,25.11935],[121.65827,25.11962],[121.65805,25.11987],[121.65764,25.12036],[121.65755,25.12061],[121.65746,25.12133],[121.65741,25.12195],[121.65726,25.12229],[121.65722,25.12248],[121.65717,25.12334],[121.65699,25.12376],[121.65689,25.12382],[121.65679,25.12393],[121.65658,25.12414],[121.65634,25.12437],[121.6561,25.12462],[121.6559,25.125],[121.65579,25.12532],[121.65578,25.12549],[121.65568,25.12555],[121.65556,25.12554],[121.65548,25.12542],[121.65545,25.12535],[121.65541,25.12521],[121.65536,25.12512],[121.65526,25.12509],[121.65508,25.12513],[121.65491,25.1252],[121.65467,25.12536],[121.65456,25.12545],[121.6544,25.12552],[121.65408,25.12559],[121.65386,25.12564],[121.65364,25.1257],[121.65353,25.12573],[121.6535,25.12577],[121.6535,25.12581],[121.65353,25.12583],[121.65357,25.12584],[121.6537,25.12582],[121.6539,25.12577],[121.65412,25.12572],[121.6543,25.12569],[121.65451,25.12567],[121.65469,25.12572],[121.65482,25.12581],[121.65489,25.1259],[121.6549,25.126],[121.65484,25.12605],[121.65477,25.12604],[121.65459,25.12596],[121.65452,25.12593],[121.65435,25.12591],[121.65425,25.12592],[121.65413,25.12596],[121.65384,25.12608],[121.65361,25.12617],[121.65348,25.12622],[121.65339,25.12623],[121.65322,25.12619],[121.65301,25.12614],[121.65288,25.12613],[121.65263,25.12604],[121.65231,25.12599],[121.6521,25.12598],[121.6519,25.12601],[121.65156,25.12606],[121.65131,25.12608]],[[121.64273,25.14429],[121.64276,25.14421],[121.64281,25.14415]],[[121.66579,25.10817],[121.66574,25.10816]],[[121.63531,25.13865],[121.63565,25.13871],[121.63595,25.13877],[121.63604,25.1388],[121.63611,25.13888],[121.63616,25.13897],[121.63623,25.13921],[121.63629,25.13935],[121.6363,25.13949],[121.63632,25.13954],[121.63636,25.13957],[121.63644,25.13958],[121.63659,25.13957],[121.63677,25.13964],[121.63683,25.13964],[121.63689,25.13962],[121.63701,25.13951],[121.63706,25.13949],[121.63717,25.13948],[121.63726,25.13949],[121.63731,25.13952],[121.63738,25.1396],[121.63743,25.13968],[121.63764,25.14011],[121.63772,25.14019],[121.63786,25.14025],[121.63814,25.14026],[121.63839,25.14025],[121.63865,25.1402],[121.6393,25.14003],[121.63951,25.13995],[121.63962,25.13992],[121.63972,25.13994],[121.63979,25.14],[121.63993,25.14014],[121.63999,25.14019],[121.64007,25.1402],[121.64019,25.14018],[121.64054,25.13994],[121.64067,25.13989],[121.64105,25.13987],[121.6412,25.13982],[121.64145,25.13968],[121.64169,25.13962],[121.64182,25.13956],[121.64192,25.13948],[121.64194,25.1394],[121.64193,25.13934],[121.64188,25.13929],[121.64164,25.13916],[121.64151,25.13913],[121.64131,25.1391],[121.64121,25.13904],[121.64111,25.13888],[121.64104,25.13874],[121.64102,25.1386],[121.64106,25.13851],[121.64111,25.13835],[121.64113,25.13827],[121.64118,25.13812],[121.6413,25.13814],[121.64186,25.13826],[121.64214,25.13833],[121.64228,25.13836],[121.64237,25.13844],[121.64245,25.13862],[121.64252,25.13878],[121.64262,25.13887],[121.64287,25.13904],[121.64299,25.13918],[121.64304,25.13923],[121.64313,25.13922],[121.64323,25.1391],[121.6434,25.13882],[121.64358,25.13865],[121.64372,25.13829],[121.64377,25.13818],[121.64391,25.13796],[121.64396,25.13779],[121.64396,25.13742],[121.64397,25.13735],[121.644,25.13728],[121.64409,25.13731],[121.64419,25.1374],[121.64461,25.13789],[121.64467,25.13793],[121.64477,25.13794],[121.64492,25.13795],[121.64515,25.13808],[121.64523,25.13817],[121.64533,25.13833],[121.64546,25.13842],[121.64562,25.13857],[121.64588,25.13876],[121.6461,25.13893],[121.64614,25.139],[121.64616,25.1391],[121.64617,25.13926],[121.64619,25.13933],[121.64634,25.13951],[121.64641,25.13957],[121.64656,25.13959],[121.6467,25.13957],[121.64672,25.13957]]]}},{"type":"Feature","properties":{"name":"華新二路97巷","base":"華新二路97巷","section":null,"tier":"hard","length_m":1663,"lane":true,"district":"七堵區"},"geometry":{"type":"MultiLineString","coordinates":[[[121.6599,25.11646],[121.6594,25.11651],[121.65897,25.11644],[121.65866,25.11628],[121.6585,25.11618],[121.65814,25.11608],[121.65779,25.11602],[121.65716,25.11588],[121.65682,25.1157],[121.65624,25.11511],[121.65608,25.11496],[121.65574,25.11477],[121.65522,25.11473],[121.65485,25.11453],[121.65433,25.11424]],[[121.65208,25.11362],[121.65199,25.1135],[121.65204,25.11332],[121.65188,25.1132],[121.65138,25.11291],[121.65131,25.11275],[121.65138,25.11256],[121.65149,25.11241],[121.65163,25.11225],[121.65193,25.11206],[121.65212,25.11178],[121.6521,25.11167],[121.65204,25.11167],[121.65173,25.11189],[121.65163,25.11186],[121.65171,25.11175],[121.65199,25.11136],[121.65209,25.11106],[121.652,25.11098],[121.65192,25.111],[121.65143,25.11144],[121.65127,25.11149],[121.65104,25.11143],[121.65075,25.11136],[121.65045,25.11126],[121.65017,25.11105],[121.64993,25.11083],[121.64972,25.11071],[121.64927,25.11063]],[[121.65211,25.11367],[121.65208,25.11362]],[[121.65425,25.1142],[121.6542,25.11417],[121.65359,25.11416],[121.65333,25.11407],[121.65273,25.11399],[121.65211,25.11367]],[[121.65433,25.11424],[121.65425,25.1142]]]}},{"type":"Feature","properties":{"name":"華興街","base":"華興街","section":null,"tier":"hard","length_m":955,"district":"中山區"},"geometry":{"type":"MultiLineString","coordinates":[[[121.73753,25.13951],[121.73689,25.13802],[121.73676,25.1377],[121.73665,25.13742],[121.73654,25.13714],[121.73641,25.13698],[121.73636,25.13696],[121.73622,25.13697],[121.73605,25.13703],[121.73599,25.13706],[121.73594,25.13707],[121.73592,25.13711],[121.7359,25.13714],[121.73588,25.13718],[121.73583,25.13726],[121.73582,25.13731],[121.73582,25.13736],[121.736,25.13775],[121.73615,25.13809],[121.73615,25.13819],[121.73613,25.13824],[121.73598,25.13851],[121.73581,25.1389],[121.73579,25.13899],[121.73579,25.13907],[121.73584,25.13926],[121.73591,25.13951],[121.7359,25.13956],[121.73586,25.13961],[121.73579,25.13965],[121.7357,25.13969],[121.7353,25.13985],[121.73453,25.14009],[121.73424,25.14022],[121.73413,25.14029],[121.73397,25.14048],[121.7335,25.14092],[121.7334,25.14101]]]}},{"type":"Feature","properties":{"name":"西定路","base":"西定路","section":null,"tier":"medium","length_m":1434,"district":"中山區"},"geometry":{"type":"MultiLineString","coordinates":[[[121.72768,25.14072],[121.7275,25.14075],[121.72719,25.1409],[121.72704,25.14097],[121.72697,25.14099],[121.7269,25.14099],[121.72683,25.141],[121.72679,25.141]],[[121.72768,25.14072],[121.72786,25.14052],[121.72818,25.14029],[121.72843,25.14014],[121.72862,25.14],[121.72873,25.13987],[121.72881,25.13976],[121.72895,25.13958],[121.72909,25.13946],[121.72933,25.13927],[121.72937,25.13924],[121.72939,25.13921],[121.72941,25.13918],[121.72957,25.1389],[121.7296,25.13885],[121.72963,25.13881],[121.72966,25.13878],[121.72978,25.13871],[121.72986,25.13868],[121.72996,25.13863],[121.73014,25.13853],[121.73058,25.13822],[121.73064,25.13819],[121.7307,25.13816],[121.73077,25.13813],[121.73085,25.13811],[121.73104,25.13807],[121.73114,25.13804],[121.73123,25.13799],[121.73135,25.13791],[121.73147,25.13782],[121.73162,25.13767],[121.73178,25.13751],[121.73182,25.13747],[121.73202,25.13727],[121.73204,25.13724],[121.73216,25.13713],[121.73221,25.13707],[121.73235,25.13693],[121.73248,25.13677],[121.73253,25.13665],[121.73254,25.1366],[121.73259,25.13649],[121.73261,25.13645],[121.7327,25.1363],[121.73297,25.13597],[121.73334,25.1356],[121.73367,25.13528],[121.73378,25.13517],[121.73387,25.13509],[121.734,25.13498],[121.73424,25.13482],[121.73442,25.13469],[121.73455,25.13457],[121.73467,25.13439],[121.7348,25.13421],[121.73495,25.13398],[121.73501,25.13389],[121.73511,25.13371],[121.73517,25.13355],[121.7352,25.13345],[121.73523,25.13334],[121.73524,25.13324],[121.73525,25.13317],[121.73528,25.13294],[121.7353,25.1328],[121.73534,25.13248],[121.73543,25.13172],[121.73544,25.13163]]]}},{"type":"Feature","properties":{"name":"觀海街","base":"觀海街","section":null,"tier":"hard","length_m":878,"district":"中正區"},"geometry":{"type":"MultiLineString","coordinates":[[[121.79513,25.13632],[121.79524,25.13658],[121.79526,25.13665],[121.79526,25.13671],[121.79524,25.13687],[121.79521,25.13692],[121.79518,25.13696],[121.79513,25.13701],[121.79507,25.13704],[121.7947,25.13716],[121.79362,25.13718],[121.79354,25.13721],[121.79351,25.13727],[121.7935,25.13795],[121.79353,25.13806],[121.79365,25.13812],[121.79469,25.13816],[121.79475,25.1382],[121.79477,25.13823],[121.79478,25.13826],[121.79478,25.13912],[121.79482,25.13928],[121.79484,25.13931],[121.79488,25.13935],[121.79493,25.13937],[121.79498,25.13938],[121.79503,25.13938],[121.79507,25.13937],[121.79509,25.13934],[121.79512,25.13928],[121.79509,25.13861],[121.79512,25.13855],[121.79515,25.13851],[121.79521,25.1385],[121.79527,25.1385],[121.79533,25.13852],[121.79538,25.13854],[121.79541,25.13856],[121.79543,25.13861],[121.79546,25.13884],[121.79546,25.13891],[121.79545,25.13897],[121.79543,25.13903],[121.79537,25.13914],[121.79516,25.13952],[121.79513,25.13968]]]}},{"type":"Feature","properties":{"name":"觀音橋","base":"觀音橋","section":null,"tier":"easy","length_m":8,"district":"中山區"},"geometry":{"type":"MultiLineString","coordinates":[[[121.73497,25.13176],[121.73505,25.13174]]]}},{"type":"Feature","properties":{"name":"調和大橋","base":"調和大橋","section":null,"tier":"hard","length_m":3,"district":"中正區"},"geometry":{"type":"MultiLineString","coordinates":[[[121.79622,25.13646],[121.79621,25.13643]]]}},{"type":"Feature","properties":{"name":"調和街","base":"調和街","section":null,"tier":"hard","length_m":2057,"district":"中正區"},"geometry":{"type":"MultiLineString","coordinates":[[[121.79567,25.13959],[121.79579,25.13914],[121.79603,25.13886],[121.79607,25.13881],[121.7961,25.13877],[121.79615,25.13863],[121.79615,25.13848],[121.79614,25.13826],[121.79614,25.13814],[121.79614,25.13808],[121.79617,25.13798],[121.79624,25.13779]],[[121.7961,25.1359],[121.79609,25.13586],[121.79611,25.13572],[121.79613,25.13562],[121.79617,25.13553],[121.79623,25.13542],[121.79671,25.13474],[121.79695,25.13446],[121.79747,25.13405],[121.7976,25.13392],[121.79774,25.13371],[121.79777,25.13364],[121.79782,25.13356],[121.7983,25.13234],[121.79938,25.13019],[121.79951,25.12985],[121.79957,25.12956],[121.79958,25.1292],[121.79953,25.12887],[121.79941,25.12843],[121.79933,25.12808],[121.79931,25.12797],[121.79929,25.12783],[121.79928,25.12769],[121.79929,25.12754],[121.79932,25.12741],[121.79934,25.12727],[121.79936,25.12721],[121.79947,25.12696],[121.79981,25.12638],[121.79991,25.1262],[121.79995,25.12601],[121.79995,25.12587],[121.79991,25.12568]],[[121.79624,25.13779],[121.79626,25.13799],[121.79624,25.1382],[121.79626,25.13838],[121.79629,25.13848],[121.79636,25.13865],[121.79637,25.13873],[121.7964,25.13884],[121.79624,25.13941],[121.79609,25.13958]],[[121.79624,25.13779],[121.79631,25.13734],[121.79632,25.13706],[121.79631,25.13687],[121.7963,25.1368],[121.79622,25.13646]],[[121.79621,25.13643],[121.79608,25.13597],[121.7961,25.1359]],[[121.79991,25.12568],[121.79984,25.12549],[121.79968,25.12528],[121.79953,25.12513],[121.79935,25.12499],[121.79917,25.12485],[121.79903,25.1247],[121.79896,25.12459],[121.7989,25.12443]]]}},{"type":"Feature","properties":{"name":"調和街226巷","base":"調和街226巷","section":null,"tier":"hard","length_m":93,"lane":true,"district":"中正區"},"geometry":{"type":"MultiLineString","coordinates":[[[121.79938,25.13019],[121.79886,25.1295]]]}},{"type":"Feature","properties":{"name":"調和街266巷","base":"調和街266巷","section":null,"tier":"hard","length_m":576,"lane":true,"district":"中正區"},"geometry":{"type":"MultiLineString","coordinates":[[[121.79753,25.12747],[121.79687,25.12744],[121.79677,25.12761],[121.79668,25.12779],[121.79664,25.12789],[121.79656,25.12811],[121.79665,25.12858],[121.79674,25.12868],[121.7969,25.12871],[121.79697,25.12872],[121.79701,25.12869],[121.79707,25.1285],[121.79721,25.12836],[121.79726,25.12834],[121.79739,25.12831],[121.79755,25.12827],[121.79761,25.12823],[121.7978,25.1281],[121.79787,25.12806],[121.79811,25.12793],[121.79829,25.12783],[121.79834,25.12779]],[[121.79867,25.12774],[121.79866,25.12781],[121.79866,25.12797],[121.79925,25.12797],[121.79931,25.12797]],[[121.79834,25.12779],[121.79846,25.12774],[121.79867,25.12774]],[[121.79866,25.12781],[121.79843,25.12781],[121.79834,25.12779]]]}},{"type":"Feature","properties":{"name":"調和街290巷","base":"調和街290巷","section":null,"tier":"hard","length_m":446,"lane":true,"district":"中正區"},"geometry":{"type":"MultiLineString","coordinates":[[[121.7957,25.12672],[121.7958,25.12674],[121.79599,25.12681],[121.79617,25.12681],[121.79634,25.12677],[121.79669,25.12667],[121.79702,25.12657],[121.79732,25.12648],[121.79766,25.12638],[121.79835,25.12617],[121.79901,25.12596],[121.79991,25.12568]]]}},{"type":"Feature","properties":{"name":"豐年橋","base":"豐年橋","section":null,"tier":"hard","length_m":8,"district":"七堵區"},"geometry":{"type":"MultiLineString","coordinates":[[[121.64672,25.13957],[121.6468,25.13956]]]}},{"type":"Feature","properties":{"name":"豐稔街","base":"豐稔街","section":null,"tier":"hard","length_m":957,"district":"中正區"},"geometry":{"type":"MultiLineString","coordinates":[[[121.76012,25.13503],[121.76012,25.1351],[121.7601,25.13521],[121.76008,25.13529],[121.76005,25.13538],[121.76001,25.13542],[121.75997,25.13545],[121.75993,25.13547],[121.75988,25.13549],[121.75983,25.13551],[121.75958,25.13557],[121.75949,25.13563],[121.75945,25.13569],[121.75943,25.13577],[121.75943,25.13586],[121.75947,25.13594],[121.75953,25.13599],[121.75961,25.13603],[121.75984,25.13608],[121.75991,25.13614],[121.75994,25.13621],[121.75995,25.13629],[121.75998,25.13664],[121.75999,25.13675],[121.75998,25.13707],[121.75997,25.13716],[121.75995,25.13725],[121.75979,25.13759],[121.75977,25.13767],[121.75978,25.13774],[121.75983,25.1378],[121.7599,25.13785],[121.75999,25.13787],[121.76063,25.13788],[121.7607,25.13789],[121.76079,25.13792],[121.76086,25.13797],[121.76092,25.13803],[121.76099,25.13814],[121.76128,25.13889],[121.76137,25.13915],[121.76141,25.13928],[121.76142,25.1394],[121.76141,25.1395],[121.76139,25.13968],[121.76132,25.13987],[121.76126,25.14003],[121.76119,25.14021],[121.76107,25.14055],[121.76105,25.1406],[121.76092,25.14094]],[[121.76092,25.14094],[121.76077,25.14134],[121.76065,25.14164],[121.76052,25.14193]]]}},{"type":"Feature","properties":{"name":"財鼠橋","base":"財鼠橋","section":null,"tier":"hard","length_m":39,"district":"信義區"},"geometry":{"type":"MultiLineString","coordinates":[[[121.76023,25.12823],[121.7602,25.12849],[121.76019,25.12858]]]}},{"type":"Feature","properties":{"name":"通仁街","base":"通仁街","section":null,"tier":"hard","length_m":1277,"district":"中山區"},"geometry":{"type":"MultiLineString","coordinates":[[[121.73871,25.14549],[121.73861,25.14554],[121.73853,25.14557],[121.73839,25.1457],[121.73817,25.14586],[121.73807,25.14588],[121.73796,25.14585],[121.73785,25.14582],[121.73726,25.14563],[121.73718,25.14561],[121.73667,25.14545],[121.73657,25.14542],[121.73634,25.14525],[121.73586,25.14503],[121.73562,25.14498],[121.7353,25.14489],[121.7352,25.14479],[121.73487,25.14455],[121.73471,25.14437],[121.73466,25.1443],[121.73466,25.14421],[121.73468,25.14408],[121.73466,25.14398],[121.73464,25.14391],[121.73459,25.14387],[121.73444,25.14379],[121.73416,25.14377],[121.73402,25.1438],[121.73395,25.1439],[121.73384,25.14423],[121.73376,25.14444],[121.73371,25.14454],[121.73365,25.1446],[121.73357,25.14463],[121.73344,25.14466]],[[121.7334,25.14101],[121.73329,25.14137],[121.73327,25.14146],[121.73327,25.14151],[121.73333,25.14158],[121.73373,25.14188],[121.7338,25.14196],[121.73382,25.14201],[121.7338,25.14206],[121.73379,25.14214],[121.73379,25.14223],[121.73384,25.14236],[121.73394,25.14255],[121.73396,25.14265],[121.73394,25.14274],[121.73389,25.1428],[121.73385,25.14286],[121.73381,25.14288],[121.73374,25.14287],[121.73361,25.14282],[121.73346,25.1427],[121.73321,25.14261],[121.73308,25.1426],[121.73299,25.14262],[121.73298,25.14265],[121.73296,25.14272],[121.733,25.14295],[121.73301,25.14313],[121.73315,25.14332],[121.73325,25.14346],[121.73329,25.14362],[121.73329,25.14373],[121.73332,25.14382],[121.7334,25.14394],[121.73346,25.14412],[121.73347,25.1444],[121.73346,25.14453],[121.73344,25.14466]]]}},{"type":"Feature","properties":{"name":"通明街","base":"通明街","section":null,"tier":"hard","length_m":528,"district":"中山區"},"geometry":{"type":"MultiLineString","coordinates":[[[121.7393,25.14676],[121.73907,25.14672],[121.73884,25.14679],[121.73868,25.14692],[121.7386,25.14711],[121.73865,25.14738],[121.73875,25.14763],[121.73886,25.14779],[121.73887,25.14794],[121.73886,25.14826],[121.73896,25.14869],[121.73912,25.14894],[121.73931,25.1492],[121.7394,25.14937],[121.73943,25.14949],[121.73943,25.14966],[121.7394,25.14994],[121.73946,25.15013],[121.73944,25.1503],[121.73933,25.15043],[121.73919,25.15071],[121.73916,25.15078]]]}},{"type":"Feature","properties":{"name":"逢甲路","base":"逢甲路","section":null,"tier":"medium","length_m":1055,"district":"中正區"},"geometry":{"type":"MultiLineString","coordinates":[[[121.79768,25.11989],[121.79779,25.11987],[121.79783,25.11986],[121.79816,25.11979],[121.79829,25.11975],[121.79835,25.11974],[121.79854,25.11965],[121.79876,25.11947],[121.79893,25.11927],[121.799,25.11911],[121.79901,25.11899],[121.79901,25.11887],[121.79895,25.11862],[121.7989,25.11849],[121.79878,25.11833],[121.79833,25.11787],[121.79823,25.11771],[121.79819,25.11759],[121.79814,25.11734],[121.79813,25.11709]],[[121.79758,25.11772],[121.79784,25.11764]],[[121.7989,25.12443],[121.79885,25.1242],[121.79881,25.12396],[121.79876,25.12379],[121.79869,25.12366],[121.79856,25.12353],[121.79843,25.1234],[121.79811,25.12312],[121.79801,25.123],[121.79797,25.12295],[121.79792,25.12287],[121.79789,25.12274],[121.79787,25.12261],[121.79791,25.12173],[121.79785,25.12091],[121.79771,25.12009],[121.7977,25.12],[121.79768,25.11989]],[[121.79813,25.1167],[121.79814,25.11637]],[[121.79813,25.11709],[121.79813,25.1168]]]}},{"type":"Feature","properties":{"name":"過港路","base":"過港路","section":null,"tier":"medium","length_m":1075,"district":"暖暖區"},"geometry":{"type":"MultiLineString","coordinates":[[[121.73361,25.11025],[121.73365,25.11019],[121.73394,25.10975],[121.734,25.10965],[121.73405,25.10956],[121.73413,25.10934],[121.73421,25.10915],[121.73426,25.10908],[121.73429,25.10903],[121.73439,25.10891],[121.73457,25.10873],[121.73482,25.10848],[121.73501,25.10834],[121.7352,25.10819],[121.73542,25.10803],[121.73558,25.10787],[121.73595,25.10742],[121.73612,25.1072],[121.73638,25.10678],[121.73677,25.10605],[121.73689,25.10586],[121.73702,25.1057],[121.73731,25.10545],[121.73741,25.10536],[121.73744,25.10534],[121.73761,25.10519],[121.73802,25.10485],[121.73836,25.10459],[121.73905,25.1043],[121.73972,25.10405],[121.74021,25.10387],[121.74028,25.10383],[121.74036,25.10378],[121.74042,25.10372],[121.74047,25.10367],[121.7405,25.10361],[121.74052,25.10351],[121.74051,25.10342],[121.74049,25.10336]]]}},{"type":"Feature","properties":{"name":"過港路10巷","base":"過港路10巷","section":null,"tier":"hard","length_m":604,"lane":true,"district":"暖暖區"},"geometry":{"type":"MultiLineString","coordinates":[[[121.7405,25.10361],[121.7408,25.10362],[121.7409,25.10365],[121.74099,25.10373],[121.74107,25.10387],[121.74105,25.10402],[121.74097,25.10419],[121.74089,25.10437],[121.74082,25.10446],[121.74111,25.10458],[121.74131,25.10465],[121.74146,25.1047],[121.74157,25.10468],[121.74216,25.10443],[121.7423,25.10442],[121.74241,25.10445],[121.74248,25.10447],[121.74257,25.10458],[121.74259,25.10466],[121.74257,25.10475],[121.74253,25.10487],[121.74241,25.10498],[121.74199,25.10524],[121.74188,25.10533],[121.74189,25.10541],[121.74194,25.10545],[121.74212,25.10553],[121.74236,25.10564],[121.74257,25.10573],[121.7428,25.10583],[121.74306,25.10593],[121.74309,25.10597],[121.74309,25.10601]]]}},{"type":"Feature","properties":{"name":"鄉友街","base":"鄉友街","section":null,"tier":"hard","length_m":461,"district":"七堵區"},"geometry":{"type":"MultiLineString","coordinates":[[[121.66962,25.08205],[121.66968,25.08209],[121.67021,25.08241],[121.67056,25.08264],[121.67074,25.08275],[121.67082,25.08284],[121.67094,25.08295],[121.67162,25.08331],[121.67208,25.08359],[121.67231,25.08369],[121.67259,25.0838],[121.67284,25.08391],[121.67308,25.08401],[121.67324,25.0841],[121.67326,25.08412],[121.67329,25.08414],[121.67332,25.08417],[121.67336,25.08432]]]}},{"type":"Feature","properties":{"name":"金華街","base":"金華街","section":null,"tier":"hard","length_m":763,"district":"暖暖區"},"geometry":{"type":"MultiLineString","coordinates":[[[121.72669,25.11035],[121.72694,25.11016]],[[121.72779,25.10946],[121.72809,25.10921]],[[121.72809,25.10921],[121.72801,25.10913],[121.72784,25.10898],[121.72776,25.10886],[121.72769,25.10877],[121.7276,25.10866],[121.72761,25.10857],[121.72747,25.10849],[121.72746,25.10844],[121.72766,25.10826]],[[121.73018,25.11046],[121.7306,25.11058],[121.73086,25.11065],[121.73092,25.11067],[121.73096,25.11071],[121.73103,25.11081],[121.73107,25.11085],[121.73113,25.11089],[121.7312,25.11091],[121.73126,25.11092],[121.73132,25.11092],[121.73139,25.1109],[121.73145,25.11088],[121.73162,25.11077],[121.73188,25.11059],[121.73197,25.11052],[121.73224,25.11017],[121.73229,25.11],[121.73229,25.10995],[121.73227,25.10991],[121.73221,25.10988],[121.73167,25.10965],[121.73162,25.10962],[121.73157,25.10957],[121.73157,25.10953],[121.7316,25.10948],[121.73164,25.10946],[121.73169,25.10944],[121.73175,25.10945],[121.73236,25.10976],[121.7324,25.10978],[121.73245,25.10978],[121.73248,25.10977],[121.73252,25.10974],[121.73258,25.10967]],[[121.72988,25.11039],[121.73018,25.11046]],[[121.73258,25.10967],[121.7326,25.10961]],[[121.72809,25.10921],[121.72825,25.10928]]]}},{"type":"Feature","properties":{"name":"金雞橋","base":"金雞橋","section":null,"tier":"hard","length_m":49,"district":"中正區"},"geometry":{"type":"MultiLineString","coordinates":[[[121.74472,25.13006],[121.74479,25.13016],[121.74492,25.13035],[121.74499,25.13043]]]}},{"type":"Feature","properties":{"name":"銀蛇橋","base":"銀蛇橋","section":null,"tier":"hard","length_m":51,"district":"仁愛區"},"geometry":{"type":"MultiLineString","coordinates":[[[121.75099,25.12857],[121.75098,25.12847],[121.75096,25.12823],[121.75094,25.12811]]]}},{"type":"Feature","properties":{"name":"長安街","base":"長安街","section":null,"tier":"hard","length_m":1164,"district":"七堵區","area":"六堵"},"geometry":{"type":"MultiLineString","coordinates":[[[121.68943,25.07778],[121.68947,25.07771],[121.68958,25.07754],[121.68968,25.07748],[121.68982,25.07747],[121.69037,25.07752],[121.6906,25.07754],[121.69073,25.07754],[121.69079,25.07754],[121.69084,25.07751],[121.69098,25.07739],[121.69105,25.07735],[121.69112,25.07733],[121.69226,25.07708],[121.69283,25.07695],[121.69308,25.07687],[121.69334,25.07677],[121.6935,25.07665],[121.69389,25.0763],[121.69419,25.07603],[121.69445,25.07586],[121.69493,25.07548],[121.69508,25.07537],[121.69526,25.07531],[121.69559,25.07519],[121.696,25.07507],[121.6961,25.07509],[121.69642,25.07519],[121.6965,25.07516],[121.69665,25.07509],[121.69685,25.07493],[121.69694,25.07484],[121.69713,25.07461],[121.69733,25.07438],[121.69737,25.0743],[121.69758,25.0741],[121.69768,25.07398],[121.69778,25.07386],[121.69787,25.07375],[121.69792,25.07368],[121.69796,25.07359],[121.698,25.07348],[121.69802,25.07331],[121.69806,25.07318],[121.69804,25.07307]],[[121.69687,25.07259],[121.69679,25.07255],[121.69662,25.0725],[121.69632,25.07242]]]}},{"type":"Feature","properties":{"name":"長安街231巷","base":"長安街231巷","section":null,"tier":"hard","length_m":283,"lane":true,"district":"七堵區","area":"六堵"},"geometry":{"type":"MultiLineString","coordinates":[[[121.69642,25.07519],[121.69656,25.07527],[121.69688,25.07546],[121.69694,25.07552],[121.69699,25.07556],[121.69706,25.07561],[121.69713,25.07565],[121.69728,25.07572],[121.69737,25.07576],[121.69747,25.0758],[121.6976,25.07582],[121.69771,25.07585],[121.69792,25.07593],[121.69796,25.07592],[121.69801,25.07583],[121.69809,25.0756],[121.69815,25.07545],[121.69849,25.07514]]]}},{"type":"Feature","properties":{"name":"長安街251巷","base":"長安街251巷","section":null,"tier":"hard","length_m":135,"lane":true,"district":"七堵區"},"geometry":{"type":"MultiLineString","coordinates":[[[121.69804,25.07307],[121.698,25.07296],[121.69794,25.07291],[121.69699,25.07266],[121.69687,25.07259]]]}},{"type":"Feature","properties":{"name":"長泰產業道路","base":"長泰產業道路","section":null,"tier":"hard","length_m":1579,"district":"七堵區"},"geometry":{"type":"MultiLineString","coordinates":[[[121.72073,25.09046],[121.72081,25.09012],[121.72084,25.08987],[121.72083,25.0898],[121.7208,25.08966],[121.72077,25.08949],[121.72066,25.08937],[121.72056,25.0893],[121.72046,25.08926],[121.72036,25.08926],[121.72028,25.0893],[121.72022,25.08939],[121.72021,25.08944],[121.72027,25.08975],[121.72025,25.08986],[121.72022,25.08992],[121.72013,25.09001],[121.71995,25.09005],[121.71966,25.09007],[121.71957,25.09006],[121.71938,25.08997],[121.71926,25.08995],[121.71919,25.08997],[121.71888,25.09017],[121.71872,25.09022],[121.71862,25.0902],[121.71859,25.0902],[121.71851,25.09015],[121.71847,25.0901],[121.71832,25.08977],[121.71819,25.08949],[121.71813,25.0893],[121.71809,25.0891],[121.71804,25.08905],[121.71798,25.08902],[121.71792,25.08902],[121.71754,25.08913],[121.71747,25.08914],[121.71738,25.08913],[121.71732,25.0891],[121.71721,25.08891],[121.71712,25.08879],[121.71708,25.08876],[121.71699,25.08875],[121.71675,25.08876],[121.7167,25.08875],[121.71664,25.08869],[121.71662,25.08862],[121.71662,25.08849],[121.71669,25.08822],[121.71672,25.08815],[121.71696,25.08788],[121.71713,25.08749],[121.71712,25.08741],[121.7171,25.08736],[121.71696,25.08722],[121.71664,25.08699],[121.71641,25.08685],[121.71625,25.08673],[121.71612,25.08666],[121.71588,25.08657],[121.71549,25.08627],[121.71505,25.08601],[121.71484,25.0859],[121.71443,25.08572],[121.71408,25.0856],[121.71378,25.08547],[121.71342,25.08535],[121.71307,25.08527]],[[121.71298,25.08525],[121.71278,25.0852],[121.71247,25.08516],[121.71202,25.08515],[121.71193,25.08516],[121.71188,25.08519],[121.71184,25.08525],[121.71178,25.08542],[121.71175,25.08548],[121.7117,25.08553],[121.7113,25.08572]],[[121.71307,25.08527],[121.71298,25.08525]]]}},{"type":"Feature","properties":{"name":"長興地下道","base":"長興地下道","section":null,"tier":"hard","length_m":198,"district":"七堵區"},"geometry":{"type":"MultiLineString","coordinates":[[[121.71488,25.09343],[121.71374,25.09485]],[[121.7149,25.09341],[121.71488,25.09343]]]}},{"type":"Feature","properties":{"name":"開元路","base":"開元路","section":null,"tier":"hard","length_m":350,"district":"七堵區","area":"六堵"},"geometry":{"type":"MultiLineString","coordinates":[[[121.71376,25.09623],[121.71306,25.09599],[121.71202,25.09558],[121.71061,25.09504],[121.71055,25.09504]]]}},{"type":"Feature","properties":{"name":"雙龍橋","base":"雙龍橋","section":null,"tier":"hard","length_m":25,"district":"暖暖區"},"geometry":{"type":"MultiLineString","coordinates":[[[121.73414,25.09637],[121.7339,25.09632]]]}},{"type":"Feature","properties":{"name":"青嵐橋","base":"青嵐橋","section":null,"tier":"hard","length_m":18,"district":"七堵區"},"geometry":{"type":"MultiLineString","coordinates":[[[121.6881,25.11147],[121.68824,25.11137]]]}},{"type":"Feature","properties":{"name":"鴛鴦橋","base":"鴛鴦橋","section":null,"tier":"hard","length_m":28,"district":"七堵區"},"geometry":{"type":"MultiLineString","coordinates":[[[121.68875,25.1106],[121.68897,25.11075]]]}},{"type":"Feature","properties":{"name":"鹿竂橋","base":"鹿竂橋","section":null,"tier":"hard","length_m":21,"district":"七堵區"},"geometry":{"type":"MultiLineString","coordinates":[[[121.66559,25.10267],[121.66579,25.10272]]]}},{"type":"Feature","properties":{"name":"麥金路","base":"麥金路","section":null,"tier":"medium","length_m":3531,"district":"安樂區"},"geometry":{"type":"MultiLineString","coordinates":[[[121.71965,25.13235],[121.72011,25.13285],[121.72033,25.13307],[121.72087,25.13352],[121.72093,25.13362],[121.72096,25.13373],[121.72097,25.13385],[121.72095,25.13397],[121.72088,25.13438],[121.72089,25.13454],[121.72091,25.13465],[121.72098,25.13476],[121.72103,25.13484],[121.72109,25.1349],[121.72137,25.13516]],[[121.72786,25.11479],[121.72845,25.11445],[121.72858,25.11437],[121.72865,25.11432]],[[121.72167,25.13566],[121.72163,25.13565],[121.72161,25.13563],[121.7216,25.13561],[121.72159,25.13555],[121.72158,25.1354],[121.72149,25.13524]],[[121.72865,25.11432],[121.72871,25.11428],[121.72873,25.11427]],[[121.72464,25.11818],[121.72486,25.11809],[121.72542,25.11785],[121.72561,25.11772],[121.72579,25.11753],[121.72593,25.11724],[121.726,25.11702],[121.72613,25.11665],[121.72632,25.11623],[121.72641,25.1161],[121.72658,25.11584]],[[121.71975,25.12804],[121.71973,25.12801],[121.7196,25.12781],[121.71954,25.12771],[121.71948,25.12756],[121.71941,25.12741],[121.71939,25.12732],[121.71932,25.12707],[121.71918,25.12652],[121.71916,25.12635],[121.71916,25.12625],[121.71918,25.12616],[121.71921,25.12605],[121.71924,25.12599],[121.71933,25.12579],[121.71934,25.12577],[121.71939,25.12567],[121.71945,25.12555],[121.7195,25.12547],[121.71952,25.12543],[121.71984,25.12483],[121.71986,25.1248],[121.71988,25.12475],[121.71993,25.12466],[121.72001,25.12451],[121.72003,25.12448],[121.72004,25.12445],[121.72007,25.1244],[121.72013,25.12431],[121.72017,25.12427],[121.72021,25.12424],[121.72031,25.12419],[121.72043,25.12414]],[[121.72908,25.11406],[121.72918,25.11398]],[[121.72873,25.11427],[121.72908,25.11406]],[[121.72918,25.11398],[121.72928,25.11391],[121.72938,25.1139]],[[121.72162,25.13533],[121.72174,25.13553],[121.72175,25.13557],[121.72175,25.13561],[121.72172,25.13565]],[[121.72149,25.13524],[121.72162,25.13533]],[[121.72137,25.13516],[121.72149,25.13524]],[[121.72928,25.11406],[121.72908,25.11406]],[[121.72943,25.11399],[121.7294,25.11402],[121.72928,25.11406]],[[121.72938,25.1139],[121.72945,25.11393]],[[121.72938,25.1139],[121.7294,25.11392],[121.72943,25.11396],[121.72943,25.11399]],[[121.72945,25.11393],[121.72943,25.11399]],[[121.72918,25.11398],[121.72925,25.1139],[121.72929,25.11383],[121.72932,25.11372],[121.72933,25.11357]],[[121.72945,25.11385],[121.72945,25.11393]],[[121.71946,25.13213],[121.71945,25.13211],[121.71933,25.13197],[121.71925,25.13184],[121.71916,25.13167],[121.71911,25.13142],[121.71909,25.13104],[121.71911,25.13081],[121.71924,25.13059],[121.71949,25.13034],[121.71998,25.13],[121.72009,25.12986],[121.72024,25.12964],[121.72027,25.12953],[121.72028,25.12934],[121.72028,25.12903],[121.72027,25.12888],[121.72023,25.12869],[121.72018,25.12859],[121.72012,25.1285],[121.72003,25.12838]],[[121.71996,25.12831],[121.71988,25.1282],[121.71984,25.12815],[121.71975,25.12804]],[[121.72709,25.11535],[121.72753,25.11502],[121.72786,25.11479]],[[121.72003,25.12838],[121.71996,25.12831]],[[121.72262,25.1201],[121.72278,25.11998],[121.72293,25.11982],[121.72313,25.11957],[121.72332,25.11932],[121.72351,25.11909],[121.72374,25.11887],[121.72387,25.11877],[121.72422,25.11847],[121.72449,25.11827],[121.72464,25.11818]],[[121.72254,25.12015],[121.72262,25.1201]],[[121.72043,25.12414],[121.72057,25.12409]],[[121.72057,25.12409],[121.72067,25.12401],[121.72114,25.12385],[121.7214,25.12372],[121.72149,25.12362],[121.72152,25.12356],[121.72155,25.12351],[121.72156,25.12348],[121.72156,25.12344],[121.72156,25.12331],[121.72151,25.12312],[121.72147,25.12297],[121.72137,25.12261],[121.72137,25.12238]],[[121.72137,25.12238],[121.72141,25.12245],[121.72149,25.12259],[121.72157,25.12285],[121.7216,25.12295],[121.72167,25.12329],[121.72168,25.12345],[121.72166,25.12352],[121.72165,25.12355],[121.72158,25.12369],[121.72141,25.12385],[121.72118,25.12395],[121.72073,25.1241],[121.72057,25.12409]],[[121.72137,25.12238],[121.72136,25.12225],[121.72138,25.12206],[121.72161,25.12155],[121.72166,25.12144],[121.72169,25.12138],[121.72172,25.12133],[121.72176,25.12123],[121.72178,25.12118],[121.72185,25.12101],[121.72193,25.12082],[121.72195,25.12076]],[[121.72254,25.12015],[121.7225,25.12022],[121.72236,25.12032],[121.72213,25.12049],[121.72204,25.12052]],[[121.72209,25.12042],[121.72246,25.12016],[121.72254,25.12015]],[[121.72195,25.12076],[121.72198,25.12068],[121.72201,25.12059],[121.72204,25.12052]],[[121.72204,25.12052],[121.72205,25.12046],[121.72209,25.12042]],[[121.72658,25.11584],[121.72692,25.1155],[121.72709,25.11535]]]}},{"type":"Feature","properties":{"name":"麥金路3巷","base":"麥金路3巷","section":null,"tier":"hard","length_m":1894,"lane":true,"district":"七堵區"},"geometry":{"type":"MultiLineString","coordinates":[[[121.71602,25.11953],[121.71643,25.11874],[121.71647,25.1186],[121.71646,25.11841],[121.71645,25.11783],[121.71641,25.11712],[121.7164,25.11648],[121.71646,25.11637],[121.71657,25.11626],[121.71682,25.11622],[121.71784,25.11622],[121.71849,25.11591],[121.71893,25.11564],[121.71906,25.11551],[121.71917,25.11521],[121.71921,25.11431],[121.71927,25.11414],[121.71942,25.11398],[121.72081,25.11258],[121.72102,25.11244],[121.72132,25.11236],[121.72318,25.11205],[121.72347,25.11207],[121.72371,25.11216],[121.72391,25.11229],[121.7241,25.11244],[121.7242,25.11261],[121.72425,25.11286],[121.72425,25.11343],[121.72428,25.11364],[121.72433,25.11381],[121.72492,25.11495],[121.72519,25.11531],[121.72614,25.11613],[121.72632,25.11623]]]}},{"type":"Feature","properties":{"name":"龍安橋","base":"龍安橋","section":null,"tier":"hard","length_m":31,"district":"信義區"},"geometry":{"type":"MultiLineString","coordinates":[[[121.79524,25.1129],[121.79495,25.113]]]}},{"type":"Feature","properties":{"name":"龍安街","base":"龍安街","section":null,"tier":"hard","length_m":43,"district":"仁愛區"},"geometry":{"type":"MultiLineString","coordinates":[[[121.74169,25.11405],[121.74165,25.11411],[121.74165,25.11415],[121.74183,25.11437]]]}},{"type":"Feature","properties":{"name":"龍潭一號橋","base":"龍潭一號橋","section":null,"tier":"medium","length_m":11,"district":"信義區"},"geometry":{"type":"MultiLineString","coordinates":[[[121.79813,25.1168],[121.79813,25.1167]]]}},{"type":"Feature","properties":{"name":"龍潭二號橋","base":"龍潭二號橋","section":null,"tier":"medium","length_m":13,"district":"信義區"},"geometry":{"type":"MultiLineString","coordinates":[[[121.79814,25.11637],[121.79814,25.11625]]]}},{"type":"Feature","properties":{"name":"𫙮魚坑路過港巷","base":"𫙮魚坑路過港巷","section":null,"tier":"hard","length_m":1962,"lane":true,"district":"信義區"},"geometry":{"type":"MultiLineString","coordinates":[[[121.79495,25.113],[121.79468,25.11309],[121.7944,25.11315],[121.794,25.11319],[121.79375,25.11319],[121.79261,25.11306],[121.79246,25.11302],[121.79218,25.11295],[121.79199,25.11292],[121.79175,25.11293],[121.79146,25.1129],[121.7911,25.1128],[121.79073,25.11268],[121.79035,25.11253],[121.79,25.11233],[121.78982,25.11221],[121.78855,25.11133],[121.78785,25.11084],[121.78711,25.11027],[121.78687,25.11005],[121.78661,25.10974],[121.78634,25.10936],[121.78606,25.10888],[121.78567,25.10812],[121.78522,25.10716],[121.78497,25.10669],[121.78476,25.10633],[121.78449,25.10595],[121.78413,25.10554],[121.78401,25.10544],[121.78343,25.10485],[121.78333,25.10475],[121.78332,25.10465],[121.78334,25.10456],[121.78346,25.10437],[121.78359,25.10419],[121.78364,25.1041],[121.78364,25.10402],[121.78358,25.10378],[121.78351,25.10352],[121.78352,25.1034],[121.78357,25.10327],[121.78367,25.10313],[121.78376,25.10299],[121.78379,25.10283],[121.78377,25.10273],[121.7837,25.10266],[121.78341,25.10235],[121.78321,25.10219],[121.78305,25.10207]]]}}]}